[0.073s] DEBUG:colcon:Command line arguments: ['/usr/bin/colcon', 'build']
[0.073s] DEBUG:colcon:Parsed command line arguments: Namespace(log_base=None, log_level=None, verb_name='build', build_base='build', install_base='install', merge_install=False, symlink_install=False, test_result_base=None, continue_on_error=False, executor='parallel', parallel_workers=16, event_handlers=None, ignore_user_meta=False, metas=['./colcon.meta'], base_paths=['.'], packages_ignore=None, packages_ignore_regex=None, paths=None, packages_up_to=None, packages_up_to_regex=None, packages_above=None, packages_above_and_dependencies=None, packages_above_depth=None, packages_select_by_dep=None, packages_skip_by_dep=None, packages_skip_up_to=None, packages_select_build_failed=False, packages_skip_build_finished=False, packages_select_test_failures=False, packages_skip_test_passed=False, packages_select=None, packages_skip=None, packages_select_regex=None, packages_skip_regex=None, packages_start=None, packages_end=None, cmake_args=None, cmake_target=None, cmake_target_skip_unavailable=False, cmake_clean_cache=False, cmake_clean_first=False, cmake_force_configure=False, ament_cmake_args=None, catkin_cmake_args=None, catkin_skip_building_tests=False, mixin_files=None, mixin=None, verb_parser=<colcon_mixin.mixin.mixin_argument.MixinArgumentDecorator object at 0x7a4dee2110a0>, verb_extension=<colcon_core.verb.build.BuildVerb object at 0x7a4dee210e00>, main=<bound method BuildVerb.main of <colcon_core.verb.build.BuildVerb object at 0x7a4dee210e00>>, mixin_verb=('build',))
[0.098s] Level 1:colcon.colcon_core.package_discovery:discover_packages(colcon_meta) check parameters
[0.098s] INFO:colcon.colcon_metadata.package_discovery.colcon_meta:Using configuration from '/root/.colcon/metadata/default/Gazebo.meta'
[0.098s] INFO:colcon.colcon_metadata.package_discovery.colcon_meta:Using configuration from '/root/.colcon/metadata/default/fastdds.meta'
[0.099s] INFO:colcon.colcon_metadata.package_discovery.colcon_meta:Using configuration from '/root/.colcon/metadata/default/fastrtps.meta'
[0.099s] Level 1:colcon.colcon_core.package_discovery:discover_packages(recursive) check parameters
[0.099s] Level 1:colcon.colcon_core.package_discovery:discover_packages(ignore) check parameters
[0.099s] Level 1:colcon.colcon_core.package_discovery:discover_packages(path) check parameters
[0.099s] Level 1:colcon.colcon_core.package_discovery:discover_packages(colcon_meta) discover
[0.099s] Level 1:colcon.colcon_core.package_discovery:discover_packages(recursive) discover
[0.099s] INFO:colcon.colcon_core.package_discovery:Crawling recursively for packages in '/root/ros_ws'
[0.099s] Level 1:colcon.colcon_core.package_identification:_identify(.) by extensions ['ignore', 'ignore_ament_install']
[0.099s] Level 1:colcon.colcon_core.package_identification:_identify(.) by extension 'ignore'
[0.099s] Level 1:colcon.colcon_core.package_identification:_identify(.) by extension 'ignore_ament_install'
[0.099s] Level 1:colcon.colcon_core.package_identification:_identify(.) by extensions ['colcon_pkg']
[0.099s] Level 1:colcon.colcon_core.package_identification:_identify(.) by extension 'colcon_pkg'
[0.099s] Level 1:colcon.colcon_core.package_identification:_identify(.) by extensions ['colcon_meta']
[0.099s] Level 1:colcon.colcon_core.package_identification:_identify(.) by extension 'colcon_meta'
[0.099s] Level 1:colcon.colcon_core.package_identification:_identify(.) by extensions ['ros']
[0.099s] Level 1:colcon.colcon_core.package_identification:_identify(.) by extension 'ros'
[0.115s] Level 1:colcon.colcon_core.package_identification:_identify(.) by extensions ['cmake', 'python']
[0.115s] Level 1:colcon.colcon_core.package_identification:_identify(.) by extension 'cmake'
[0.115s] Level 1:colcon.colcon_core.package_identification:_identify(.) by extension 'python'
[0.115s] Level 1:colcon.colcon_core.package_identification:_identify(.) by extensions ['python_setup_py']
[0.115s] Level 1:colcon.colcon_core.package_identification:_identify(.) by extension 'python_setup_py'
[0.115s] Level 1:colcon.colcon_core.package_identification:_identify(build) by extensions ['ignore', 'ignore_ament_install']
[0.115s] Level 1:colcon.colcon_core.package_identification:_identify(build) by extension 'ignore'
[0.115s] Level 1:colcon.colcon_core.package_identification:_identify(build) ignored
[0.115s] Level 1:colcon.colcon_core.package_identification:_identify(debug_logs) by extensions ['ignore', 'ignore_ament_install']
[0.116s] Level 1:colcon.colcon_core.package_identification:_identify(debug_logs) by extension 'ignore'
[0.116s] Level 1:colcon.colcon_core.package_identification:_identify(debug_logs) by extension 'ignore_ament_install'
[0.116s] Level 1:colcon.colcon_core.package_identification:_identify(debug_logs) by extensions ['colcon_pkg']
[0.116s] Level 1:colcon.colcon_core.package_identification:_identify(debug_logs) by extension 'colcon_pkg'
[0.116s] Level 1:colcon.colcon_core.package_identification:_identify(debug_logs) by extensions ['colcon_meta']
[0.116s] Level 1:colcon.colcon_core.package_identification:_identify(debug_logs) by extension 'colcon_meta'
[0.116s] Level 1:colcon.colcon_core.package_identification:_identify(debug_logs) by extensions ['ros']
[0.116s] Level 1:colcon.colcon_core.package_identification:_identify(debug_logs) by extension 'ros'
[0.116s] Level 1:colcon.colcon_core.package_identification:_identify(debug_logs) by extensions ['cmake', 'python']
[0.116s] Level 1:colcon.colcon_core.package_identification:_identify(debug_logs) by extension 'cmake'
[0.116s] Level 1:colcon.colcon_core.package_identification:_identify(debug_logs) by extension 'python'
[0.116s] Level 1:colcon.colcon_core.package_identification:_identify(debug_logs) by extensions ['python_setup_py']
[0.116s] Level 1:colcon.colcon_core.package_identification:_identify(debug_logs) by extension 'python_setup_py'
[0.116s] Level 1:colcon.colcon_core.package_identification:_identify(frames_view) by extensions ['ignore', 'ignore_ament_install']
[0.116s] Level 1:colcon.colcon_core.package_identification:_identify(frames_view) by extension 'ignore'
[0.116s] Level 1:colcon.colcon_core.package_identification:_identify(frames_view) by extension 'ignore_ament_install'
[0.116s] Level 1:colcon.colcon_core.package_identification:_identify(frames_view) by extensions ['colcon_pkg']
[0.116s] Level 1:colcon.colcon_core.package_identification:_identify(frames_view) by extension 'colcon_pkg'
[0.116s] Level 1:colcon.colcon_core.package_identification:_identify(frames_view) by extensions ['colcon_meta']
[0.116s] Level 1:colcon.colcon_core.package_identification:_identify(frames_view) by extension 'colcon_meta'
[0.116s] Level 1:colcon.colcon_core.package_identification:_identify(frames_view) by extensions ['ros']
[0.116s] Level 1:colcon.colcon_core.package_identification:_identify(frames_view) by extension 'ros'
[0.116s] Level 1:colcon.colcon_core.package_identification:_identify(frames_view) by extensions ['cmake', 'python']
[0.116s] Level 1:colcon.colcon_core.package_identification:_identify(frames_view) by extension 'cmake'
[0.116s] Level 1:colcon.colcon_core.package_identification:_identify(frames_view) by extension 'python'
[0.116s] Level 1:colcon.colcon_core.package_identification:_identify(frames_view) by extensions ['python_setup_py']
[0.116s] Level 1:colcon.colcon_core.package_identification:_identify(frames_view) by extension 'python_setup_py'
[0.116s] Level 1:colcon.colcon_core.package_identification:_identify(install) by extensions ['ignore', 'ignore_ament_install']
[0.116s] Level 1:colcon.colcon_core.package_identification:_identify(install) by extension 'ignore'
[0.116s] Level 1:colcon.colcon_core.package_identification:_identify(install) ignored
[0.116s] Level 1:colcon.colcon_core.package_identification:_identify(log) by extensions ['ignore', 'ignore_ament_install']
[0.116s] Level 1:colcon.colcon_core.package_identification:_identify(log) by extension 'ignore'
[0.116s] Level 1:colcon.colcon_core.package_identification:_identify(log) ignored
[0.116s] Level 1:colcon.colcon_core.package_identification:_identify(src) by extensions ['ignore', 'ignore_ament_install']
[0.116s] Level 1:colcon.colcon_core.package_identification:_identify(src) by extension 'ignore'
[0.117s] Level 1:colcon.colcon_core.package_identification:_identify(src) by extension 'ignore_ament_install'
[0.117s] Level 1:colcon.colcon_core.package_identification:_identify(src) by extensions ['colcon_pkg']
[0.117s] Level 1:colcon.colcon_core.package_identification:_identify(src) by extension 'colcon_pkg'
[0.117s] Level 1:colcon.colcon_core.package_identification:_identify(src) by extensions ['colcon_meta']
[0.117s] Level 1:colcon.colcon_core.package_identification:_identify(src) by extension 'colcon_meta'
[0.117s] Level 1:colcon.colcon_core.package_identification:_identify(src) by extensions ['ros']
[0.117s] Level 1:colcon.colcon_core.package_identification:_identify(src) by extension 'ros'
[0.117s] Level 1:colcon.colcon_core.package_identification:_identify(src) by extensions ['cmake', 'python']
[0.117s] Level 1:colcon.colcon_core.package_identification:_identify(src) by extension 'cmake'
[0.117s] Level 1:colcon.colcon_core.package_identification:_identify(src) by extension 'python'
[0.117s] Level 1:colcon.colcon_core.package_identification:_identify(src) by extensions ['python_setup_py']
[0.117s] Level 1:colcon.colcon_core.package_identification:_identify(src) by extension 'python_setup_py'
[0.117s] Level 1:colcon.colcon_core.package_identification:_identify(src/tb3_multi_nav) by extensions ['ignore', 'ignore_ament_install']
[0.117s] Level 1:colcon.colcon_core.package_identification:_identify(src/tb3_multi_nav) by extension 'ignore'
[0.117s] Level 1:colcon.colcon_core.package_identification:_identify(src/tb3_multi_nav) by extension 'ignore_ament_install'
[0.117s] Level 1:colcon.colcon_core.package_identification:_identify(src/tb3_multi_nav) by extensions ['colcon_pkg']
[0.117s] Level 1:colcon.colcon_core.package_identification:_identify(src/tb3_multi_nav) by extension 'colcon_pkg'
[0.117s] Level 1:colcon.colcon_core.package_identification:_identify(src/tb3_multi_nav) by extensions ['colcon_meta']
[0.117s] Level 1:colcon.colcon_core.package_identification:_identify(src/tb3_multi_nav) by extension 'colcon_meta'
[0.117s] Level 1:colcon.colcon_core.package_identification:_identify(src/tb3_multi_nav) by extensions ['ros']
[0.117s] Level 1:colcon.colcon_core.package_identification:_identify(src/tb3_multi_nav) by extension 'ros'
[0.118s] DEBUG:colcon.colcon_core.package_identification:Package 'src/tb3_multi_nav' with type 'ros.ament_python' and name 'tb3_multi_nav'
[0.119s] Level 1:colcon.colcon_core.package_identification:_identify(src/turtlebot3-jazzy) by extensions ['ignore', 'ignore_ament_install']
[0.119s] Level 1:colcon.colcon_core.package_identification:_identify(src/turtlebot3-jazzy) by extension 'ignore'
[0.119s] Level 1:colcon.colcon_core.package_identification:_identify(src/turtlebot3-jazzy) by extension 'ignore_ament_install'
[0.119s] Level 1:colcon.colcon_core.package_identification:_identify(src/turtlebot3-jazzy) by extensions ['colcon_pkg']
[0.119s] Level 1:colcon.colcon_core.package_identification:_identify(src/turtlebot3-jazzy) by extension 'colcon_pkg'
[0.119s] Level 1:colcon.colcon_core.package_identification:_identify(src/turtlebot3-jazzy) by extensions ['colcon_meta']
[0.119s] Level 1:colcon.colcon_core.package_identification:_identify(src/turtlebot3-jazzy) by extension 'colcon_meta'
[0.119s] Level 1:colcon.colcon_core.package_identification:_identify(src/turtlebot3-jazzy) by extensions ['ros']
[0.119s] Level 1:colcon.colcon_core.package_identification:_identify(src/turtlebot3-jazzy) by extension 'ros'
[0.119s] Level 1:colcon.colcon_core.package_identification:_identify(src/turtlebot3-jazzy) by extensions ['cmake', 'python']
[0.119s] Level 1:colcon.colcon_core.package_identification:_identify(src/turtlebot3-jazzy) by extension 'cmake'
[0.119s] Level 1:colcon.colcon_core.package_identification:_identify(src/turtlebot3-jazzy) by extension 'python'
[0.119s] Level 1:colcon.colcon_core.package_identification:_identify(src/turtlebot3-jazzy) by extensions ['python_setup_py']
[0.119s] Level 1:colcon.colcon_core.package_identification:_identify(src/turtlebot3-jazzy) by extension 'python_setup_py'
[0.119s] Level 1:colcon.colcon_core.package_identification:_identify(src/turtlebot3-jazzy/turtlebot3) by extensions ['ignore', 'ignore_ament_install']
[0.119s] Level 1:colcon.colcon_core.package_identification:_identify(src/turtlebot3-jazzy/turtlebot3) by extension 'ignore'
[0.119s] Level 1:colcon.colcon_core.package_identification:_identify(src/turtlebot3-jazzy/turtlebot3) by extension 'ignore_ament_install'
[0.119s] Level 1:colcon.colcon_core.package_identification:_identify(src/turtlebot3-jazzy/turtlebot3) by extensions ['colcon_pkg']
[0.119s] Level 1:colcon.colcon_core.package_identification:_identify(src/turtlebot3-jazzy/turtlebot3) by extension 'colcon_pkg'
[0.119s] Level 1:colcon.colcon_core.package_identification:_identify(src/turtlebot3-jazzy/turtlebot3) by extensions ['colcon_meta']
[0.119s] Level 1:colcon.colcon_core.package_identification:_identify(src/turtlebot3-jazzy/turtlebot3) by extension 'colcon_meta'
[0.119s] Level 1:colcon.colcon_core.package_identification:_identify(src/turtlebot3-jazzy/turtlebot3) by extensions ['ros']
[0.119s] Level 1:colcon.colcon_core.package_identification:_identify(src/turtlebot3-jazzy/turtlebot3) by extension 'ros'
[0.120s] DEBUG:colcon.colcon_core.package_identification:Package 'src/turtlebot3-jazzy/turtlebot3' with type 'ros.ament_cmake' and name 'turtlebot3'
[0.120s] Level 1:colcon.colcon_core.package_identification:_identify(src/turtlebot3-jazzy/turtlebot3_bringup) by extensions ['ignore', 'ignore_ament_install']
[0.120s] Level 1:colcon.colcon_core.package_identification:_identify(src/turtlebot3-jazzy/turtlebot3_bringup) by extension 'ignore'
[0.120s] Level 1:colcon.colcon_core.package_identification:_identify(src/turtlebot3-jazzy/turtlebot3_bringup) by extension 'ignore_ament_install'
[0.120s] Level 1:colcon.colcon_core.package_identification:_identify(src/turtlebot3-jazzy/turtlebot3_bringup) by extensions ['colcon_pkg']
[0.120s] Level 1:colcon.colcon_core.package_identification:_identify(src/turtlebot3-jazzy/turtlebot3_bringup) by extension 'colcon_pkg'
[0.120s] Level 1:colcon.colcon_core.package_identification:_identify(src/turtlebot3-jazzy/turtlebot3_bringup) by extensions ['colcon_meta']
[0.120s] Level 1:colcon.colcon_core.package_identification:_identify(src/turtlebot3-jazzy/turtlebot3_bringup) by extension 'colcon_meta'
[0.120s] Level 1:colcon.colcon_core.package_identification:_identify(src/turtlebot3-jazzy/turtlebot3_bringup) by extensions ['ros']
[0.120s] Level 1:colcon.colcon_core.package_identification:_identify(src/turtlebot3-jazzy/turtlebot3_bringup) by extension 'ros'
[0.120s] DEBUG:colcon.colcon_core.package_identification:Package 'src/turtlebot3-jazzy/turtlebot3_bringup' with type 'ros.ament_cmake' and name 'turtlebot3_bringup'
[0.120s] Level 1:colcon.colcon_core.package_identification:_identify(src/turtlebot3-jazzy/turtlebot3_cartographer) by extensions ['ignore', 'ignore_ament_install']
[0.120s] Level 1:colcon.colcon_core.package_identification:_identify(src/turtlebot3-jazzy/turtlebot3_cartographer) by extension 'ignore'
[0.120s] Level 1:colcon.colcon_core.package_identification:_identify(src/turtlebot3-jazzy/turtlebot3_cartographer) by extension 'ignore_ament_install'
[0.120s] Level 1:colcon.colcon_core.package_identification:_identify(src/turtlebot3-jazzy/turtlebot3_cartographer) by extensions ['colcon_pkg']
[0.120s] Level 1:colcon.colcon_core.package_identification:_identify(src/turtlebot3-jazzy/turtlebot3_cartographer) by extension 'colcon_pkg'
[0.120s] Level 1:colcon.colcon_core.package_identification:_identify(src/turtlebot3-jazzy/turtlebot3_cartographer) by extensions ['colcon_meta']
[0.120s] Level 1:colcon.colcon_core.package_identification:_identify(src/turtlebot3-jazzy/turtlebot3_cartographer) by extension 'colcon_meta'
[0.120s] Level 1:colcon.colcon_core.package_identification:_identify(src/turtlebot3-jazzy/turtlebot3_cartographer) by extensions ['ros']
[0.121s] Level 1:colcon.colcon_core.package_identification:_identify(src/turtlebot3-jazzy/turtlebot3_cartographer) by extension 'ros'
[0.121s] DEBUG:colcon.colcon_core.package_identification:Package 'src/turtlebot3-jazzy/turtlebot3_cartographer' with type 'ros.ament_cmake' and name 'turtlebot3_cartographer'
[0.121s] Level 1:colcon.colcon_core.package_identification:_identify(src/turtlebot3-jazzy/turtlebot3_description) by extensions ['ignore', 'ignore_ament_install']
[0.121s] Level 1:colcon.colcon_core.package_identification:_identify(src/turtlebot3-jazzy/turtlebot3_description) by extension 'ignore'
[0.121s] Level 1:colcon.colcon_core.package_identification:_identify(src/turtlebot3-jazzy/turtlebot3_description) by extension 'ignore_ament_install'
[0.121s] Level 1:colcon.colcon_core.package_identification:_identify(src/turtlebot3-jazzy/turtlebot3_description) by extensions ['colcon_pkg']
[0.121s] Level 1:colcon.colcon_core.package_identification:_identify(src/turtlebot3-jazzy/turtlebot3_description) by extension 'colcon_pkg'
[0.121s] Level 1:colcon.colcon_core.package_identification:_identify(src/turtlebot3-jazzy/turtlebot3_description) by extensions ['colcon_meta']
[0.121s] Level 1:colcon.colcon_core.package_identification:_identify(src/turtlebot3-jazzy/turtlebot3_description) by extension 'colcon_meta'
[0.121s] Level 1:colcon.colcon_core.package_identification:_identify(src/turtlebot3-jazzy/turtlebot3_description) by extensions ['ros']
[0.121s] Level 1:colcon.colcon_core.package_identification:_identify(src/turtlebot3-jazzy/turtlebot3_description) by extension 'ros'
[0.121s] DEBUG:colcon.colcon_core.package_identification:Package 'src/turtlebot3-jazzy/turtlebot3_description' with type 'ros.ament_cmake' and name 'turtlebot3_description'
[0.121s] Level 1:colcon.colcon_core.package_identification:_identify(src/turtlebot3-jazzy/turtlebot3_example) by extensions ['ignore', 'ignore_ament_install']
[0.121s] Level 1:colcon.colcon_core.package_identification:_identify(src/turtlebot3-jazzy/turtlebot3_example) by extension 'ignore'
[0.122s] Level 1:colcon.colcon_core.package_identification:_identify(src/turtlebot3-jazzy/turtlebot3_example) by extension 'ignore_ament_install'
[0.122s] Level 1:colcon.colcon_core.package_identification:_identify(src/turtlebot3-jazzy/turtlebot3_example) by extensions ['colcon_pkg']
[0.122s] Level 1:colcon.colcon_core.package_identification:_identify(src/turtlebot3-jazzy/turtlebot3_example) by extension 'colcon_pkg'
[0.122s] Level 1:colcon.colcon_core.package_identification:_identify(src/turtlebot3-jazzy/turtlebot3_example) by extensions ['colcon_meta']
[0.122s] Level 1:colcon.colcon_core.package_identification:_identify(src/turtlebot3-jazzy/turtlebot3_example) by extension 'colcon_meta'
[0.122s] Level 1:colcon.colcon_core.package_identification:_identify(src/turtlebot3-jazzy/turtlebot3_example) by extensions ['ros']
[0.122s] Level 1:colcon.colcon_core.package_identification:_identify(src/turtlebot3-jazzy/turtlebot3_example) by extension 'ros'
[0.122s] DEBUG:colcon.colcon_core.package_identification:Package 'src/turtlebot3-jazzy/turtlebot3_example' with type 'ros.ament_python' and name 'turtlebot3_example'
[0.122s] Level 1:colcon.colcon_core.package_identification:_identify(src/turtlebot3-jazzy/turtlebot3_navigation2) by extensions ['ignore', 'ignore_ament_install']
[0.122s] Level 1:colcon.colcon_core.package_identification:_identify(src/turtlebot3-jazzy/turtlebot3_navigation2) by extension 'ignore'
[0.122s] Level 1:colcon.colcon_core.package_identification:_identify(src/turtlebot3-jazzy/turtlebot3_navigation2) by extension 'ignore_ament_install'
[0.122s] Level 1:colcon.colcon_core.package_identification:_identify(src/turtlebot3-jazzy/turtlebot3_navigation2) by extensions ['colcon_pkg']
[0.122s] Level 1:colcon.colcon_core.package_identification:_identify(src/turtlebot3-jazzy/turtlebot3_navigation2) by extension 'colcon_pkg'
[0.122s] Level 1:colcon.colcon_core.package_identification:_identify(src/turtlebot3-jazzy/turtlebot3_navigation2) by extensions ['colcon_meta']
[0.122s] Level 1:colcon.colcon_core.package_identification:_identify(src/turtlebot3-jazzy/turtlebot3_navigation2) by extension 'colcon_meta'
[0.122s] Level 1:colcon.colcon_core.package_identification:_identify(src/turtlebot3-jazzy/turtlebot3_navigation2) by extensions ['ros']
[0.122s] Level 1:colcon.colcon_core.package_identification:_identify(src/turtlebot3-jazzy/turtlebot3_navigation2) by extension 'ros'
[0.123s] DEBUG:colcon.colcon_core.package_identification:Package 'src/turtlebot3-jazzy/turtlebot3_navigation2' with type 'ros.ament_cmake' and name 'turtlebot3_navigation2'
[0.123s] Level 1:colcon.colcon_core.package_identification:_identify(src/turtlebot3-jazzy/turtlebot3_node) by extensions ['ignore', 'ignore_ament_install']
[0.123s] Level 1:colcon.colcon_core.package_identification:_identify(src/turtlebot3-jazzy/turtlebot3_node) by extension 'ignore'
[0.123s] Level 1:colcon.colcon_core.package_identification:_identify(src/turtlebot3-jazzy/turtlebot3_node) by extension 'ignore_ament_install'
[0.123s] Level 1:colcon.colcon_core.package_identification:_identify(src/turtlebot3-jazzy/turtlebot3_node) by extensions ['colcon_pkg']
[0.123s] Level 1:colcon.colcon_core.package_identification:_identify(src/turtlebot3-jazzy/turtlebot3_node) by extension 'colcon_pkg'
[0.123s] Level 1:colcon.colcon_core.package_identification:_identify(src/turtlebot3-jazzy/turtlebot3_node) by extensions ['colcon_meta']
[0.123s] Level 1:colcon.colcon_core.package_identification:_identify(src/turtlebot3-jazzy/turtlebot3_node) by extension 'colcon_meta'
[0.123s] Level 1:colcon.colcon_core.package_identification:_identify(src/turtlebot3-jazzy/turtlebot3_node) by extensions ['ros']
[0.123s] Level 1:colcon.colcon_core.package_identification:_identify(src/turtlebot3-jazzy/turtlebot3_node) by extension 'ros'
[0.124s] DEBUG:colcon.colcon_core.package_identification:Package 'src/turtlebot3-jazzy/turtlebot3_node' with type 'ros.ament_cmake' and name 'turtlebot3_node'
[0.124s] Level 1:colcon.colcon_core.package_identification:_identify(src/turtlebot3-jazzy/turtlebot3_teleop) by extensions ['ignore', 'ignore_ament_install']
[0.124s] Level 1:colcon.colcon_core.package_identification:_identify(src/turtlebot3-jazzy/turtlebot3_teleop) by extension 'ignore'
[0.124s] Level 1:colcon.colcon_core.package_identification:_identify(src/turtlebot3-jazzy/turtlebot3_teleop) by extension 'ignore_ament_install'
[0.124s] Level 1:colcon.colcon_core.package_identification:_identify(src/turtlebot3-jazzy/turtlebot3_teleop) by extensions ['colcon_pkg']
[0.124s] Level 1:colcon.colcon_core.package_identification:_identify(src/turtlebot3-jazzy/turtlebot3_teleop) by extension 'colcon_pkg'
[0.124s] Level 1:colcon.colcon_core.package_identification:_identify(src/turtlebot3-jazzy/turtlebot3_teleop) by extensions ['colcon_meta']
[0.124s] Level 1:colcon.colcon_core.package_identification:_identify(src/turtlebot3-jazzy/turtlebot3_teleop) by extension 'colcon_meta'
[0.124s] Level 1:colcon.colcon_core.package_identification:_identify(src/turtlebot3-jazzy/turtlebot3_teleop) by extensions ['ros']
[0.124s] Level 1:colcon.colcon_core.package_identification:_identify(src/turtlebot3-jazzy/turtlebot3_teleop) by extension 'ros'
[0.124s] DEBUG:colcon.colcon_core.package_identification:Package 'src/turtlebot3-jazzy/turtlebot3_teleop' with type 'ros.ament_python' and name 'turtlebot3_teleop'
[0.124s] Level 1:colcon.colcon_core.package_identification:_identify(src/turtlebot3_gazebo) by extensions ['ignore', 'ignore_ament_install']
[0.124s] Level 1:colcon.colcon_core.package_identification:_identify(src/turtlebot3_gazebo) by extension 'ignore'
[0.124s] Level 1:colcon.colcon_core.package_identification:_identify(src/turtlebot3_gazebo) by extension 'ignore_ament_install'
[0.124s] Level 1:colcon.colcon_core.package_identification:_identify(src/turtlebot3_gazebo) by extensions ['colcon_pkg']
[0.124s] Level 1:colcon.colcon_core.package_identification:_identify(src/turtlebot3_gazebo) by extension 'colcon_pkg'
[0.124s] Level 1:colcon.colcon_core.package_identification:_identify(src/turtlebot3_gazebo) by extensions ['colcon_meta']
[0.124s] Level 1:colcon.colcon_core.package_identification:_identify(src/turtlebot3_gazebo) by extension 'colcon_meta'
[0.124s] Level 1:colcon.colcon_core.package_identification:_identify(src/turtlebot3_gazebo) by extensions ['ros']
[0.124s] Level 1:colcon.colcon_core.package_identification:_identify(src/turtlebot3_gazebo) by extension 'ros'
[0.125s] DEBUG:colcon.colcon_core.package_identification:Package 'src/turtlebot3_gazebo' with type 'ros.ament_cmake' and name 'turtlebot3_gazebo'
[0.125s] Level 1:colcon.colcon_core.package_identification:_identify(tag_metrics) by extensions ['ignore', 'ignore_ament_install']
[0.125s] Level 1:colcon.colcon_core.package_identification:_identify(tag_metrics) by extension 'ignore'
[0.125s] Level 1:colcon.colcon_core.package_identification:_identify(tag_metrics) by extension 'ignore_ament_install'
[0.125s] Level 1:colcon.colcon_core.package_identification:_identify(tag_metrics) by extensions ['colcon_pkg']
[0.125s] Level 1:colcon.colcon_core.package_identification:_identify(tag_metrics) by extension 'colcon_pkg'
[0.125s] Level 1:colcon.colcon_core.package_identification:_identify(tag_metrics) by extensions ['colcon_meta']
[0.125s] Level 1:colcon.colcon_core.package_identification:_identify(tag_metrics) by extension 'colcon_meta'
[0.125s] Level 1:colcon.colcon_core.package_identification:_identify(tag_metrics) by extensions ['ros']
[0.125s] Level 1:colcon.colcon_core.package_identification:_identify(tag_metrics) by extension 'ros'
[0.125s] Level 1:colcon.colcon_core.package_identification:_identify(tag_metrics) by extensions ['cmake', 'python']
[0.125s] Level 1:colcon.colcon_core.package_identification:_identify(tag_metrics) by extension 'cmake'
[0.125s] Level 1:colcon.colcon_core.package_identification:_identify(tag_metrics) by extension 'python'
[0.125s] Level 1:colcon.colcon_core.package_identification:_identify(tag_metrics) by extensions ['python_setup_py']
[0.125s] Level 1:colcon.colcon_core.package_identification:_identify(tag_metrics) by extension 'python_setup_py'
[0.125s] Level 1:colcon.colcon_core.package_discovery:discover_packages(recursive) using defaults
[0.125s] Level 1:colcon.colcon_core.package_discovery:discover_packages(ignore) discover
[0.125s] Level 1:colcon.colcon_core.package_discovery:discover_packages(ignore) using defaults
[0.125s] Level 1:colcon.colcon_core.package_discovery:discover_packages(path) discover
[0.125s] Level 1:colcon.colcon_core.package_discovery:discover_packages(path) using defaults
[0.138s] Level 5:colcon.colcon_core.verb:set package 'tb3_multi_nav' build argument 'cmake_args' from command line to 'None'
[0.138s] Level 5:colcon.colcon_core.verb:set package 'tb3_multi_nav' build argument 'cmake_target' from command line to 'None'
[0.138s] Level 5:colcon.colcon_core.verb:set package 'tb3_multi_nav' build argument 'cmake_target_skip_unavailable' from command line to 'False'
[0.138s] Level 5:colcon.colcon_core.verb:set package 'tb3_multi_nav' build argument 'cmake_clean_cache' from command line to 'False'
[0.138s] Level 5:colcon.colcon_core.verb:set package 'tb3_multi_nav' build argument 'cmake_clean_first' from command line to 'False'
[0.138s] Level 5:colcon.colcon_core.verb:set package 'tb3_multi_nav' build argument 'cmake_force_configure' from command line to 'False'
[0.138s] Level 5:colcon.colcon_core.verb:set package 'tb3_multi_nav' build argument 'ament_cmake_args' from command line to 'None'
[0.138s] Level 5:colcon.colcon_core.verb:set package 'tb3_multi_nav' build argument 'catkin_cmake_args' from command line to 'None'
[0.138s] Level 5:colcon.colcon_core.verb:set package 'tb3_multi_nav' build argument 'catkin_skip_building_tests' from command line to 'False'
[0.138s] DEBUG:colcon.colcon_core.verb:Building package 'tb3_multi_nav' with the following arguments: {'ament_cmake_args': None, 'build_base': '/root/ros_ws/build/tb3_multi_nav', 'catkin_cmake_args': None, 'catkin_skip_building_tests': False, 'cmake_args': None, 'cmake_clean_cache': False, 'cmake_clean_first': False, 'cmake_force_configure': False, 'cmake_target': None, 'cmake_target_skip_unavailable': False, 'install_base': '/root/ros_ws/install/tb3_multi_nav', 'merge_install': False, 'path': '/root/ros_ws/src/tb3_multi_nav', 'symlink_install': False, 'test_result_base': None}
[0.138s] Level 5:colcon.colcon_core.verb:set package 'turtlebot3_cartographer' build argument 'cmake_args' from command line to 'None'
[0.138s] Level 5:colcon.colcon_core.verb:set package 'turtlebot3_cartographer' build argument 'cmake_target' from command line to 'None'
[0.138s] Level 5:colcon.colcon_core.verb:set package 'turtlebot3_cartographer' build argument 'cmake_target_skip_unavailable' from command line to 'False'
[0.138s] Level 5:colcon.colcon_core.verb:set package 'turtlebot3_cartographer' build argument 'cmake_clean_cache' from command line to 'False'
[0.138s] Level 5:colcon.colcon_core.verb:set package 'turtlebot3_cartographer' build argument 'cmake_clean_first' from command line to 'False'
[0.138s] Level 5:colcon.colcon_core.verb:set package 'turtlebot3_cartographer' build argument 'cmake_force_configure' from command line to 'False'
[0.138s] Level 5:colcon.colcon_core.verb:set package 'turtlebot3_cartographer' build argument 'ament_cmake_args' from command line to 'None'
[0.138s] Level 5:colcon.colcon_core.verb:set package 'turtlebot3_cartographer' build argument 'catkin_cmake_args' from command line to 'None'
[0.138s] Level 5:colcon.colcon_core.verb:set package 'turtlebot3_cartographer' build argument 'catkin_skip_building_tests' from command line to 'False'
[0.138s] DEBUG:colcon.colcon_core.verb:Building package 'turtlebot3_cartographer' with the following arguments: {'ament_cmake_args': None, 'build_base': '/root/ros_ws/build/turtlebot3_cartographer', 'catkin_cmake_args': None, 'catkin_skip_building_tests': False, 'cmake_args': None, 'cmake_clean_cache': False, 'cmake_clean_first': False, 'cmake_force_configure': False, 'cmake_target': None, 'cmake_target_skip_unavailable': False, 'install_base': '/root/ros_ws/install/turtlebot3_cartographer', 'merge_install': False, 'path': '/root/ros_ws/src/turtlebot3-jazzy/turtlebot3_cartographer', 'symlink_install': False, 'test_result_base': None}
[0.138s] Level 5:colcon.colcon_core.verb:set package 'turtlebot3_description' build argument 'cmake_args' from command line to 'None'
[0.138s] Level 5:colcon.colcon_core.verb:set package 'turtlebot3_description' build argument 'cmake_target' from command line to 'None'
[0.138s] Level 5:colcon.colcon_core.verb:set package 'turtlebot3_description' build argument 'cmake_target_skip_unavailable' from command line to 'False'
[0.138s] Level 5:colcon.colcon_core.verb:set package 'turtlebot3_description' build argument 'cmake_clean_cache' from command line to 'False'
[0.138s] Level 5:colcon.colcon_core.verb:set package 'turtlebot3_description' build argument 'cmake_clean_first' from command line to 'False'
[0.138s] Level 5:colcon.colcon_core.verb:set package 'turtlebot3_description' build argument 'cmake_force_configure' from command line to 'False'
[0.138s] Level 5:colcon.colcon_core.verb:set package 'turtlebot3_description' build argument 'ament_cmake_args' from command line to 'None'
[0.138s] Level 5:colcon.colcon_core.verb:set package 'turtlebot3_description' build argument 'catkin_cmake_args' from command line to 'None'
[0.138s] Level 5:colcon.colcon_core.verb:set package 'turtlebot3_description' build argument 'catkin_skip_building_tests' from command line to 'False'
[0.138s] DEBUG:colcon.colcon_core.verb:Building package 'turtlebot3_description' with the following arguments: {'ament_cmake_args': None, 'build_base': '/root/ros_ws/build/turtlebot3_description', 'catkin_cmake_args': None, 'catkin_skip_building_tests': False, 'cmake_args': None, 'cmake_clean_cache': False, 'cmake_clean_first': False, 'cmake_force_configure': False, 'cmake_target': None, 'cmake_target_skip_unavailable': False, 'install_base': '/root/ros_ws/install/turtlebot3_description', 'merge_install': False, 'path': '/root/ros_ws/src/turtlebot3-jazzy/turtlebot3_description', 'symlink_install': False, 'test_result_base': None}
[0.138s] Level 5:colcon.colcon_core.verb:set package 'turtlebot3_example' build argument 'cmake_args' from command line to 'None'
[0.138s] Level 5:colcon.colcon_core.verb:set package 'turtlebot3_example' build argument 'cmake_target' from command line to 'None'
[0.138s] Level 5:colcon.colcon_core.verb:set package 'turtlebot3_example' build argument 'cmake_target_skip_unavailable' from command line to 'False'
[0.138s] Level 5:colcon.colcon_core.verb:set package 'turtlebot3_example' build argument 'cmake_clean_cache' from command line to 'False'
[0.138s] Level 5:colcon.colcon_core.verb:set package 'turtlebot3_example' build argument 'cmake_clean_first' from command line to 'False'
[0.138s] Level 5:colcon.colcon_core.verb:set package 'turtlebot3_example' build argument 'cmake_force_configure' from command line to 'False'
[0.138s] Level 5:colcon.colcon_core.verb:set package 'turtlebot3_example' build argument 'ament_cmake_args' from command line to 'None'
[0.138s] Level 5:colcon.colcon_core.verb:set package 'turtlebot3_example' build argument 'catkin_cmake_args' from command line to 'None'
[0.138s] Level 5:colcon.colcon_core.verb:set package 'turtlebot3_example' build argument 'catkin_skip_building_tests' from command line to 'False'
[0.138s] DEBUG:colcon.colcon_core.verb:Building package 'turtlebot3_example' with the following arguments: {'ament_cmake_args': None, 'build_base': '/root/ros_ws/build/turtlebot3_example', 'catkin_cmake_args': None, 'catkin_skip_building_tests': False, 'cmake_args': None, 'cmake_clean_cache': False, 'cmake_clean_first': False, 'cmake_force_configure': False, 'cmake_target': None, 'cmake_target_skip_unavailable': False, 'install_base': '/root/ros_ws/install/turtlebot3_example', 'merge_install': False, 'path': '/root/ros_ws/src/turtlebot3-jazzy/turtlebot3_example', 'symlink_install': False, 'test_result_base': None}
[0.139s] Level 5:colcon.colcon_core.verb:set package 'turtlebot3_gazebo' build argument 'cmake_args' from command line to 'None'
[0.139s] Level 5:colcon.colcon_core.verb:set package 'turtlebot3_gazebo' build argument 'cmake_target' from command line to 'None'
[0.139s] Level 5:colcon.colcon_core.verb:set package 'turtlebot3_gazebo' build argument 'cmake_target_skip_unavailable' from command line to 'False'
[0.139s] Level 5:colcon.colcon_core.verb:set package 'turtlebot3_gazebo' build argument 'cmake_clean_cache' from command line to 'False'
[0.139s] Level 5:colcon.colcon_core.verb:set package 'turtlebot3_gazebo' build argument 'cmake_clean_first' from command line to 'False'
[0.139s] Level 5:colcon.colcon_core.verb:set package 'turtlebot3_gazebo' build argument 'cmake_force_configure' from command line to 'False'
[0.139s] Level 5:colcon.colcon_core.verb:set package 'turtlebot3_gazebo' build argument 'ament_cmake_args' from command line to 'None'
[0.139s] Level 5:colcon.colcon_core.verb:set package 'turtlebot3_gazebo' build argument 'catkin_cmake_args' from command line to 'None'
[0.139s] Level 5:colcon.colcon_core.verb:set package 'turtlebot3_gazebo' build argument 'catkin_skip_building_tests' from command line to 'False'
[0.139s] DEBUG:colcon.colcon_core.verb:Building package 'turtlebot3_gazebo' with the following arguments: {'ament_cmake_args': None, 'build_base': '/root/ros_ws/build/turtlebot3_gazebo', 'catkin_cmake_args': None, 'catkin_skip_building_tests': False, 'cmake_args': None, 'cmake_clean_cache': False, 'cmake_clean_first': False, 'cmake_force_configure': False, 'cmake_target': None, 'cmake_target_skip_unavailable': False, 'install_base': '/root/ros_ws/install/turtlebot3_gazebo', 'merge_install': False, 'path': '/root/ros_ws/src/turtlebot3_gazebo', 'symlink_install': False, 'test_result_base': None}
[0.139s] Level 5:colcon.colcon_core.verb:set package 'turtlebot3_navigation2' build argument 'cmake_args' from command line to 'None'
[0.139s] Level 5:colcon.colcon_core.verb:set package 'turtlebot3_navigation2' build argument 'cmake_target' from command line to 'None'
[0.139s] Level 5:colcon.colcon_core.verb:set package 'turtlebot3_navigation2' build argument 'cmake_target_skip_unavailable' from command line to 'False'
[0.139s] Level 5:colcon.colcon_core.verb:set package 'turtlebot3_navigation2' build argument 'cmake_clean_cache' from command line to 'False'
[0.139s] Level 5:colcon.colcon_core.verb:set package 'turtlebot3_navigation2' build argument 'cmake_clean_first' from command line to 'False'
[0.139s] Level 5:colcon.colcon_core.verb:set package 'turtlebot3_navigation2' build argument 'cmake_force_configure' from command line to 'False'
[0.139s] Level 5:colcon.colcon_core.verb:set package 'turtlebot3_navigation2' build argument 'ament_cmake_args' from command line to 'None'
[0.139s] Level 5:colcon.colcon_core.verb:set package 'turtlebot3_navigation2' build argument 'catkin_cmake_args' from command line to 'None'
[0.139s] Level 5:colcon.colcon_core.verb:set package 'turtlebot3_navigation2' build argument 'catkin_skip_building_tests' from command line to 'False'
[0.139s] DEBUG:colcon.colcon_core.verb:Building package 'turtlebot3_navigation2' with the following arguments: {'ament_cmake_args': None, 'build_base': '/root/ros_ws/build/turtlebot3_navigation2', 'catkin_cmake_args': None, 'catkin_skip_building_tests': False, 'cmake_args': None, 'cmake_clean_cache': False, 'cmake_clean_first': False, 'cmake_force_configure': False, 'cmake_target': None, 'cmake_target_skip_unavailable': False, 'install_base': '/root/ros_ws/install/turtlebot3_navigation2', 'merge_install': False, 'path': '/root/ros_ws/src/turtlebot3-jazzy/turtlebot3_navigation2', 'symlink_install': False, 'test_result_base': None}
[0.139s] Level 5:colcon.colcon_core.verb:set package 'turtlebot3_node' build argument 'cmake_args' from command line to 'None'
[0.139s] Level 5:colcon.colcon_core.verb:set package 'turtlebot3_node' build argument 'cmake_target' from command line to 'None'
[0.139s] Level 5:colcon.colcon_core.verb:set package 'turtlebot3_node' build argument 'cmake_target_skip_unavailable' from command line to 'False'
[0.139s] Level 5:colcon.colcon_core.verb:set package 'turtlebot3_node' build argument 'cmake_clean_cache' from command line to 'False'
[0.139s] Level 5:colcon.colcon_core.verb:set package 'turtlebot3_node' build argument 'cmake_clean_first' from command line to 'False'
[0.139s] Level 5:colcon.colcon_core.verb:set package 'turtlebot3_node' build argument 'cmake_force_configure' from command line to 'False'
[0.139s] Level 5:colcon.colcon_core.verb:set package 'turtlebot3_node' build argument 'ament_cmake_args' from command line to 'None'
[0.139s] Level 5:colcon.colcon_core.verb:set package 'turtlebot3_node' build argument 'catkin_cmake_args' from command line to 'None'
[0.139s] Level 5:colcon.colcon_core.verb:set package 'turtlebot3_node' build argument 'catkin_skip_building_tests' from command line to 'False'
[0.139s] DEBUG:colcon.colcon_core.verb:Building package 'turtlebot3_node' with the following arguments: {'ament_cmake_args': None, 'build_base': '/root/ros_ws/build/turtlebot3_node', 'catkin_cmake_args': None, 'catkin_skip_building_tests': False, 'cmake_args': None, 'cmake_clean_cache': False, 'cmake_clean_first': False, 'cmake_force_configure': False, 'cmake_target': None, 'cmake_target_skip_unavailable': False, 'install_base': '/root/ros_ws/install/turtlebot3_node', 'merge_install': False, 'path': '/root/ros_ws/src/turtlebot3-jazzy/turtlebot3_node', 'symlink_install': False, 'test_result_base': None}
[0.139s] Level 5:colcon.colcon_core.verb:set package 'turtlebot3_teleop' build argument 'cmake_args' from command line to 'None'
[0.139s] Level 5:colcon.colcon_core.verb:set package 'turtlebot3_teleop' build argument 'cmake_target' from command line to 'None'
[0.139s] Level 5:colcon.colcon_core.verb:set package 'turtlebot3_teleop' build argument 'cmake_target_skip_unavailable' from command line to 'False'
[0.139s] Level 5:colcon.colcon_core.verb:set package 'turtlebot3_teleop' build argument 'cmake_clean_cache' from command line to 'False'
[0.139s] Level 5:colcon.colcon_core.verb:set package 'turtlebot3_teleop' build argument 'cmake_clean_first' from command line to 'False'
[0.139s] Level 5:colcon.colcon_core.verb:set package 'turtlebot3_teleop' build argument 'cmake_force_configure' from command line to 'False'
[0.139s] Level 5:colcon.colcon_core.verb:set package 'turtlebot3_teleop' build argument 'ament_cmake_args' from command line to 'None'
[0.139s] Level 5:colcon.colcon_core.verb:set package 'turtlebot3_teleop' build argument 'catkin_cmake_args' from command line to 'None'
[0.139s] Level 5:colcon.colcon_core.verb:set package 'turtlebot3_teleop' build argument 'catkin_skip_building_tests' from command line to 'False'
[0.139s] DEBUG:colcon.colcon_core.verb:Building package 'turtlebot3_teleop' with the following arguments: {'ament_cmake_args': None, 'build_base': '/root/ros_ws/build/turtlebot3_teleop', 'catkin_cmake_args': None, 'catkin_skip_building_tests': False, 'cmake_args': None, 'cmake_clean_cache': False, 'cmake_clean_first': False, 'cmake_force_configure': False, 'cmake_target': None, 'cmake_target_skip_unavailable': False, 'install_base': '/root/ros_ws/install/turtlebot3_teleop', 'merge_install': False, 'path': '/root/ros_ws/src/turtlebot3-jazzy/turtlebot3_teleop', 'symlink_install': False, 'test_result_base': None}
[0.140s] Level 5:colcon.colcon_core.verb:set package 'turtlebot3_bringup' build argument 'cmake_args' from command line to 'None'
[0.140s] Level 5:colcon.colcon_core.verb:set package 'turtlebot3_bringup' build argument 'cmake_target' from command line to 'None'
[0.140s] Level 5:colcon.colcon_core.verb:set package 'turtlebot3_bringup' build argument 'cmake_target_skip_unavailable' from command line to 'False'
[0.140s] Level 5:colcon.colcon_core.verb:set package 'turtlebot3_bringup' build argument 'cmake_clean_cache' from command line to 'False'
[0.140s] Level 5:colcon.colcon_core.verb:set package 'turtlebot3_bringup' build argument 'cmake_clean_first' from command line to 'False'
[0.140s] Level 5:colcon.colcon_core.verb:set package 'turtlebot3_bringup' build argument 'cmake_force_configure' from command line to 'False'
[0.140s] Level 5:colcon.colcon_core.verb:set package 'turtlebot3_bringup' build argument 'ament_cmake_args' from command line to 'None'
[0.140s] Level 5:colcon.colcon_core.verb:set package 'turtlebot3_bringup' build argument 'catkin_cmake_args' from command line to 'None'
[0.140s] Level 5:colcon.colcon_core.verb:set package 'turtlebot3_bringup' build argument 'catkin_skip_building_tests' from command line to 'False'
[0.140s] DEBUG:colcon.colcon_core.verb:Building package 'turtlebot3_bringup' with the following arguments: {'ament_cmake_args': None, 'build_base': '/root/ros_ws/build/turtlebot3_bringup', 'catkin_cmake_args': None, 'catkin_skip_building_tests': False, 'cmake_args': None, 'cmake_clean_cache': False, 'cmake_clean_first': False, 'cmake_force_configure': False, 'cmake_target': None, 'cmake_target_skip_unavailable': False, 'install_base': '/root/ros_ws/install/turtlebot3_bringup', 'merge_install': False, 'path': '/root/ros_ws/src/turtlebot3-jazzy/turtlebot3_bringup', 'symlink_install': False, 'test_result_base': None}
[0.140s] Level 5:colcon.colcon_core.verb:set package 'turtlebot3' build argument 'cmake_args' from command line to 'None'
[0.140s] Level 5:colcon.colcon_core.verb:set package 'turtlebot3' build argument 'cmake_target' from command line to 'None'
[0.140s] Level 5:colcon.colcon_core.verb:set package 'turtlebot3' build argument 'cmake_target_skip_unavailable' from command line to 'False'
[0.140s] Level 5:colcon.colcon_core.verb:set package 'turtlebot3' build argument 'cmake_clean_cache' from command line to 'False'
[0.140s] Level 5:colcon.colcon_core.verb:set package 'turtlebot3' build argument 'cmake_clean_first' from command line to 'False'
[0.140s] Level 5:colcon.colcon_core.verb:set package 'turtlebot3' build argument 'cmake_force_configure' from command line to 'False'
[0.140s] Level 5:colcon.colcon_core.verb:set package 'turtlebot3' build argument 'ament_cmake_args' from command line to 'None'
[0.140s] Level 5:colcon.colcon_core.verb:set package 'turtlebot3' build argument 'catkin_cmake_args' from command line to 'None'
[0.140s] Level 5:colcon.colcon_core.verb:set package 'turtlebot3' build argument 'catkin_skip_building_tests' from command line to 'False'
[0.140s] DEBUG:colcon.colcon_core.verb:Building package 'turtlebot3' with the following arguments: {'ament_cmake_args': None, 'build_base': '/root/ros_ws/build/turtlebot3', 'catkin_cmake_args': None, 'catkin_skip_building_tests': False, 'cmake_args': None, 'cmake_clean_cache': False, 'cmake_clean_first': False, 'cmake_force_configure': False, 'cmake_target': None, 'cmake_target_skip_unavailable': False, 'install_base': '/root/ros_ws/install/turtlebot3', 'merge_install': False, 'path': '/root/ros_ws/src/turtlebot3-jazzy/turtlebot3', 'symlink_install': False, 'test_result_base': None}
[0.140s] INFO:colcon.colcon_core.executor:Executing jobs using 'parallel' executor
[0.141s] DEBUG:colcon.colcon_parallel_executor.executor.parallel:run_until_complete
[0.141s] INFO:colcon.colcon_ros.task.ament_cmake.build:Building ROS package in '/root/ros_ws/src/turtlebot3-jazzy/turtlebot3_description' with build type 'ament_cmake'
[0.141s] INFO:colcon.colcon_cmake.task.cmake.build:Building CMake package in '/root/ros_ws/src/turtlebot3-jazzy/turtlebot3_description'
[0.142s] INFO:colcon.colcon_core.plugin_system:Skipping extension 'colcon_core.shell.bat': Not used on non-Windows systems
[0.143s] INFO:colcon.colcon_core.shell:Skip shell extension 'powershell' for command environment: Not usable outside of PowerShell
[0.143s] DEBUG:colcon.colcon_core.shell:Skip shell extension 'dsv' for command environment
[0.147s] INFO:colcon.colcon_ros.task.ament_cmake.build:Building ROS package in '/root/ros_ws/src/turtlebot3-jazzy/turtlebot3_node' with build type 'ament_cmake'
[0.147s] INFO:colcon.colcon_cmake.task.cmake.build:Building CMake package in '/root/ros_ws/src/turtlebot3-jazzy/turtlebot3_node'
[0.147s] INFO:colcon.colcon_core.shell:Skip shell extension 'powershell' for command environment: Not usable outside of PowerShell
[0.148s] DEBUG:colcon.colcon_core.shell:Skip shell extension 'dsv' for command environment
[0.152s] INFO:colcon.colcon_ros.task.ament_cmake.build:Building ROS package in '/root/ros_ws/src/turtlebot3-jazzy/turtlebot3_cartographer' with build type 'ament_cmake'
[0.152s] INFO:colcon.colcon_cmake.task.cmake.build:Building CMake package in '/root/ros_ws/src/turtlebot3-jazzy/turtlebot3_cartographer'
[0.153s] INFO:colcon.colcon_core.shell:Skip shell extension 'powershell' for command environment: Not usable outside of PowerShell
[0.153s] DEBUG:colcon.colcon_core.shell:Skip shell extension 'dsv' for command environment
[0.157s] INFO:colcon.colcon_ros.task.ament_python.build:Building ROS package in '/root/ros_ws/src/turtlebot3-jazzy/turtlebot3_example' with build type 'ament_python'
[0.157s] Level 1:colcon.colcon_core.shell:create_environment_hook('turtlebot3_example', 'ament_prefix_path')
[0.157s] INFO:colcon.colcon_core.shell:Creating environment hook '/root/ros_ws/install/turtlebot3_example/share/turtlebot3_example/hook/ament_prefix_path.ps1'
[0.158s] INFO:colcon.colcon_core.shell:Creating environment descriptor '/root/ros_ws/install/turtlebot3_example/share/turtlebot3_example/hook/ament_prefix_path.dsv'
[0.158s] INFO:colcon.colcon_core.shell:Creating environment hook '/root/ros_ws/install/turtlebot3_example/share/turtlebot3_example/hook/ament_prefix_path.sh'
[0.159s] INFO:colcon.colcon_core.shell:Skip shell extension 'powershell' for command environment: Not usable outside of PowerShell
[0.159s] DEBUG:colcon.colcon_core.shell:Skip shell extension 'dsv' for command environment
[0.161s] INFO:colcon.colcon_ros.task.ament_cmake.build:Building ROS package in '/root/ros_ws/src/turtlebot3-jazzy/turtlebot3_navigation2' with build type 'ament_cmake'
[0.162s] INFO:colcon.colcon_cmake.task.cmake.build:Building CMake package in '/root/ros_ws/src/turtlebot3-jazzy/turtlebot3_navigation2'
[0.162s] INFO:colcon.colcon_core.shell:Skip shell extension 'powershell' for command environment: Not usable outside of PowerShell
[0.162s] DEBUG:colcon.colcon_core.shell:Skip shell extension 'dsv' for command environment
[0.165s] INFO:colcon.colcon_ros.task.ament_python.build:Building ROS package in '/root/ros_ws/src/turtlebot3-jazzy/turtlebot3_teleop' with build type 'ament_python'
[0.165s] Level 1:colcon.colcon_core.shell:create_environment_hook('turtlebot3_teleop', 'ament_prefix_path')
[0.165s] INFO:colcon.colcon_core.shell:Creating environment hook '/root/ros_ws/install/turtlebot3_teleop/share/turtlebot3_teleop/hook/ament_prefix_path.ps1'
[0.166s] INFO:colcon.colcon_core.shell:Creating environment descriptor '/root/ros_ws/install/turtlebot3_teleop/share/turtlebot3_teleop/hook/ament_prefix_path.dsv'
[0.166s] INFO:colcon.colcon_core.shell:Creating environment hook '/root/ros_ws/install/turtlebot3_teleop/share/turtlebot3_teleop/hook/ament_prefix_path.sh'
[0.166s] INFO:colcon.colcon_core.shell:Skip shell extension 'powershell' for command environment: Not usable outside of PowerShell
[0.166s] DEBUG:colcon.colcon_core.shell:Skip shell extension 'dsv' for command environment
[0.169s] INFO:colcon.colcon_ros.task.ament_python.build:Building ROS package in '/root/ros_ws/src/tb3_multi_nav' with build type 'ament_python'
[0.170s] Level 1:colcon.colcon_core.shell:create_environment_hook('tb3_multi_nav', 'ament_prefix_path')
[0.170s] INFO:colcon.colcon_core.shell:Creating environment hook '/root/ros_ws/install/tb3_multi_nav/share/tb3_multi_nav/hook/ament_prefix_path.ps1'
[0.170s] INFO:colcon.colcon_core.shell:Creating environment descriptor '/root/ros_ws/install/tb3_multi_nav/share/tb3_multi_nav/hook/ament_prefix_path.dsv'
[0.171s] INFO:colcon.colcon_core.shell:Creating environment hook '/root/ros_ws/install/tb3_multi_nav/share/tb3_multi_nav/hook/ament_prefix_path.sh'
[0.171s] INFO:colcon.colcon_core.shell:Skip shell extension 'powershell' for command environment: Not usable outside of PowerShell
[0.171s] DEBUG:colcon.colcon_core.shell:Skip shell extension 'dsv' for command environment
[0.174s] INFO:colcon.colcon_ros.task.ament_cmake.build:Building ROS package in '/root/ros_ws/src/turtlebot3_gazebo' with build type 'ament_cmake'
[0.174s] INFO:colcon.colcon_cmake.task.cmake.build:Building CMake package in '/root/ros_ws/src/turtlebot3_gazebo'
[0.174s] INFO:colcon.colcon_core.shell:Skip shell extension 'powershell' for command environment: Not usable outside of PowerShell
[0.174s] DEBUG:colcon.colcon_core.shell:Skip shell extension 'dsv' for command environment
[0.182s] DEBUG:colcon.colcon_core.event_handler.log_command:Invoking command in '/root/ros_ws/build/turtlebot3_description': CMAKE_PREFIX_PATH=${CMAKE_PREFIX_PATH}:/root/ros_ws/install/turtlebot3_teleop:/root/ros_ws/install/turtlebot3_example:/root/ros_ws/install/tb3_multi_nav:/opt/ros/jazzy /usr/bin/cmake --build /root/ros_ws/build/turtlebot3_description -- -j16 -l16
[0.184s] DEBUG:colcon.colcon_core.event_handler.log_command:Invoking command in '/root/ros_ws/build/turtlebot3_node': CMAKE_PREFIX_PATH=${CMAKE_PREFIX_PATH}:/root/ros_ws/install/turtlebot3_teleop:/root/ros_ws/install/turtlebot3_example:/root/ros_ws/install/tb3_multi_nav:/opt/ros/jazzy /usr/bin/cmake --build /root/ros_ws/build/turtlebot3_node -- -j16 -l16
[0.186s] DEBUG:colcon.colcon_core.event_handler.log_command:Invoking command in '/root/ros_ws/build/turtlebot3_cartographer': CMAKE_PREFIX_PATH=${CMAKE_PREFIX_PATH}:/root/ros_ws/install/turtlebot3_teleop:/root/ros_ws/install/turtlebot3_example:/root/ros_ws/install/tb3_multi_nav:/opt/ros/jazzy /usr/bin/cmake --build /root/ros_ws/build/turtlebot3_cartographer -- -j16 -l16
[0.312s] INFO:colcon.colcon_core.task.python.build:Building Python package in '/root/ros_ws/src/turtlebot3-jazzy/turtlebot3_example'
[0.313s] INFO:colcon.colcon_core.shell:Skip shell extension 'powershell' for command environment: Not usable outside of PowerShell
[0.313s] DEBUG:colcon.colcon_core.shell:Skip shell extension 'dsv' for command environment
[0.317s] DEBUG:colcon.colcon_core.event_handler.log_command:Invoking command in '/root/ros_ws/build/turtlebot3_navigation2': CMAKE_PREFIX_PATH=${CMAKE_PREFIX_PATH}:/root/ros_ws/install/turtlebot3_teleop:/root/ros_ws/install/turtlebot3_example:/root/ros_ws/install/tb3_multi_nav:/opt/ros/jazzy /usr/bin/cmake --build /root/ros_ws/build/turtlebot3_navigation2 -- -j16 -l16
[0.438s] INFO:colcon.colcon_core.task.python.build:Building Python package in '/root/ros_ws/src/turtlebot3-jazzy/turtlebot3_teleop'
[0.438s] INFO:colcon.colcon_core.shell:Skip shell extension 'powershell' for command environment: Not usable outside of PowerShell
[0.438s] DEBUG:colcon.colcon_core.shell:Skip shell extension 'dsv' for command environment
[0.561s] INFO:colcon.colcon_core.task.python.build:Building Python package in '/root/ros_ws/src/tb3_multi_nav'
[0.561s] INFO:colcon.colcon_core.shell:Skip shell extension 'powershell' for command environment: Not usable outside of PowerShell
[0.561s] DEBUG:colcon.colcon_core.shell:Skip shell extension 'dsv' for command environment
[0.569s] DEBUG:colcon.colcon_core.event_handler.log_command:Invoked command in '/root/ros_ws/build/turtlebot3_description' returned '0': CMAKE_PREFIX_PATH=${CMAKE_PREFIX_PATH}:/root/ros_ws/install/turtlebot3_teleop:/root/ros_ws/install/turtlebot3_example:/root/ros_ws/install/tb3_multi_nav:/opt/ros/jazzy /usr/bin/cmake --build /root/ros_ws/build/turtlebot3_description -- -j16 -l16
[0.577s] DEBUG:colcon.colcon_core.event_handler.log_command:Invoking command in '/root/ros_ws/build/turtlebot3_description': CMAKE_PREFIX_PATH=${CMAKE_PREFIX_PATH}:/root/ros_ws/install/turtlebot3_teleop:/root/ros_ws/install/turtlebot3_example:/root/ros_ws/install/tb3_multi_nav:/opt/ros/jazzy /usr/bin/cmake --install /root/ros_ws/build/turtlebot3_description
[0.577s] DEBUG:colcon.colcon_core.event_handler.log_command:Invoked command in '/root/ros_ws/build/turtlebot3_node' returned '0': CMAKE_PREFIX_PATH=${CMAKE_PREFIX_PATH}:/root/ros_ws/install/turtlebot3_teleop:/root/ros_ws/install/turtlebot3_example:/root/ros_ws/install/tb3_multi_nav:/opt/ros/jazzy /usr/bin/cmake --build /root/ros_ws/build/turtlebot3_node -- -j16 -l16
[0.578s] DEBUG:colcon.colcon_core.event_handler.log_command:Invoking command in '/root/ros_ws/build/turtlebot3_node': CMAKE_PREFIX_PATH=${CMAKE_PREFIX_PATH}:/root/ros_ws/install/turtlebot3_teleop:/root/ros_ws/install/turtlebot3_example:/root/ros_ws/install/tb3_multi_nav:/opt/ros/jazzy /usr/bin/cmake --install /root/ros_ws/build/turtlebot3_node
[0.579s] DEBUG:colcon.colcon_core.event_handler.log_command:Invoked command in '/root/ros_ws/build/turtlebot3_cartographer' returned '0': CMAKE_PREFIX_PATH=${CMAKE_PREFIX_PATH}:/root/ros_ws/install/turtlebot3_teleop:/root/ros_ws/install/turtlebot3_example:/root/ros_ws/install/tb3_multi_nav:/opt/ros/jazzy /usr/bin/cmake --build /root/ros_ws/build/turtlebot3_cartographer -- -j16 -l16
[0.579s] DEBUG:colcon.colcon_core.event_handler.log_command:Invoking command in '/root/ros_ws/build/turtlebot3_cartographer': CMAKE_PREFIX_PATH=${CMAKE_PREFIX_PATH}:/root/ros_ws/install/turtlebot3_teleop:/root/ros_ws/install/turtlebot3_example:/root/ros_ws/install/tb3_multi_nav:/opt/ros/jazzy /usr/bin/cmake --install /root/ros_ws/build/turtlebot3_cartographer
[0.584s] DEBUG:colcon.colcon_core.event_handler.log_command:Invoked command in '/root/ros_ws/build/turtlebot3_navigation2' returned '0': CMAKE_PREFIX_PATH=${CMAKE_PREFIX_PATH}:/root/ros_ws/install/turtlebot3_teleop:/root/ros_ws/install/turtlebot3_example:/root/ros_ws/install/tb3_multi_nav:/opt/ros/jazzy /usr/bin/cmake --build /root/ros_ws/build/turtlebot3_navigation2 -- -j16 -l16
[0.585s] DEBUG:colcon.colcon_core.event_handler.log_command:Invoking command in '/root/ros_ws/build/turtlebot3_navigation2': CMAKE_PREFIX_PATH=${CMAKE_PREFIX_PATH}:/root/ros_ws/install/turtlebot3_teleop:/root/ros_ws/install/turtlebot3_example:/root/ros_ws/install/tb3_multi_nav:/opt/ros/jazzy /usr/bin/cmake --install /root/ros_ws/build/turtlebot3_navigation2
[0.587s] DEBUG:colcon.colcon_core.event_handler.log_command:Invoking command in '/root/ros_ws/build/turtlebot3_gazebo': CMAKE_PREFIX_PATH=${CMAKE_PREFIX_PATH}:/root/ros_ws/install/turtlebot3_teleop:/root/ros_ws/install/turtlebot3_example:/root/ros_ws/install/tb3_multi_nav:/opt/ros/jazzy /usr/bin/cmake --build /root/ros_ws/build/turtlebot3_gazebo -- -j16 -l16
[0.609s] Level 1:colcon.colcon_core.environment:create_environment_scripts_only(turtlebot3_description)
[0.611s] DEBUG:colcon.colcon_core.event_handler.log_command:Invoked command in '/root/ros_ws/build/turtlebot3_description' returned '0': CMAKE_PREFIX_PATH=${CMAKE_PREFIX_PATH}:/root/ros_ws/install/turtlebot3_teleop:/root/ros_ws/install/turtlebot3_example:/root/ros_ws/install/tb3_multi_nav:/opt/ros/jazzy /usr/bin/cmake --install /root/ros_ws/build/turtlebot3_description
[0.612s] Level 1:colcon.colcon_core.environment:checking '/root/ros_ws/install/turtlebot3_description' for CMake module files
[0.613s] Level 1:colcon.colcon_core.environment:checking '/root/ros_ws/install/turtlebot3_description' for CMake config files
[0.613s] Level 1:colcon.colcon_core.shell:create_environment_hook('turtlebot3_description', 'cmake_prefix_path')
[0.613s] INFO:colcon.colcon_core.shell:Creating environment hook '/root/ros_ws/install/turtlebot3_description/share/turtlebot3_description/hook/cmake_prefix_path.ps1'
[0.614s] INFO:colcon.colcon_core.shell:Creating environment descriptor '/root/ros_ws/install/turtlebot3_description/share/turtlebot3_description/hook/cmake_prefix_path.dsv'
[0.614s] INFO:colcon.colcon_core.shell:Creating environment hook '/root/ros_ws/install/turtlebot3_description/share/turtlebot3_description/hook/cmake_prefix_path.sh'
[0.614s] Level 1:colcon.colcon_core.environment:checking '/root/ros_ws/install/turtlebot3_description/bin'
[0.614s] Level 1:colcon.colcon_core.environment:checking '/root/ros_ws/install/turtlebot3_description/lib/pkgconfig/turtlebot3_description.pc'
[0.614s] Level 1:colcon.colcon_core.environment:checking '/root/ros_ws/install/turtlebot3_description/lib/python3.12/site-packages'
[0.615s] Level 1:colcon.colcon_core.environment:checking '/root/ros_ws/install/turtlebot3_description/bin'
[0.615s] INFO:colcon.colcon_core.shell:Creating package script '/root/ros_ws/install/turtlebot3_description/share/turtlebot3_description/package.ps1'
[0.615s] INFO:colcon.colcon_core.shell:Creating package descriptor '/root/ros_ws/install/turtlebot3_description/share/turtlebot3_description/package.dsv'
[0.616s] INFO:colcon.colcon_core.shell:Creating package script '/root/ros_ws/install/turtlebot3_description/share/turtlebot3_description/package.sh'
[0.616s] INFO:colcon.colcon_core.shell:Creating package script '/root/ros_ws/install/turtlebot3_description/share/turtlebot3_description/package.bash'
[0.617s] INFO:colcon.colcon_core.shell:Creating package script '/root/ros_ws/install/turtlebot3_description/share/turtlebot3_description/package.zsh'
[0.617s] Level 1:colcon.colcon_core.environment:create_file_with_runtime_dependencies(/root/ros_ws/install/turtlebot3_description/share/colcon-core/packages/turtlebot3_description)
[0.617s] Level 1:colcon.colcon_core.environment:create_environment_scripts_only(turtlebot3_description)
[0.617s] Level 1:colcon.colcon_core.environment:checking '/root/ros_ws/install/turtlebot3_description' for CMake module files
[0.618s] Level 1:colcon.colcon_core.environment:checking '/root/ros_ws/install/turtlebot3_description' for CMake config files
[0.618s] Level 1:colcon.colcon_core.shell:create_environment_hook('turtlebot3_description', 'cmake_prefix_path')
[0.618s] INFO:colcon.colcon_core.shell:Creating environment hook '/root/ros_ws/install/turtlebot3_description/share/turtlebot3_description/hook/cmake_prefix_path.ps1'
[0.618s] INFO:colcon.colcon_core.shell:Creating environment descriptor '/root/ros_ws/install/turtlebot3_description/share/turtlebot3_description/hook/cmake_prefix_path.dsv'
[0.619s] INFO:colcon.colcon_core.shell:Creating environment hook '/root/ros_ws/install/turtlebot3_description/share/turtlebot3_description/hook/cmake_prefix_path.sh'
[0.619s] Level 1:colcon.colcon_core.environment:checking '/root/ros_ws/install/turtlebot3_description/bin'
[0.619s] Level 1:colcon.colcon_core.environment:checking '/root/ros_ws/install/turtlebot3_description/lib/pkgconfig/turtlebot3_description.pc'
[0.620s] Level 1:colcon.colcon_core.environment:checking '/root/ros_ws/install/turtlebot3_description/lib/python3.12/site-packages'
[0.620s] Level 1:colcon.colcon_core.environment:checking '/root/ros_ws/install/turtlebot3_description/bin'
[0.620s] INFO:colcon.colcon_core.shell:Creating package script '/root/ros_ws/install/turtlebot3_description/share/turtlebot3_description/package.ps1'
[0.621s] INFO:colcon.colcon_core.shell:Creating package descriptor '/root/ros_ws/install/turtlebot3_description/share/turtlebot3_description/package.dsv'
[0.622s] INFO:colcon.colcon_core.shell:Creating package script '/root/ros_ws/install/turtlebot3_description/share/turtlebot3_description/package.sh'
[0.622s] INFO:colcon.colcon_core.shell:Creating package script '/root/ros_ws/install/turtlebot3_description/share/turtlebot3_description/package.bash'
[0.622s] INFO:colcon.colcon_core.shell:Creating package script '/root/ros_ws/install/turtlebot3_description/share/turtlebot3_description/package.zsh'
[0.623s] Level 1:colcon.colcon_core.environment:create_file_with_runtime_dependencies(/root/ros_ws/install/turtlebot3_description/share/colcon-core/packages/turtlebot3_description)
[0.625s] Level 1:colcon.colcon_core.environment:create_environment_scripts_only(turtlebot3_cartographer)
[0.625s] DEBUG:colcon.colcon_core.event_handler.log_command:Invoked command in '/root/ros_ws/build/turtlebot3_cartographer' returned '0': CMAKE_PREFIX_PATH=${CMAKE_PREFIX_PATH}:/root/ros_ws/install/turtlebot3_teleop:/root/ros_ws/install/turtlebot3_example:/root/ros_ws/install/tb3_multi_nav:/opt/ros/jazzy /usr/bin/cmake --install /root/ros_ws/build/turtlebot3_cartographer
[0.626s] Level 1:colcon.colcon_core.environment:checking '/root/ros_ws/install/turtlebot3_cartographer' for CMake module files
[0.626s] Level 1:colcon.colcon_core.environment:checking '/root/ros_ws/install/turtlebot3_cartographer' for CMake config files
[0.626s] Level 1:colcon.colcon_core.shell:create_environment_hook('turtlebot3_cartographer', 'cmake_prefix_path')
[0.627s] INFO:colcon.colcon_core.shell:Creating environment hook '/root/ros_ws/install/turtlebot3_cartographer/share/turtlebot3_cartographer/hook/cmake_prefix_path.ps1'
[0.627s] INFO:colcon.colcon_core.shell:Creating environment descriptor '/root/ros_ws/install/turtlebot3_cartographer/share/turtlebot3_cartographer/hook/cmake_prefix_path.dsv'
[0.627s] INFO:colcon.colcon_core.shell:Creating environment hook '/root/ros_ws/install/turtlebot3_cartographer/share/turtlebot3_cartographer/hook/cmake_prefix_path.sh'
[0.628s] Level 1:colcon.colcon_core.environment:checking '/root/ros_ws/install/turtlebot3_cartographer/bin'
[0.628s] Level 1:colcon.colcon_core.environment:checking '/root/ros_ws/install/turtlebot3_cartographer/lib/pkgconfig/turtlebot3_cartographer.pc'
[0.628s] Level 1:colcon.colcon_core.environment:checking '/root/ros_ws/install/turtlebot3_cartographer/lib/python3.12/site-packages'
[0.629s] Level 1:colcon.colcon_core.environment:checking '/root/ros_ws/install/turtlebot3_cartographer/bin'
[0.629s] INFO:colcon.colcon_core.shell:Creating package script '/root/ros_ws/install/turtlebot3_cartographer/share/turtlebot3_cartographer/package.ps1'
[0.630s] INFO:colcon.colcon_core.shell:Creating package descriptor '/root/ros_ws/install/turtlebot3_cartographer/share/turtlebot3_cartographer/package.dsv'
[0.630s] INFO:colcon.colcon_core.shell:Creating package script '/root/ros_ws/install/turtlebot3_cartographer/share/turtlebot3_cartographer/package.sh'
[0.630s] INFO:colcon.colcon_core.shell:Creating package script '/root/ros_ws/install/turtlebot3_cartographer/share/turtlebot3_cartographer/package.bash'
[0.631s] INFO:colcon.colcon_core.shell:Creating package script '/root/ros_ws/install/turtlebot3_cartographer/share/turtlebot3_cartographer/package.zsh'
[0.631s] Level 1:colcon.colcon_core.environment:create_file_with_runtime_dependencies(/root/ros_ws/install/turtlebot3_cartographer/share/colcon-core/packages/turtlebot3_cartographer)
[0.632s] Level 1:colcon.colcon_core.environment:create_environment_scripts_only(turtlebot3_cartographer)
[0.632s] Level 1:colcon.colcon_core.environment:checking '/root/ros_ws/install/turtlebot3_cartographer' for CMake module files
[0.632s] Level 1:colcon.colcon_core.environment:checking '/root/ros_ws/install/turtlebot3_cartographer' for CMake config files
[0.632s] Level 1:colcon.colcon_core.shell:create_environment_hook('turtlebot3_cartographer', 'cmake_prefix_path')
[0.633s] INFO:colcon.colcon_core.shell:Creating environment hook '/root/ros_ws/install/turtlebot3_cartographer/share/turtlebot3_cartographer/hook/cmake_prefix_path.ps1'
[0.633s] INFO:colcon.colcon_core.shell:Creating environment descriptor '/root/ros_ws/install/turtlebot3_cartographer/share/turtlebot3_cartographer/hook/cmake_prefix_path.dsv'
[0.633s] INFO:colcon.colcon_core.shell:Creating environment hook '/root/ros_ws/install/turtlebot3_cartographer/share/turtlebot3_cartographer/hook/cmake_prefix_path.sh'
[0.634s] Level 1:colcon.colcon_core.environment:checking '/root/ros_ws/install/turtlebot3_cartographer/bin'
[0.634s] Level 1:colcon.colcon_core.environment:checking '/root/ros_ws/install/turtlebot3_cartographer/lib/pkgconfig/turtlebot3_cartographer.pc'
[0.634s] Level 1:colcon.colcon_core.environment:checking '/root/ros_ws/install/turtlebot3_cartographer/lib/python3.12/site-packages'
[0.635s] Level 1:colcon.colcon_core.environment:checking '/root/ros_ws/install/turtlebot3_cartographer/bin'
[0.635s] INFO:colcon.colcon_core.shell:Creating package script '/root/ros_ws/install/turtlebot3_cartographer/share/turtlebot3_cartographer/package.ps1'
[0.635s] INFO:colcon.colcon_core.shell:Creating package descriptor '/root/ros_ws/install/turtlebot3_cartographer/share/turtlebot3_cartographer/package.dsv'
[0.636s] INFO:colcon.colcon_core.shell:Creating package script '/root/ros_ws/install/turtlebot3_cartographer/share/turtlebot3_cartographer/package.sh'
[0.637s] INFO:colcon.colcon_core.shell:Creating package script '/root/ros_ws/install/turtlebot3_cartographer/share/turtlebot3_cartographer/package.bash'
[0.637s] INFO:colcon.colcon_core.shell:Creating package script '/root/ros_ws/install/turtlebot3_cartographer/share/turtlebot3_cartographer/package.zsh'
[0.637s] Level 1:colcon.colcon_core.environment:create_file_with_runtime_dependencies(/root/ros_ws/install/turtlebot3_cartographer/share/colcon-core/packages/turtlebot3_cartographer)
[0.637s] Level 1:colcon.colcon_core.environment:create_environment_scripts_only(turtlebot3_node)
[0.638s] Level 1:colcon.colcon_core.environment:checking '/root/ros_ws/install/turtlebot3_node' for CMake module files
[0.639s] Level 1:colcon.colcon_core.environment:checking '/root/ros_ws/install/turtlebot3_node' for CMake config files
[0.639s] DEBUG:colcon.colcon_core.event_handler.log_command:Invoked command in '/root/ros_ws/build/turtlebot3_node' returned '0': CMAKE_PREFIX_PATH=${CMAKE_PREFIX_PATH}:/root/ros_ws/install/turtlebot3_teleop:/root/ros_ws/install/turtlebot3_example:/root/ros_ws/install/tb3_multi_nav:/opt/ros/jazzy /usr/bin/cmake --install /root/ros_ws/build/turtlebot3_node
[0.639s] Level 1:colcon.colcon_core.shell:create_environment_hook('turtlebot3_node', 'cmake_prefix_path')
[0.640s] INFO:colcon.colcon_core.shell:Creating environment hook '/root/ros_ws/install/turtlebot3_node/share/turtlebot3_node/hook/cmake_prefix_path.ps1'
[0.640s] INFO:colcon.colcon_core.shell:Creating environment descriptor '/root/ros_ws/install/turtlebot3_node/share/turtlebot3_node/hook/cmake_prefix_path.dsv'
[0.640s] INFO:colcon.colcon_core.shell:Creating environment hook '/root/ros_ws/install/turtlebot3_node/share/turtlebot3_node/hook/cmake_prefix_path.sh'
[0.641s] Level 1:colcon.colcon_core.environment:checking '/root/ros_ws/install/turtlebot3_node/lib'
[0.642s] Level 1:colcon.colcon_core.environment:checking '/root/ros_ws/install/turtlebot3_node/bin'
[0.642s] Level 1:colcon.colcon_core.environment:checking '/root/ros_ws/install/turtlebot3_node/lib/pkgconfig/turtlebot3_node.pc'
[0.642s] Level 1:colcon.colcon_core.environment:checking '/root/ros_ws/install/turtlebot3_node/lib/python3.12/site-packages'
[0.642s] Level 1:colcon.colcon_core.environment:checking '/root/ros_ws/install/turtlebot3_node/bin'
[0.642s] INFO:colcon.colcon_core.shell:Creating package script '/root/ros_ws/install/turtlebot3_node/share/turtlebot3_node/package.ps1'
[0.643s] INFO:colcon.colcon_core.shell:Creating package descriptor '/root/ros_ws/install/turtlebot3_node/share/turtlebot3_node/package.dsv'
[0.643s] INFO:colcon.colcon_core.shell:Creating package script '/root/ros_ws/install/turtlebot3_node/share/turtlebot3_node/package.sh'
[0.644s] INFO:colcon.colcon_core.shell:Creating package script '/root/ros_ws/install/turtlebot3_node/share/turtlebot3_node/package.bash'
[0.644s] INFO:colcon.colcon_core.shell:Creating package script '/root/ros_ws/install/turtlebot3_node/share/turtlebot3_node/package.zsh'
[0.644s] Level 1:colcon.colcon_core.environment:create_file_with_runtime_dependencies(/root/ros_ws/install/turtlebot3_node/share/colcon-core/packages/turtlebot3_node)
[0.645s] Level 1:colcon.colcon_core.environment:create_environment_scripts_only(turtlebot3_node)
[0.645s] Level 1:colcon.colcon_core.environment:checking '/root/ros_ws/install/turtlebot3_node' for CMake module files
[0.645s] Level 1:colcon.colcon_core.environment:checking '/root/ros_ws/install/turtlebot3_node' for CMake config files
[0.645s] Level 1:colcon.colcon_core.shell:create_environment_hook('turtlebot3_node', 'cmake_prefix_path')
[0.645s] INFO:colcon.colcon_core.shell:Creating environment hook '/root/ros_ws/install/turtlebot3_node/share/turtlebot3_node/hook/cmake_prefix_path.ps1'
[0.646s] INFO:colcon.colcon_core.shell:Creating environment descriptor '/root/ros_ws/install/turtlebot3_node/share/turtlebot3_node/hook/cmake_prefix_path.dsv'
[0.646s] INFO:colcon.colcon_core.shell:Creating environment hook '/root/ros_ws/install/turtlebot3_node/share/turtlebot3_node/hook/cmake_prefix_path.sh'
[0.647s] Level 1:colcon.colcon_core.environment:checking '/root/ros_ws/install/turtlebot3_node/lib'
[0.647s] Level 1:colcon.colcon_core.environment:checking '/root/ros_ws/install/turtlebot3_node/bin'
[0.647s] Level 1:colcon.colcon_core.environment:checking '/root/ros_ws/install/turtlebot3_node/lib/pkgconfig/turtlebot3_node.pc'
[0.647s] Level 1:colcon.colcon_core.environment:checking '/root/ros_ws/install/turtlebot3_node/lib/python3.12/site-packages'
[0.648s] Level 1:colcon.colcon_core.environment:checking '/root/ros_ws/install/turtlebot3_node/bin'
[0.648s] INFO:colcon.colcon_core.shell:Creating package script '/root/ros_ws/install/turtlebot3_node/share/turtlebot3_node/package.ps1'
[0.648s] INFO:colcon.colcon_core.shell:Creating package descriptor '/root/ros_ws/install/turtlebot3_node/share/turtlebot3_node/package.dsv'
[0.649s] INFO:colcon.colcon_core.shell:Creating package script '/root/ros_ws/install/turtlebot3_node/share/turtlebot3_node/package.sh'
[0.649s] INFO:colcon.colcon_core.shell:Creating package script '/root/ros_ws/install/turtlebot3_node/share/turtlebot3_node/package.bash'
[0.649s] INFO:colcon.colcon_core.shell:Creating package script '/root/ros_ws/install/turtlebot3_node/share/turtlebot3_node/package.zsh'
[0.649s] Level 1:colcon.colcon_core.environment:create_file_with_runtime_dependencies(/root/ros_ws/install/turtlebot3_node/share/colcon-core/packages/turtlebot3_node)
[0.650s] INFO:colcon.colcon_ros.task.ament_cmake.build:Building ROS package in '/root/ros_ws/src/turtlebot3-jazzy/turtlebot3_bringup' with build type 'ament_cmake'
[0.650s] INFO:colcon.colcon_cmake.task.cmake.build:Building CMake package in '/root/ros_ws/src/turtlebot3-jazzy/turtlebot3_bringup'
[0.651s] INFO:colcon.colcon_core.shell:Skip shell extension 'powershell' for command environment: Not usable outside of PowerShell
[0.651s] DEBUG:colcon.colcon_core.shell:Skip shell extension 'dsv' for command environment
[0.655s] Level 1:colcon.colcon_core.environment:create_environment_scripts_only(turtlebot3_navigation2)
[0.655s] Level 1:colcon.colcon_core.environment:checking '/root/ros_ws/install/turtlebot3_navigation2' for CMake module files
[0.656s] DEBUG:colcon.colcon_core.event_handler.log_command:Invoked command in '/root/ros_ws/build/turtlebot3_navigation2' returned '0': CMAKE_PREFIX_PATH=${CMAKE_PREFIX_PATH}:/root/ros_ws/install/turtlebot3_teleop:/root/ros_ws/install/turtlebot3_example:/root/ros_ws/install/tb3_multi_nav:/opt/ros/jazzy /usr/bin/cmake --install /root/ros_ws/build/turtlebot3_navigation2
[0.657s] Level 1:colcon.colcon_core.environment:checking '/root/ros_ws/install/turtlebot3_navigation2' for CMake config files
[0.657s] Level 1:colcon.colcon_core.shell:create_environment_hook('turtlebot3_navigation2', 'cmake_prefix_path')
[0.657s] INFO:colcon.colcon_core.shell:Creating environment hook '/root/ros_ws/install/turtlebot3_navigation2/share/turtlebot3_navigation2/hook/cmake_prefix_path.ps1'
[0.658s] INFO:colcon.colcon_core.shell:Creating environment descriptor '/root/ros_ws/install/turtlebot3_navigation2/share/turtlebot3_navigation2/hook/cmake_prefix_path.dsv'
[0.658s] INFO:colcon.colcon_core.shell:Creating environment hook '/root/ros_ws/install/turtlebot3_navigation2/share/turtlebot3_navigation2/hook/cmake_prefix_path.sh'
[0.659s] Level 1:colcon.colcon_core.environment:checking '/root/ros_ws/install/turtlebot3_navigation2/bin'
[0.659s] Level 1:colcon.colcon_core.environment:checking '/root/ros_ws/install/turtlebot3_navigation2/lib/pkgconfig/turtlebot3_navigation2.pc'
[0.660s] Level 1:colcon.colcon_core.environment:checking '/root/ros_ws/install/turtlebot3_navigation2/lib/python3.12/site-packages'
[0.660s] Level 1:colcon.colcon_core.environment:checking '/root/ros_ws/install/turtlebot3_navigation2/bin'
[0.660s] INFO:colcon.colcon_core.shell:Creating package script '/root/ros_ws/install/turtlebot3_navigation2/share/turtlebot3_navigation2/package.ps1'
[0.661s] INFO:colcon.colcon_core.shell:Creating package descriptor '/root/ros_ws/install/turtlebot3_navigation2/share/turtlebot3_navigation2/package.dsv'
[0.662s] INFO:colcon.colcon_core.shell:Creating package script '/root/ros_ws/install/turtlebot3_navigation2/share/turtlebot3_navigation2/package.sh'
[0.663s] INFO:colcon.colcon_core.shell:Creating package script '/root/ros_ws/install/turtlebot3_navigation2/share/turtlebot3_navigation2/package.bash'
[0.664s] INFO:colcon.colcon_core.shell:Creating package script '/root/ros_ws/install/turtlebot3_navigation2/share/turtlebot3_navigation2/package.zsh'
[0.665s] Level 1:colcon.colcon_core.environment:create_file_with_runtime_dependencies(/root/ros_ws/install/turtlebot3_navigation2/share/colcon-core/packages/turtlebot3_navigation2)
[0.667s] Level 1:colcon.colcon_core.environment:create_environment_scripts_only(turtlebot3_navigation2)
[0.667s] Level 1:colcon.colcon_core.environment:checking '/root/ros_ws/install/turtlebot3_navigation2' for CMake module files
[0.670s] Level 1:colcon.colcon_core.environment:checking '/root/ros_ws/install/turtlebot3_navigation2' for CMake config files
[0.671s] Level 1:colcon.colcon_core.shell:create_environment_hook('turtlebot3_navigation2', 'cmake_prefix_path')
[0.671s] INFO:colcon.colcon_core.shell:Creating environment hook '/root/ros_ws/install/turtlebot3_navigation2/share/turtlebot3_navigation2/hook/cmake_prefix_path.ps1'
[0.672s] INFO:colcon.colcon_core.shell:Creating environment descriptor '/root/ros_ws/install/turtlebot3_navigation2/share/turtlebot3_navigation2/hook/cmake_prefix_path.dsv'
[0.673s] INFO:colcon.colcon_core.shell:Creating environment hook '/root/ros_ws/install/turtlebot3_navigation2/share/turtlebot3_navigation2/hook/cmake_prefix_path.sh'
[0.674s] Level 1:colcon.colcon_core.environment:checking '/root/ros_ws/install/turtlebot3_navigation2/bin'
[0.674s] Level 1:colcon.colcon_core.environment:checking '/root/ros_ws/install/turtlebot3_navigation2/lib/pkgconfig/turtlebot3_navigation2.pc'
[0.674s] Level 1:colcon.colcon_core.environment:checking '/root/ros_ws/install/turtlebot3_navigation2/lib/python3.12/site-packages'
[0.674s] Level 1:colcon.colcon_core.environment:checking '/root/ros_ws/install/turtlebot3_navigation2/bin'
[0.675s] INFO:colcon.colcon_core.shell:Creating package script '/root/ros_ws/install/turtlebot3_navigation2/share/turtlebot3_navigation2/package.ps1'
[0.676s] INFO:colcon.colcon_core.shell:Creating package descriptor '/root/ros_ws/install/turtlebot3_navigation2/share/turtlebot3_navigation2/package.dsv'
[0.676s] INFO:colcon.colcon_core.shell:Creating package script '/root/ros_ws/install/turtlebot3_navigation2/share/turtlebot3_navigation2/package.sh'
[0.677s] INFO:colcon.colcon_core.shell:Creating package script '/root/ros_ws/install/turtlebot3_navigation2/share/turtlebot3_navigation2/package.bash'
[0.677s] INFO:colcon.colcon_core.shell:Creating package script '/root/ros_ws/install/turtlebot3_navigation2/share/turtlebot3_navigation2/package.zsh'
[0.678s] Level 1:colcon.colcon_core.environment:create_file_with_runtime_dependencies(/root/ros_ws/install/turtlebot3_navigation2/share/colcon-core/packages/turtlebot3_navigation2)
[0.683s] DEBUG:colcon.colcon_core.event_handler.log_command:Invoking command in '/root/ros_ws/build/turtlebot3_bringup': CMAKE_PREFIX_PATH=/root/ros_ws/install/turtlebot3_node:/root/ros_ws/install/turtlebot3_description:/root/ros_ws/install/turtlebot3:/root/ros_ws/install/turtlebot3_bringup:/root/ros_ws/install/turtlebot3_navigation2:/root/ros_ws/install/turtlebot3_gazebo:/root/ros_ws/install/turtlebot3_cartographer:/opt/ros/jazzy/opt/gz_sim_vendor:/opt/ros/jazzy/opt/gz_sensors_vendor:/opt/ros/jazzy/opt/gz_physics_vendor:/opt/ros/jazzy/opt/sdformat_vendor:/opt/ros/jazzy/opt/gz_gui_vendor:/opt/ros/jazzy/opt/gz_transport_vendor:/opt/ros/jazzy/opt/gz_rendering_vendor:/opt/ros/jazzy/opt/gz_plugin_vendor:/opt/ros/jazzy/opt/gz_fuel_tools_vendor:/opt/ros/jazzy/opt/gz_msgs_vendor:/opt/ros/jazzy/opt/gz_common_vendor:/opt/ros/jazzy/opt/gz_math_vendor:/opt/ros/jazzy/opt/gz_utils_vendor:/opt/ros/jazzy/opt/gz_tools_vendor:/opt/ros/jazzy/opt/gz_ogre_next_vendor:/opt/ros/jazzy/opt/gz_dartsim_vendor:/opt/ros/jazzy/opt/gz_cmake_vendor:/root/ros_ws/install/turtlebot3_teleop:/root/ros_ws/install/turtlebot3_example:/root/ros_ws/install/tb3_multi_nav:/opt/ros/jazzy /usr/bin/cmake --build /root/ros_ws/build/turtlebot3_bringup -- -j16 -l16
[0.727s] DEBUG:colcon.colcon_core.event_handler.log_command:Invoked command in '/root/ros_ws/build/turtlebot3_bringup' returned '0': CMAKE_PREFIX_PATH=/root/ros_ws/install/turtlebot3_node:/root/ros_ws/install/turtlebot3_description:/root/ros_ws/install/turtlebot3:/root/ros_ws/install/turtlebot3_bringup:/root/ros_ws/install/turtlebot3_navigation2:/root/ros_ws/install/turtlebot3_gazebo:/root/ros_ws/install/turtlebot3_cartographer:/opt/ros/jazzy/opt/gz_sim_vendor:/opt/ros/jazzy/opt/gz_sensors_vendor:/opt/ros/jazzy/opt/gz_physics_vendor:/opt/ros/jazzy/opt/sdformat_vendor:/opt/ros/jazzy/opt/gz_gui_vendor:/opt/ros/jazzy/opt/gz_transport_vendor:/opt/ros/jazzy/opt/gz_rendering_vendor:/opt/ros/jazzy/opt/gz_plugin_vendor:/opt/ros/jazzy/opt/gz_fuel_tools_vendor:/opt/ros/jazzy/opt/gz_msgs_vendor:/opt/ros/jazzy/opt/gz_common_vendor:/opt/ros/jazzy/opt/gz_math_vendor:/opt/ros/jazzy/opt/gz_utils_vendor:/opt/ros/jazzy/opt/gz_tools_vendor:/opt/ros/jazzy/opt/gz_ogre_next_vendor:/opt/ros/jazzy/opt/gz_dartsim_vendor:/opt/ros/jazzy/opt/gz_cmake_vendor:/root/ros_ws/install/turtlebot3_teleop:/root/ros_ws/install/turtlebot3_example:/root/ros_ws/install/tb3_multi_nav:/opt/ros/jazzy /usr/bin/cmake --build /root/ros_ws/build/turtlebot3_bringup -- -j16 -l16
[0.729s] DEBUG:colcon.colcon_core.event_handler.log_command:Invoking command in '/root/ros_ws/build/turtlebot3_bringup': CMAKE_PREFIX_PATH=/root/ros_ws/install/turtlebot3_node:/root/ros_ws/install/turtlebot3_description:/root/ros_ws/install/turtlebot3:/root/ros_ws/install/turtlebot3_bringup:/root/ros_ws/install/turtlebot3_navigation2:/root/ros_ws/install/turtlebot3_gazebo:/root/ros_ws/install/turtlebot3_cartographer:/opt/ros/jazzy/opt/gz_sim_vendor:/opt/ros/jazzy/opt/gz_sensors_vendor:/opt/ros/jazzy/opt/gz_physics_vendor:/opt/ros/jazzy/opt/sdformat_vendor:/opt/ros/jazzy/opt/gz_gui_vendor:/opt/ros/jazzy/opt/gz_transport_vendor:/opt/ros/jazzy/opt/gz_rendering_vendor:/opt/ros/jazzy/opt/gz_plugin_vendor:/opt/ros/jazzy/opt/gz_fuel_tools_vendor:/opt/ros/jazzy/opt/gz_msgs_vendor:/opt/ros/jazzy/opt/gz_common_vendor:/opt/ros/jazzy/opt/gz_math_vendor:/opt/ros/jazzy/opt/gz_utils_vendor:/opt/ros/jazzy/opt/gz_tools_vendor:/opt/ros/jazzy/opt/gz_ogre_next_vendor:/opt/ros/jazzy/opt/gz_dartsim_vendor:/opt/ros/jazzy/opt/gz_cmake_vendor:/root/ros_ws/install/turtlebot3_teleop:/root/ros_ws/install/turtlebot3_example:/root/ros_ws/install/tb3_multi_nav:/opt/ros/jazzy /usr/bin/cmake --install /root/ros_ws/build/turtlebot3_bringup
[0.742s] Level 1:colcon.colcon_core.environment:create_environment_scripts_only(turtlebot3_bringup)
[0.742s] Level 1:colcon.colcon_core.environment:checking '/root/ros_ws/install/turtlebot3_bringup' for CMake module files
[0.742s] DEBUG:colcon.colcon_core.event_handler.log_command:Invoked command in '/root/ros_ws/build/turtlebot3_bringup' returned '0': CMAKE_PREFIX_PATH=/root/ros_ws/install/turtlebot3_node:/root/ros_ws/install/turtlebot3_description:/root/ros_ws/install/turtlebot3:/root/ros_ws/install/turtlebot3_bringup:/root/ros_ws/install/turtlebot3_navigation2:/root/ros_ws/install/turtlebot3_gazebo:/root/ros_ws/install/turtlebot3_cartographer:/opt/ros/jazzy/opt/gz_sim_vendor:/opt/ros/jazzy/opt/gz_sensors_vendor:/opt/ros/jazzy/opt/gz_physics_vendor:/opt/ros/jazzy/opt/sdformat_vendor:/opt/ros/jazzy/opt/gz_gui_vendor:/opt/ros/jazzy/opt/gz_transport_vendor:/opt/ros/jazzy/opt/gz_rendering_vendor:/opt/ros/jazzy/opt/gz_plugin_vendor:/opt/ros/jazzy/opt/gz_fuel_tools_vendor:/opt/ros/jazzy/opt/gz_msgs_vendor:/opt/ros/jazzy/opt/gz_common_vendor:/opt/ros/jazzy/opt/gz_math_vendor:/opt/ros/jazzy/opt/gz_utils_vendor:/opt/ros/jazzy/opt/gz_tools_vendor:/opt/ros/jazzy/opt/gz_ogre_next_vendor:/opt/ros/jazzy/opt/gz_dartsim_vendor:/opt/ros/jazzy/opt/gz_cmake_vendor:/root/ros_ws/install/turtlebot3_teleop:/root/ros_ws/install/turtlebot3_example:/root/ros_ws/install/tb3_multi_nav:/opt/ros/jazzy /usr/bin/cmake --install /root/ros_ws/build/turtlebot3_bringup
[0.743s] Level 1:colcon.colcon_core.environment:checking '/root/ros_ws/install/turtlebot3_bringup' for CMake config files
[0.743s] Level 1:colcon.colcon_core.shell:create_environment_hook('turtlebot3_bringup', 'cmake_prefix_path')
[0.743s] INFO:colcon.colcon_core.shell:Creating environment hook '/root/ros_ws/install/turtlebot3_bringup/share/turtlebot3_bringup/hook/cmake_prefix_path.ps1'
[0.744s] INFO:colcon.colcon_core.shell:Creating environment descriptor '/root/ros_ws/install/turtlebot3_bringup/share/turtlebot3_bringup/hook/cmake_prefix_path.dsv'
[0.744s] INFO:colcon.colcon_core.shell:Creating environment hook '/root/ros_ws/install/turtlebot3_bringup/share/turtlebot3_bringup/hook/cmake_prefix_path.sh'
[0.744s] Level 1:colcon.colcon_core.environment:checking '/root/ros_ws/install/turtlebot3_bringup/bin'
[0.744s] Level 1:colcon.colcon_core.environment:checking '/root/ros_ws/install/turtlebot3_bringup/lib/pkgconfig/turtlebot3_bringup.pc'
[0.744s] Level 1:colcon.colcon_core.environment:checking '/root/ros_ws/install/turtlebot3_bringup/lib/python3.12/site-packages'
[0.745s] Level 1:colcon.colcon_core.environment:checking '/root/ros_ws/install/turtlebot3_bringup/bin'
[0.745s] INFO:colcon.colcon_core.shell:Creating package script '/root/ros_ws/install/turtlebot3_bringup/share/turtlebot3_bringup/package.ps1'
[0.745s] INFO:colcon.colcon_core.shell:Creating package descriptor '/root/ros_ws/install/turtlebot3_bringup/share/turtlebot3_bringup/package.dsv'
[0.745s] INFO:colcon.colcon_core.shell:Creating package script '/root/ros_ws/install/turtlebot3_bringup/share/turtlebot3_bringup/package.sh'
[0.746s] INFO:colcon.colcon_core.shell:Creating package script '/root/ros_ws/install/turtlebot3_bringup/share/turtlebot3_bringup/package.bash'
[0.746s] INFO:colcon.colcon_core.shell:Creating package script '/root/ros_ws/install/turtlebot3_bringup/share/turtlebot3_bringup/package.zsh'
[0.746s] Level 1:colcon.colcon_core.environment:create_file_with_runtime_dependencies(/root/ros_ws/install/turtlebot3_bringup/share/colcon-core/packages/turtlebot3_bringup)
[0.747s] Level 1:colcon.colcon_core.environment:create_environment_scripts_only(turtlebot3_bringup)
[0.747s] Level 1:colcon.colcon_core.environment:checking '/root/ros_ws/install/turtlebot3_bringup' for CMake module files
[0.747s] Level 1:colcon.colcon_core.environment:checking '/root/ros_ws/install/turtlebot3_bringup' for CMake config files
[0.747s] Level 1:colcon.colcon_core.shell:create_environment_hook('turtlebot3_bringup', 'cmake_prefix_path')
[0.747s] INFO:colcon.colcon_core.shell:Creating environment hook '/root/ros_ws/install/turtlebot3_bringup/share/turtlebot3_bringup/hook/cmake_prefix_path.ps1'
[0.747s] INFO:colcon.colcon_core.shell:Creating environment descriptor '/root/ros_ws/install/turtlebot3_bringup/share/turtlebot3_bringup/hook/cmake_prefix_path.dsv'
[0.748s] INFO:colcon.colcon_core.shell:Creating environment hook '/root/ros_ws/install/turtlebot3_bringup/share/turtlebot3_bringup/hook/cmake_prefix_path.sh'
[0.748s] Level 1:colcon.colcon_core.environment:checking '/root/ros_ws/install/turtlebot3_bringup/bin'
[0.748s] Level 1:colcon.colcon_core.environment:checking '/root/ros_ws/install/turtlebot3_bringup/lib/pkgconfig/turtlebot3_bringup.pc'
[0.748s] Level 1:colcon.colcon_core.environment:checking '/root/ros_ws/install/turtlebot3_bringup/lib/python3.12/site-packages'
[0.748s] Level 1:colcon.colcon_core.environment:checking '/root/ros_ws/install/turtlebot3_bringup/bin'
[0.749s] INFO:colcon.colcon_core.shell:Creating package script '/root/ros_ws/install/turtlebot3_bringup/share/turtlebot3_bringup/package.ps1'
[0.749s] INFO:colcon.colcon_core.shell:Creating package descriptor '/root/ros_ws/install/turtlebot3_bringup/share/turtlebot3_bringup/package.dsv'
[0.749s] INFO:colcon.colcon_core.shell:Creating package script '/root/ros_ws/install/turtlebot3_bringup/share/turtlebot3_bringup/package.sh'
[0.750s] INFO:colcon.colcon_core.shell:Creating package script '/root/ros_ws/install/turtlebot3_bringup/share/turtlebot3_bringup/package.bash'
[0.750s] INFO:colcon.colcon_core.shell:Creating package script '/root/ros_ws/install/turtlebot3_bringup/share/turtlebot3_bringup/package.zsh'
[0.750s] Level 1:colcon.colcon_core.environment:create_file_with_runtime_dependencies(/root/ros_ws/install/turtlebot3_bringup/share/colcon-core/packages/turtlebot3_bringup)
[0.752s] DEBUG:colcon.colcon_core.event_handler.log_command:Invoked command in '/root/ros_ws/build/turtlebot3_gazebo' returned '0': CMAKE_PREFIX_PATH=${CMAKE_PREFIX_PATH}:/root/ros_ws/install/turtlebot3_teleop:/root/ros_ws/install/turtlebot3_example:/root/ros_ws/install/tb3_multi_nav:/opt/ros/jazzy /usr/bin/cmake --build /root/ros_ws/build/turtlebot3_gazebo -- -j16 -l16
[0.753s] DEBUG:colcon.colcon_core.event_handler.log_command:Invoking command in '/root/ros_ws/build/turtlebot3_gazebo': CMAKE_PREFIX_PATH=${CMAKE_PREFIX_PATH}:/root/ros_ws/install/turtlebot3_teleop:/root/ros_ws/install/turtlebot3_example:/root/ros_ws/install/tb3_multi_nav:/opt/ros/jazzy /usr/bin/cmake --install /root/ros_ws/build/turtlebot3_gazebo
[0.773s] Level 1:colcon.colcon_core.environment:create_environment_scripts_only(turtlebot3_gazebo)
[0.773s] Level 1:colcon.colcon_core.environment:checking '/root/ros_ws/install/turtlebot3_gazebo' for CMake module files
[0.780s] Level 1:colcon.colcon_core.environment:checking '/root/ros_ws/install/turtlebot3_gazebo' for CMake config files
[0.783s] DEBUG:colcon.colcon_core.event_handler.log_command:Invoked command in '/root/ros_ws/build/turtlebot3_gazebo' returned '0': CMAKE_PREFIX_PATH=${CMAKE_PREFIX_PATH}:/root/ros_ws/install/turtlebot3_teleop:/root/ros_ws/install/turtlebot3_example:/root/ros_ws/install/tb3_multi_nav:/opt/ros/jazzy /usr/bin/cmake --install /root/ros_ws/build/turtlebot3_gazebo
[0.784s] Level 1:colcon.colcon_core.shell:create_environment_hook('turtlebot3_gazebo', 'cmake_prefix_path')
[0.784s] INFO:colcon.colcon_core.shell:Creating environment hook '/root/ros_ws/install/turtlebot3_gazebo/share/turtlebot3_gazebo/hook/cmake_prefix_path.ps1'
[0.784s] INFO:colcon.colcon_core.shell:Creating environment descriptor '/root/ros_ws/install/turtlebot3_gazebo/share/turtlebot3_gazebo/hook/cmake_prefix_path.dsv'
[0.784s] INFO:colcon.colcon_core.shell:Creating environment hook '/root/ros_ws/install/turtlebot3_gazebo/share/turtlebot3_gazebo/hook/cmake_prefix_path.sh'
[0.785s] Level 1:colcon.colcon_core.environment:checking '/root/ros_ws/install/turtlebot3_gazebo/lib'
[0.785s] Level 1:colcon.colcon_core.environment:checking '/root/ros_ws/install/turtlebot3_gazebo/bin'
[0.785s] Level 1:colcon.colcon_core.environment:checking '/root/ros_ws/install/turtlebot3_gazebo/lib/pkgconfig/turtlebot3_gazebo.pc'
[0.785s] Level 1:colcon.colcon_core.environment:checking '/root/ros_ws/install/turtlebot3_gazebo/lib/python3.12/site-packages'
[0.785s] Level 1:colcon.colcon_core.environment:checking '/root/ros_ws/install/turtlebot3_gazebo/bin'
[0.786s] INFO:colcon.colcon_core.shell:Creating package script '/root/ros_ws/install/turtlebot3_gazebo/share/turtlebot3_gazebo/package.ps1'
[0.786s] INFO:colcon.colcon_core.shell:Creating package descriptor '/root/ros_ws/install/turtlebot3_gazebo/share/turtlebot3_gazebo/package.dsv'
[0.786s] INFO:colcon.colcon_core.shell:Creating package script '/root/ros_ws/install/turtlebot3_gazebo/share/turtlebot3_gazebo/package.sh'
[0.787s] INFO:colcon.colcon_core.shell:Creating package script '/root/ros_ws/install/turtlebot3_gazebo/share/turtlebot3_gazebo/package.bash'
[0.787s] INFO:colcon.colcon_core.shell:Creating package script '/root/ros_ws/install/turtlebot3_gazebo/share/turtlebot3_gazebo/package.zsh'
[0.787s] Level 1:colcon.colcon_core.environment:create_file_with_runtime_dependencies(/root/ros_ws/install/turtlebot3_gazebo/share/colcon-core/packages/turtlebot3_gazebo)
[0.788s] Level 1:colcon.colcon_core.environment:create_environment_scripts_only(turtlebot3_gazebo)
[0.788s] Level 1:colcon.colcon_core.environment:checking '/root/ros_ws/install/turtlebot3_gazebo' for CMake module files
[0.788s] Level 1:colcon.colcon_core.environment:checking '/root/ros_ws/install/turtlebot3_gazebo' for CMake config files
[0.788s] Level 1:colcon.colcon_core.shell:create_environment_hook('turtlebot3_gazebo', 'cmake_prefix_path')
[0.789s] INFO:colcon.colcon_core.shell:Creating environment hook '/root/ros_ws/install/turtlebot3_gazebo/share/turtlebot3_gazebo/hook/cmake_prefix_path.ps1'
[0.789s] INFO:colcon.colcon_core.shell:Creating environment descriptor '/root/ros_ws/install/turtlebot3_gazebo/share/turtlebot3_gazebo/hook/cmake_prefix_path.dsv'
[0.789s] INFO:colcon.colcon_core.shell:Creating environment hook '/root/ros_ws/install/turtlebot3_gazebo/share/turtlebot3_gazebo/hook/cmake_prefix_path.sh'
[0.790s] Level 1:colcon.colcon_core.environment:checking '/root/ros_ws/install/turtlebot3_gazebo/lib'
[0.790s] Level 1:colcon.colcon_core.environment:checking '/root/ros_ws/install/turtlebot3_gazebo/bin'
[0.790s] Level 1:colcon.colcon_core.environment:checking '/root/ros_ws/install/turtlebot3_gazebo/lib/pkgconfig/turtlebot3_gazebo.pc'
[0.790s] Level 1:colcon.colcon_core.environment:checking '/root/ros_ws/install/turtlebot3_gazebo/lib/python3.12/site-packages'
[0.790s] Level 1:colcon.colcon_core.environment:checking '/root/ros_ws/install/turtlebot3_gazebo/bin'
[0.790s] INFO:colcon.colcon_core.shell:Creating package script '/root/ros_ws/install/turtlebot3_gazebo/share/turtlebot3_gazebo/package.ps1'
[0.791s] INFO:colcon.colcon_core.shell:Creating package descriptor '/root/ros_ws/install/turtlebot3_gazebo/share/turtlebot3_gazebo/package.dsv'
[0.791s] INFO:colcon.colcon_core.shell:Creating package script '/root/ros_ws/install/turtlebot3_gazebo/share/turtlebot3_gazebo/package.sh'
[0.792s] INFO:colcon.colcon_core.shell:Creating package script '/root/ros_ws/install/turtlebot3_gazebo/share/turtlebot3_gazebo/package.bash'
[0.792s] INFO:colcon.colcon_core.shell:Creating package script '/root/ros_ws/install/turtlebot3_gazebo/share/turtlebot3_gazebo/package.zsh'
[0.792s] Level 1:colcon.colcon_core.environment:create_file_with_runtime_dependencies(/root/ros_ws/install/turtlebot3_gazebo/share/colcon-core/packages/turtlebot3_gazebo)
[1.004s] DEBUG:colcon.colcon_core.event_handler.log_command:Invoking command in '/root/ros_ws/src/turtlebot3-jazzy/turtlebot3_example': PYTHONPATH=/root/ros_ws/build/turtlebot3_example/prefix_override:/usr/lib/python3/dist-packages/colcon_core/task/python/colcon_distutils_commands:/root/ros_ws/install/turtlebot3_example/lib/python3.12/site-packages:${PYTHONPATH} /usr/bin/python3 -W ignore:setup.py install is deprecated -W ignore:easy_install command is deprecated setup.py egg_info --egg-base ../../../build/turtlebot3_example build --build-base /root/ros_ws/build/turtlebot3_example/build install --record /root/ros_ws/build/turtlebot3_example/install.log --single-version-externally-managed install_data
[1.008s] DEBUG:colcon.colcon_core.event_handler.log_command:Invoking command in '/root/ros_ws/src/tb3_multi_nav': PYTHONPATH=/root/ros_ws/build/tb3_multi_nav/prefix_override:/usr/lib/python3/dist-packages/colcon_core/task/python/colcon_distutils_commands:/root/ros_ws/install/tb3_multi_nav/lib/python3.12/site-packages:${PYTHONPATH} /usr/bin/python3 -W ignore:setup.py install is deprecated -W ignore:easy_install command is deprecated setup.py egg_info --egg-base ../../build/tb3_multi_nav build --build-base /root/ros_ws/build/tb3_multi_nav/build install --record /root/ros_ws/build/tb3_multi_nav/install.log --single-version-externally-managed install_data
[1.009s] DEBUG:colcon.colcon_core.event_handler.log_command:Invoking command in '/root/ros_ws/src/turtlebot3-jazzy/turtlebot3_teleop': PYTHONPATH=/root/ros_ws/build/turtlebot3_teleop/prefix_override:/usr/lib/python3/dist-packages/colcon_core/task/python/colcon_distutils_commands:/root/ros_ws/install/turtlebot3_teleop/lib/python3.12/site-packages:${PYTHONPATH} /usr/bin/python3 -W ignore:setup.py install is deprecated -W ignore:easy_install command is deprecated setup.py egg_info --egg-base ../../../build/turtlebot3_teleop build --build-base /root/ros_ws/build/turtlebot3_teleop/build install --record /root/ros_ws/build/turtlebot3_teleop/install.log --single-version-externally-managed install_data
[1.292s] Level 1:colcon.colcon_core.environment:checking '/root/ros_ws/install/tb3_multi_nav' for CMake module files
[1.293s] DEBUG:colcon.colcon_core.event_handler.log_command:Invoked command in '/root/ros_ws/src/tb3_multi_nav' returned '0': PYTHONPATH=/root/ros_ws/build/tb3_multi_nav/prefix_override:/usr/lib/python3/dist-packages/colcon_core/task/python/colcon_distutils_commands:/root/ros_ws/install/tb3_multi_nav/lib/python3.12/site-packages:${PYTHONPATH} /usr/bin/python3 -W ignore:setup.py install is deprecated -W ignore:easy_install command is deprecated setup.py egg_info --egg-base ../../build/tb3_multi_nav build --build-base /root/ros_ws/build/tb3_multi_nav/build install --record /root/ros_ws/build/tb3_multi_nav/install.log --single-version-externally-managed install_data
[1.293s] Level 1:colcon.colcon_core.environment:checking '/root/ros_ws/install/tb3_multi_nav' for CMake config files
[1.294s] Level 1:colcon.colcon_core.environment:checking '/root/ros_ws/install/tb3_multi_nav/lib'
[1.294s] Level 1:colcon.colcon_core.environment:checking '/root/ros_ws/install/tb3_multi_nav/bin'
[1.294s] Level 1:colcon.colcon_core.environment:checking '/root/ros_ws/install/tb3_multi_nav/lib/pkgconfig/tb3_multi_nav.pc'
[1.294s] Level 1:colcon.colcon_core.environment:checking '/root/ros_ws/install/tb3_multi_nav/lib/python3.12/site-packages'
[1.294s] Level 1:colcon.colcon_core.shell:create_environment_hook('tb3_multi_nav', 'pythonpath')
[1.294s] INFO:colcon.colcon_core.shell:Creating environment hook '/root/ros_ws/install/tb3_multi_nav/share/tb3_multi_nav/hook/pythonpath.ps1'
[1.295s] INFO:colcon.colcon_core.shell:Creating environment descriptor '/root/ros_ws/install/tb3_multi_nav/share/tb3_multi_nav/hook/pythonpath.dsv'
[1.295s] INFO:colcon.colcon_core.shell:Creating environment hook '/root/ros_ws/install/tb3_multi_nav/share/tb3_multi_nav/hook/pythonpath.sh'
[1.295s] Level 1:colcon.colcon_core.environment:checking '/root/ros_ws/install/tb3_multi_nav/bin'
[1.296s] Level 1:colcon.colcon_core.environment:create_environment_scripts_only(tb3_multi_nav)
[1.296s] INFO:colcon.colcon_core.shell:Creating package script '/root/ros_ws/install/tb3_multi_nav/share/tb3_multi_nav/package.ps1'
[1.296s] INFO:colcon.colcon_core.shell:Creating package descriptor '/root/ros_ws/install/tb3_multi_nav/share/tb3_multi_nav/package.dsv'
[1.296s] INFO:colcon.colcon_core.shell:Creating package script '/root/ros_ws/install/tb3_multi_nav/share/tb3_multi_nav/package.sh'
[1.297s] INFO:colcon.colcon_core.shell:Creating package script '/root/ros_ws/install/tb3_multi_nav/share/tb3_multi_nav/package.bash'
[1.297s] INFO:colcon.colcon_core.shell:Creating package script '/root/ros_ws/install/tb3_multi_nav/share/tb3_multi_nav/package.zsh'
[1.297s] Level 1:colcon.colcon_core.environment:create_file_with_runtime_dependencies(/root/ros_ws/install/tb3_multi_nav/share/colcon-core/packages/tb3_multi_nav)
[1.298s] Level 1:colcon.colcon_core.environment:checking '/root/ros_ws/install/turtlebot3_teleop' for CMake module files
[1.299s] DEBUG:colcon.colcon_core.event_handler.log_command:Invoked command in '/root/ros_ws/src/turtlebot3-jazzy/turtlebot3_teleop' returned '0': PYTHONPATH=/root/ros_ws/build/turtlebot3_teleop/prefix_override:/usr/lib/python3/dist-packages/colcon_core/task/python/colcon_distutils_commands:/root/ros_ws/install/turtlebot3_teleop/lib/python3.12/site-packages:${PYTHONPATH} /usr/bin/python3 -W ignore:setup.py install is deprecated -W ignore:easy_install command is deprecated setup.py egg_info --egg-base ../../../build/turtlebot3_teleop build --build-base /root/ros_ws/build/turtlebot3_teleop/build install --record /root/ros_ws/build/turtlebot3_teleop/install.log --single-version-externally-managed install_data
[1.299s] Level 1:colcon.colcon_core.environment:checking '/root/ros_ws/install/turtlebot3_teleop' for CMake config files
[1.299s] Level 1:colcon.colcon_core.environment:checking '/root/ros_ws/install/turtlebot3_teleop/lib'
[1.299s] Level 1:colcon.colcon_core.environment:checking '/root/ros_ws/install/turtlebot3_teleop/bin'
[1.299s] Level 1:colcon.colcon_core.environment:checking '/root/ros_ws/install/turtlebot3_teleop/lib/pkgconfig/turtlebot3_teleop.pc'
[1.299s] Level 1:colcon.colcon_core.environment:checking '/root/ros_ws/install/turtlebot3_teleop/lib/python3.12/site-packages'
[1.299s] Level 1:colcon.colcon_core.shell:create_environment_hook('turtlebot3_teleop', 'pythonpath')
[1.300s] INFO:colcon.colcon_core.shell:Creating environment hook '/root/ros_ws/install/turtlebot3_teleop/share/turtlebot3_teleop/hook/pythonpath.ps1'
[1.300s] INFO:colcon.colcon_core.shell:Creating environment descriptor '/root/ros_ws/install/turtlebot3_teleop/share/turtlebot3_teleop/hook/pythonpath.dsv'
[1.300s] INFO:colcon.colcon_core.shell:Creating environment hook '/root/ros_ws/install/turtlebot3_teleop/share/turtlebot3_teleop/hook/pythonpath.sh'
[1.301s] Level 1:colcon.colcon_core.environment:checking '/root/ros_ws/install/turtlebot3_teleop/bin'
[1.301s] Level 1:colcon.colcon_core.environment:create_environment_scripts_only(turtlebot3_teleop)
[1.301s] INFO:colcon.colcon_core.shell:Creating package script '/root/ros_ws/install/turtlebot3_teleop/share/turtlebot3_teleop/package.ps1'
[1.301s] INFO:colcon.colcon_core.shell:Creating package descriptor '/root/ros_ws/install/turtlebot3_teleop/share/turtlebot3_teleop/package.dsv'
[1.302s] INFO:colcon.colcon_core.shell:Creating package script '/root/ros_ws/install/turtlebot3_teleop/share/turtlebot3_teleop/package.sh'
[1.302s] INFO:colcon.colcon_core.shell:Creating package script '/root/ros_ws/install/turtlebot3_teleop/share/turtlebot3_teleop/package.bash'
[1.302s] INFO:colcon.colcon_core.shell:Creating package script '/root/ros_ws/install/turtlebot3_teleop/share/turtlebot3_teleop/package.zsh'
[1.303s] Level 1:colcon.colcon_core.environment:create_file_with_runtime_dependencies(/root/ros_ws/install/turtlebot3_teleop/share/colcon-core/packages/turtlebot3_teleop)
[1.304s] Level 1:colcon.colcon_core.environment:checking '/root/ros_ws/install/turtlebot3_example' for CMake module files
[1.304s] DEBUG:colcon.colcon_core.event_handler.log_command:Invoked command in '/root/ros_ws/src/turtlebot3-jazzy/turtlebot3_example' returned '0': PYTHONPATH=/root/ros_ws/build/turtlebot3_example/prefix_override:/usr/lib/python3/dist-packages/colcon_core/task/python/colcon_distutils_commands:/root/ros_ws/install/turtlebot3_example/lib/python3.12/site-packages:${PYTHONPATH} /usr/bin/python3 -W ignore:setup.py install is deprecated -W ignore:easy_install command is deprecated setup.py egg_info --egg-base ../../../build/turtlebot3_example build --build-base /root/ros_ws/build/turtlebot3_example/build install --record /root/ros_ws/build/turtlebot3_example/install.log --single-version-externally-managed install_data
[1.305s] Level 1:colcon.colcon_core.environment:checking '/root/ros_ws/install/turtlebot3_example' for CMake config files
[1.305s] Level 1:colcon.colcon_core.environment:checking '/root/ros_ws/install/turtlebot3_example/lib'
[1.305s] Level 1:colcon.colcon_core.environment:checking '/root/ros_ws/install/turtlebot3_example/bin'
[1.305s] Level 1:colcon.colcon_core.environment:checking '/root/ros_ws/install/turtlebot3_example/lib/pkgconfig/turtlebot3_example.pc'
[1.305s] Level 1:colcon.colcon_core.environment:checking '/root/ros_ws/install/turtlebot3_example/lib/python3.12/site-packages'
[1.305s] Level 1:colcon.colcon_core.shell:create_environment_hook('turtlebot3_example', 'pythonpath')
[1.305s] INFO:colcon.colcon_core.shell:Creating environment hook '/root/ros_ws/install/turtlebot3_example/share/turtlebot3_example/hook/pythonpath.ps1'
[1.306s] INFO:colcon.colcon_core.shell:Creating environment descriptor '/root/ros_ws/install/turtlebot3_example/share/turtlebot3_example/hook/pythonpath.dsv'
[1.306s] INFO:colcon.colcon_core.shell:Creating environment hook '/root/ros_ws/install/turtlebot3_example/share/turtlebot3_example/hook/pythonpath.sh'
[1.307s] Level 1:colcon.colcon_core.environment:checking '/root/ros_ws/install/turtlebot3_example/bin'
[1.307s] Level 1:colcon.colcon_core.environment:create_environment_scripts_only(turtlebot3_example)
[1.307s] INFO:colcon.colcon_core.shell:Creating package script '/root/ros_ws/install/turtlebot3_example/share/turtlebot3_example/package.ps1'
[1.308s] INFO:colcon.colcon_core.shell:Creating package descriptor '/root/ros_ws/install/turtlebot3_example/share/turtlebot3_example/package.dsv'
[1.308s] INFO:colcon.colcon_core.shell:Creating package script '/root/ros_ws/install/turtlebot3_example/share/turtlebot3_example/package.sh'
[1.309s] INFO:colcon.colcon_core.shell:Creating package script '/root/ros_ws/install/turtlebot3_example/share/turtlebot3_example/package.bash'
[1.309s] INFO:colcon.colcon_core.shell:Creating package script '/root/ros_ws/install/turtlebot3_example/share/turtlebot3_example/package.zsh'
[1.309s] Level 1:colcon.colcon_core.environment:create_file_with_runtime_dependencies(/root/ros_ws/install/turtlebot3_example/share/colcon-core/packages/turtlebot3_example)
[1.310s] INFO:colcon.colcon_ros.task.ament_cmake.build:Building ROS package in '/root/ros_ws/src/turtlebot3-jazzy/turtlebot3' with build type 'ament_cmake'
[1.310s] INFO:colcon.colcon_cmake.task.cmake.build:Building CMake package in '/root/ros_ws/src/turtlebot3-jazzy/turtlebot3'
[1.310s] INFO:colcon.colcon_core.shell:Skip shell extension 'powershell' for command environment: Not usable outside of PowerShell
[1.310s] DEBUG:colcon.colcon_core.shell:Skip shell extension 'dsv' for command environment
[1.322s] DEBUG:colcon.colcon_core.event_handler.log_command:Invoking command in '/root/ros_ws/build/turtlebot3': AMENT_PREFIX_PATH=/root/ros_ws/install/turtlebot3_teleop:/root/ros_ws/install/turtlebot3_example:/root/ros_ws/install/turtlebot3:/root/ros_ws/install/turtlebot3_bringup:/root/ros_ws/install/turtlebot3_node:/root/ros_ws/install/turtlebot3_navigation2:/root/ros_ws/install/turtlebot3_gazebo:/root/ros_ws/install/turtlebot3_description:/root/ros_ws/install/turtlebot3_cartographer:/root/ros_ws/install/tb3_multi_nav:/opt/ros/jazzy CMAKE_PREFIX_PATH=/root/ros_ws/install/turtlebot3_bringup:/root/ros_ws/install/turtlebot3_node:/root/ros_ws/install/turtlebot3_navigation2:/root/ros_ws/install/turtlebot3_description:/root/ros_ws/install/turtlebot3_cartographer:/root/ros_ws/install/turtlebot3:/root/ros_ws/install/turtlebot3_gazebo:/opt/ros/jazzy/opt/gz_sim_vendor:/opt/ros/jazzy/opt/gz_sensors_vendor:/opt/ros/jazzy/opt/gz_physics_vendor:/opt/ros/jazzy/opt/sdformat_vendor:/opt/ros/jazzy/opt/gz_gui_vendor:/opt/ros/jazzy/opt/gz_transport_vendor:/opt/ros/jazzy/opt/gz_rendering_vendor:/opt/ros/jazzy/opt/gz_plugin_vendor:/opt/ros/jazzy/opt/gz_fuel_tools_vendor:/opt/ros/jazzy/opt/gz_msgs_vendor:/opt/ros/jazzy/opt/gz_common_vendor:/opt/ros/jazzy/opt/gz_math_vendor:/opt/ros/jazzy/opt/gz_utils_vendor:/opt/ros/jazzy/opt/gz_tools_vendor:/opt/ros/jazzy/opt/gz_ogre_next_vendor:/opt/ros/jazzy/opt/gz_dartsim_vendor:/opt/ros/jazzy/opt/gz_cmake_vendor:/root/ros_ws/install/turtlebot3_teleop:/root/ros_ws/install/turtlebot3_example:/root/ros_ws/install/tb3_multi_nav:/opt/ros/jazzy /usr/bin/cmake --build /root/ros_ws/build/turtlebot3 -- -j16 -l16
[1.353s] DEBUG:colcon.colcon_core.event_handler.log_command:Invoked command in '/root/ros_ws/build/turtlebot3' returned '0': AMENT_PREFIX_PATH=/root/ros_ws/install/turtlebot3_teleop:/root/ros_ws/install/turtlebot3_example:/root/ros_ws/install/turtlebot3:/root/ros_ws/install/turtlebot3_bringup:/root/ros_ws/install/turtlebot3_node:/root/ros_ws/install/turtlebot3_navigation2:/root/ros_ws/install/turtlebot3_gazebo:/root/ros_ws/install/turtlebot3_description:/root/ros_ws/install/turtlebot3_cartographer:/root/ros_ws/install/tb3_multi_nav:/opt/ros/jazzy CMAKE_PREFIX_PATH=/root/ros_ws/install/turtlebot3_bringup:/root/ros_ws/install/turtlebot3_node:/root/ros_ws/install/turtlebot3_navigation2:/root/ros_ws/install/turtlebot3_description:/root/ros_ws/install/turtlebot3_cartographer:/root/ros_ws/install/turtlebot3:/root/ros_ws/install/turtlebot3_gazebo:/opt/ros/jazzy/opt/gz_sim_vendor:/opt/ros/jazzy/opt/gz_sensors_vendor:/opt/ros/jazzy/opt/gz_physics_vendor:/opt/ros/jazzy/opt/sdformat_vendor:/opt/ros/jazzy/opt/gz_gui_vendor:/opt/ros/jazzy/opt/gz_transport_vendor:/opt/ros/jazzy/opt/gz_rendering_vendor:/opt/ros/jazzy/opt/gz_plugin_vendor:/opt/ros/jazzy/opt/gz_fuel_tools_vendor:/opt/ros/jazzy/opt/gz_msgs_vendor:/opt/ros/jazzy/opt/gz_common_vendor:/opt/ros/jazzy/opt/gz_math_vendor:/opt/ros/jazzy/opt/gz_utils_vendor:/opt/ros/jazzy/opt/gz_tools_vendor:/opt/ros/jazzy/opt/gz_ogre_next_vendor:/opt/ros/jazzy/opt/gz_dartsim_vendor:/opt/ros/jazzy/opt/gz_cmake_vendor:/root/ros_ws/install/turtlebot3_teleop:/root/ros_ws/install/turtlebot3_example:/root/ros_ws/install/tb3_multi_nav:/opt/ros/jazzy /usr/bin/cmake --build /root/ros_ws/build/turtlebot3 -- -j16 -l16
[1.354s] DEBUG:colcon.colcon_core.event_handler.log_command:Invoking command in '/root/ros_ws/build/turtlebot3': AMENT_PREFIX_PATH=/root/ros_ws/install/turtlebot3_teleop:/root/ros_ws/install/turtlebot3_example:/root/ros_ws/install/turtlebot3:/root/ros_ws/install/turtlebot3_bringup:/root/ros_ws/install/turtlebot3_node:/root/ros_ws/install/turtlebot3_navigation2:/root/ros_ws/install/turtlebot3_gazebo:/root/ros_ws/install/turtlebot3_description:/root/ros_ws/install/turtlebot3_cartographer:/root/ros_ws/install/tb3_multi_nav:/opt/ros/jazzy CMAKE_PREFIX_PATH=/root/ros_ws/install/turtlebot3_bringup:/root/ros_ws/install/turtlebot3_node:/root/ros_ws/install/turtlebot3_navigation2:/root/ros_ws/install/turtlebot3_description:/root/ros_ws/install/turtlebot3_cartographer:/root/ros_ws/install/turtlebot3:/root/ros_ws/install/turtlebot3_gazebo:/opt/ros/jazzy/opt/gz_sim_vendor:/opt/ros/jazzy/opt/gz_sensors_vendor:/opt/ros/jazzy/opt/gz_physics_vendor:/opt/ros/jazzy/opt/sdformat_vendor:/opt/ros/jazzy/opt/gz_gui_vendor:/opt/ros/jazzy/opt/gz_transport_vendor:/opt/ros/jazzy/opt/gz_rendering_vendor:/opt/ros/jazzy/opt/gz_plugin_vendor:/opt/ros/jazzy/opt/gz_fuel_tools_vendor:/opt/ros/jazzy/opt/gz_msgs_vendor:/opt/ros/jazzy/opt/gz_common_vendor:/opt/ros/jazzy/opt/gz_math_vendor:/opt/ros/jazzy/opt/gz_utils_vendor:/opt/ros/jazzy/opt/gz_tools_vendor:/opt/ros/jazzy/opt/gz_ogre_next_vendor:/opt/ros/jazzy/opt/gz_dartsim_vendor:/opt/ros/jazzy/opt/gz_cmake_vendor:/root/ros_ws/install/turtlebot3_teleop:/root/ros_ws/install/turtlebot3_example:/root/ros_ws/install/tb3_multi_nav:/opt/ros/jazzy /usr/bin/cmake --install /root/ros_ws/build/turtlebot3
[1.362s] Level 1:colcon.colcon_core.environment:create_environment_scripts_only(turtlebot3)
[1.363s] Level 1:colcon.colcon_core.environment:checking '/root/ros_ws/install/turtlebot3' for CMake module files
[1.363s] DEBUG:colcon.colcon_core.event_handler.log_command:Invoked command in '/root/ros_ws/build/turtlebot3' returned '0': AMENT_PREFIX_PATH=/root/ros_ws/install/turtlebot3_teleop:/root/ros_ws/install/turtlebot3_example:/root/ros_ws/install/turtlebot3:/root/ros_ws/install/turtlebot3_bringup:/root/ros_ws/install/turtlebot3_node:/root/ros_ws/install/turtlebot3_navigation2:/root/ros_ws/install/turtlebot3_gazebo:/root/ros_ws/install/turtlebot3_description:/root/ros_ws/install/turtlebot3_cartographer:/root/ros_ws/install/tb3_multi_nav:/opt/ros/jazzy CMAKE_PREFIX_PATH=/root/ros_ws/install/turtlebot3_bringup:/root/ros_ws/install/turtlebot3_node:/root/ros_ws/install/turtlebot3_navigation2:/root/ros_ws/install/turtlebot3_description:/root/ros_ws/install/turtlebot3_cartographer:/root/ros_ws/install/turtlebot3:/root/ros_ws/install/turtlebot3_gazebo:/opt/ros/jazzy/opt/gz_sim_vendor:/opt/ros/jazzy/opt/gz_sensors_vendor:/opt/ros/jazzy/opt/gz_physics_vendor:/opt/ros/jazzy/opt/sdformat_vendor:/opt/ros/jazzy/opt/gz_gui_vendor:/opt/ros/jazzy/opt/gz_transport_vendor:/opt/ros/jazzy/opt/gz_rendering_vendor:/opt/ros/jazzy/opt/gz_plugin_vendor:/opt/ros/jazzy/opt/gz_fuel_tools_vendor:/opt/ros/jazzy/opt/gz_msgs_vendor:/opt/ros/jazzy/opt/gz_common_vendor:/opt/ros/jazzy/opt/gz_math_vendor:/opt/ros/jazzy/opt/gz_utils_vendor:/opt/ros/jazzy/opt/gz_tools_vendor:/opt/ros/jazzy/opt/gz_ogre_next_vendor:/opt/ros/jazzy/opt/gz_dartsim_vendor:/opt/ros/jazzy/opt/gz_cmake_vendor:/root/ros_ws/install/turtlebot3_teleop:/root/ros_ws/install/turtlebot3_example:/root/ros_ws/install/tb3_multi_nav:/opt/ros/jazzy /usr/bin/cmake --install /root/ros_ws/build/turtlebot3
[1.363s] Level 1:colcon.colcon_core.environment:checking '/root/ros_ws/install/turtlebot3' for CMake config files
[1.364s] Level 1:colcon.colcon_core.shell:create_environment_hook('turtlebot3', 'cmake_prefix_path')
[1.364s] INFO:colcon.colcon_core.shell:Creating environment hook '/root/ros_ws/install/turtlebot3/share/turtlebot3/hook/cmake_prefix_path.ps1'
[1.364s] INFO:colcon.colcon_core.shell:Creating environment descriptor '/root/ros_ws/install/turtlebot3/share/turtlebot3/hook/cmake_prefix_path.dsv'
[1.364s] INFO:colcon.colcon_core.shell:Creating environment hook '/root/ros_ws/install/turtlebot3/share/turtlebot3/hook/cmake_prefix_path.sh'
[1.365s] Level 1:colcon.colcon_core.environment:checking '/root/ros_ws/install/turtlebot3/bin'
[1.365s] Level 1:colcon.colcon_core.environment:checking '/root/ros_ws/install/turtlebot3/lib/pkgconfig/turtlebot3.pc'
[1.365s] Level 1:colcon.colcon_core.environment:checking '/root/ros_ws/install/turtlebot3/lib/python3.12/site-packages'
[1.365s] Level 1:colcon.colcon_core.environment:checking '/root/ros_ws/install/turtlebot3/bin'
[1.365s] INFO:colcon.colcon_core.shell:Creating package script '/root/ros_ws/install/turtlebot3/share/turtlebot3/package.ps1'
[1.366s] INFO:colcon.colcon_core.shell:Creating package descriptor '/root/ros_ws/install/turtlebot3/share/turtlebot3/package.dsv'
[1.366s] INFO:colcon.colcon_core.shell:Creating package script '/root/ros_ws/install/turtlebot3/share/turtlebot3/package.sh'
[1.366s] INFO:colcon.colcon_core.shell:Creating package script '/root/ros_ws/install/turtlebot3/share/turtlebot3/package.bash'
[1.366s] INFO:colcon.colcon_core.shell:Creating package script '/root/ros_ws/install/turtlebot3/share/turtlebot3/package.zsh'
[1.367s] Level 1:colcon.colcon_core.environment:create_file_with_runtime_dependencies(/root/ros_ws/install/turtlebot3/share/colcon-core/packages/turtlebot3)
[1.367s] Level 1:colcon.colcon_core.environment:create_environment_scripts_only(turtlebot3)
[1.367s] Level 1:colcon.colcon_core.environment:checking '/root/ros_ws/install/turtlebot3' for CMake module files
[1.367s] Level 1:colcon.colcon_core.environment:checking '/root/ros_ws/install/turtlebot3' for CMake config files
[1.368s] Level 1:colcon.colcon_core.shell:create_environment_hook('turtlebot3', 'cmake_prefix_path')
[1.368s] INFO:colcon.colcon_core.shell:Creating environment hook '/root/ros_ws/install/turtlebot3/share/turtlebot3/hook/cmake_prefix_path.ps1'
[1.368s] INFO:colcon.colcon_core.shell:Creating environment descriptor '/root/ros_ws/install/turtlebot3/share/turtlebot3/hook/cmake_prefix_path.dsv'
[1.368s] INFO:colcon.colcon_core.shell:Creating environment hook '/root/ros_ws/install/turtlebot3/share/turtlebot3/hook/cmake_prefix_path.sh'
[1.368s] Level 1:colcon.colcon_core.environment:checking '/root/ros_ws/install/turtlebot3/bin'
[1.369s] Level 1:colcon.colcon_core.environment:checking '/root/ros_ws/install/turtlebot3/lib/pkgconfig/turtlebot3.pc'
[1.369s] Level 1:colcon.colcon_core.environment:checking '/root/ros_ws/install/turtlebot3/lib/python3.12/site-packages'
[1.369s] Level 1:colcon.colcon_core.environment:checking '/root/ros_ws/install/turtlebot3/bin'
[1.369s] INFO:colcon.colcon_core.shell:Creating package script '/root/ros_ws/install/turtlebot3/share/turtlebot3/package.ps1'
[1.369s] INFO:colcon.colcon_core.shell:Creating package descriptor '/root/ros_ws/install/turtlebot3/share/turtlebot3/package.dsv'
[1.370s] INFO:colcon.colcon_core.shell:Creating package script '/root/ros_ws/install/turtlebot3/share/turtlebot3/package.sh'
[1.370s] INFO:colcon.colcon_core.shell:Creating package script '/root/ros_ws/install/turtlebot3/share/turtlebot3/package.bash'
[1.370s] INFO:colcon.colcon_core.shell:Creating package script '/root/ros_ws/install/turtlebot3/share/turtlebot3/package.zsh'
[1.371s] Level 1:colcon.colcon_core.environment:create_file_with_runtime_dependencies(/root/ros_ws/install/turtlebot3/share/colcon-core/packages/turtlebot3)
[1.371s] DEBUG:colcon.colcon_parallel_executor.executor.parallel:closing loop
[1.371s] DEBUG:colcon.colcon_parallel_executor.executor.parallel:loop closed
[1.371s] DEBUG:colcon.colcon_parallel_executor.executor.parallel:run_until_complete finished with '0'
[1.371s] DEBUG:colcon.colcon_core.event_reactor:joining thread
[1.376s] INFO:colcon.colcon_core.plugin_system:Skipping extension 'colcon_notification.desktop_notification.notify_send': Could not find 'notify-send'
[1.376s] INFO:colcon.colcon_core.plugin_system:Skipping extension 'colcon_notification.desktop_notification.terminal_notifier': Not used on non-Darwin systems
[1.376s] INFO:colcon.colcon_core.plugin_system:Skipping extension 'colcon_notification.desktop_notification.win32': Not used on non-Windows systems
[1.377s] INFO:colcon.colcon_notification.desktop_notification:Sending desktop notification using 'notify2'
[1.378s] DEBUG:colcon.colcon_notification.desktop_notification.notify2:Failed to initialize notify2: org.freedesktop.DBus.Error.Spawn.ExecFailed: /usr/bin/dbus-launch terminated abnormally without any error message
[1.378s] DEBUG:colcon.colcon_core.event_reactor:joined thread
[1.379s] INFO:colcon.colcon_core.shell:Creating prefix script '/root/ros_ws/install/local_setup.ps1'
[1.379s] INFO:colcon.colcon_core.shell:Creating prefix util module '/root/ros_ws/install/_local_setup_util_ps1.py'
[1.380s] INFO:colcon.colcon_core.shell:Creating prefix chain script '/root/ros_ws/install/setup.ps1'
[1.381s] INFO:colcon.colcon_core.shell:Creating prefix script '/root/ros_ws/install/local_setup.sh'
[1.381s] INFO:colcon.colcon_core.shell:Creating prefix util module '/root/ros_ws/install/_local_setup_util_sh.py'
[1.382s] INFO:colcon.colcon_core.shell:Creating prefix chain script '/root/ros_ws/install/setup.sh'
[1.383s] INFO:colcon.colcon_core.shell:Creating prefix script '/root/ros_ws/install/local_setup.bash'
[1.383s] INFO:colcon.colcon_core.shell:Creating prefix chain script '/root/ros_ws/install/setup.bash'
[1.384s] INFO:colcon.colcon_core.shell:Creating prefix script '/root/ros_ws/install/local_setup.zsh'
[1.384s] INFO:colcon.colcon_core.shell:Creating prefix chain script '/root/ros_ws/install/setup.zsh'
