[0.068s] DEBUG:colcon:Command line arguments: ['/usr/bin/colcon', 'build']
[0.068s] DEBUG:colcon:Parsed command line arguments: Namespace(log_base=None, log_level=None, verb_name='build', build_base='build', install_base='install', merge_install=False, symlink_install=False, test_result_base=None, continue_on_error=False, executor='parallel', parallel_workers=16, event_handlers=None, ignore_user_meta=False, metas=['./colcon.meta'], base_paths=['.'], packages_ignore=None, packages_ignore_regex=None, paths=None, packages_up_to=None, packages_up_to_regex=None, packages_above=None, packages_above_and_dependencies=None, packages_above_depth=None, packages_select_by_dep=None, packages_skip_by_dep=None, packages_skip_up_to=None, packages_select_build_failed=False, packages_skip_build_finished=False, packages_select_test_failures=False, packages_skip_test_passed=False, packages_select=None, packages_skip=None, packages_select_regex=None, packages_skip_regex=None, packages_start=None, packages_end=None, cmake_args=None, cmake_target=None, cmake_target_skip_unavailable=False, cmake_clean_cache=False, cmake_clean_first=False, cmake_force_configure=False, ament_cmake_args=None, catkin_cmake_args=None, catkin_skip_building_tests=False, mixin_files=None, mixin=None, verb_parser=<colcon_mixin.mixin.mixin_argument.MixinArgumentDecorator object at 0x7716ca268fe0>, verb_extension=<colcon_core.verb.build.BuildVerb object at 0x7716ca268cb0>, main=<bound method BuildVerb.main of <colcon_core.verb.build.BuildVerb object at 0x7716ca268cb0>>, mixin_verb=('build',))
[0.094s] Level 1:colcon.colcon_core.package_discovery:discover_packages(colcon_meta) check parameters
[0.095s] INFO:colcon.colcon_metadata.package_discovery.colcon_meta:Using configuration from '/root/.colcon/metadata/default/Gazebo.meta'
[0.095s] INFO:colcon.colcon_metadata.package_discovery.colcon_meta:Using configuration from '/root/.colcon/metadata/default/fastdds.meta'
[0.095s] INFO:colcon.colcon_metadata.package_discovery.colcon_meta:Using configuration from '/root/.colcon/metadata/default/fastrtps.meta'
[0.095s] Level 1:colcon.colcon_core.package_discovery:discover_packages(recursive) check parameters
[0.095s] Level 1:colcon.colcon_core.package_discovery:discover_packages(ignore) check parameters
[0.095s] Level 1:colcon.colcon_core.package_discovery:discover_packages(path) check parameters
[0.095s] Level 1:colcon.colcon_core.package_discovery:discover_packages(colcon_meta) discover
[0.095s] Level 1:colcon.colcon_core.package_discovery:discover_packages(recursive) discover
[0.095s] INFO:colcon.colcon_core.package_discovery:Crawling recursively for packages in '/root/ros_ws'
[0.095s] Level 1:colcon.colcon_core.package_identification:_identify(.) by extensions ['ignore', 'ignore_ament_install']
[0.095s] Level 1:colcon.colcon_core.package_identification:_identify(.) by extension 'ignore'
[0.095s] Level 1:colcon.colcon_core.package_identification:_identify(.) by extension 'ignore_ament_install'
[0.095s] Level 1:colcon.colcon_core.package_identification:_identify(.) by extensions ['colcon_pkg']
[0.095s] Level 1:colcon.colcon_core.package_identification:_identify(.) by extension 'colcon_pkg'
[0.095s] Level 1:colcon.colcon_core.package_identification:_identify(.) by extensions ['colcon_meta']
[0.095s] Level 1:colcon.colcon_core.package_identification:_identify(.) by extension 'colcon_meta'
[0.095s] Level 1:colcon.colcon_core.package_identification:_identify(.) by extensions ['ros']
[0.095s] Level 1:colcon.colcon_core.package_identification:_identify(.) by extension 'ros'
[0.113s] Level 1:colcon.colcon_core.package_identification:_identify(.) by extensions ['cmake', 'python']
[0.113s] Level 1:colcon.colcon_core.package_identification:_identify(.) by extension 'cmake'
[0.113s] Level 1:colcon.colcon_core.package_identification:_identify(.) by extension 'python'
[0.113s] Level 1:colcon.colcon_core.package_identification:_identify(.) by extensions ['python_setup_py']
[0.113s] Level 1:colcon.colcon_core.package_identification:_identify(.) by extension 'python_setup_py'
[0.113s] Level 1:colcon.colcon_core.package_identification:_identify(build) by extensions ['ignore', 'ignore_ament_install']
[0.113s] Level 1:colcon.colcon_core.package_identification:_identify(build) by extension 'ignore'
[0.113s] Level 1:colcon.colcon_core.package_identification:_identify(build) ignored
[0.113s] Level 1:colcon.colcon_core.package_identification:_identify(debug_logs) by extensions ['ignore', 'ignore_ament_install']
[0.113s] Level 1:colcon.colcon_core.package_identification:_identify(debug_logs) by extension 'ignore'
[0.113s] Level 1:colcon.colcon_core.package_identification:_identify(debug_logs) by extension 'ignore_ament_install'
[0.113s] Level 1:colcon.colcon_core.package_identification:_identify(debug_logs) by extensions ['colcon_pkg']
[0.113s] Level 1:colcon.colcon_core.package_identification:_identify(debug_logs) by extension 'colcon_pkg'
[0.113s] Level 1:colcon.colcon_core.package_identification:_identify(debug_logs) by extensions ['colcon_meta']
[0.113s] Level 1:colcon.colcon_core.package_identification:_identify(debug_logs) by extension 'colcon_meta'
[0.113s] Level 1:colcon.colcon_core.package_identification:_identify(debug_logs) by extensions ['ros']
[0.113s] Level 1:colcon.colcon_core.package_identification:_identify(debug_logs) by extension 'ros'
[0.113s] Level 1:colcon.colcon_core.package_identification:_identify(debug_logs) by extensions ['cmake', 'python']
[0.113s] Level 1:colcon.colcon_core.package_identification:_identify(debug_logs) by extension 'cmake'
[0.113s] Level 1:colcon.colcon_core.package_identification:_identify(debug_logs) by extension 'python'
[0.113s] Level 1:colcon.colcon_core.package_identification:_identify(debug_logs) by extensions ['python_setup_py']
[0.113s] Level 1:colcon.colcon_core.package_identification:_identify(debug_logs) by extension 'python_setup_py'
[0.113s] Level 1:colcon.colcon_core.package_identification:_identify(frames_view) by extensions ['ignore', 'ignore_ament_install']
[0.113s] Level 1:colcon.colcon_core.package_identification:_identify(frames_view) by extension 'ignore'
[0.114s] Level 1:colcon.colcon_core.package_identification:_identify(frames_view) by extension 'ignore_ament_install'
[0.114s] Level 1:colcon.colcon_core.package_identification:_identify(frames_view) by extensions ['colcon_pkg']
[0.114s] Level 1:colcon.colcon_core.package_identification:_identify(frames_view) by extension 'colcon_pkg'
[0.114s] Level 1:colcon.colcon_core.package_identification:_identify(frames_view) by extensions ['colcon_meta']
[0.114s] Level 1:colcon.colcon_core.package_identification:_identify(frames_view) by extension 'colcon_meta'
[0.114s] Level 1:colcon.colcon_core.package_identification:_identify(frames_view) by extensions ['ros']
[0.114s] Level 1:colcon.colcon_core.package_identification:_identify(frames_view) by extension 'ros'
[0.114s] Level 1:colcon.colcon_core.package_identification:_identify(frames_view) by extensions ['cmake', 'python']
[0.114s] Level 1:colcon.colcon_core.package_identification:_identify(frames_view) by extension 'cmake'
[0.114s] Level 1:colcon.colcon_core.package_identification:_identify(frames_view) by extension 'python'
[0.114s] Level 1:colcon.colcon_core.package_identification:_identify(frames_view) by extensions ['python_setup_py']
[0.114s] Level 1:colcon.colcon_core.package_identification:_identify(frames_view) by extension 'python_setup_py'
[0.114s] Level 1:colcon.colcon_core.package_identification:_identify(install) by extensions ['ignore', 'ignore_ament_install']
[0.114s] Level 1:colcon.colcon_core.package_identification:_identify(install) by extension 'ignore'
[0.114s] Level 1:colcon.colcon_core.package_identification:_identify(install) ignored
[0.114s] Level 1:colcon.colcon_core.package_identification:_identify(log) by extensions ['ignore', 'ignore_ament_install']
[0.114s] Level 1:colcon.colcon_core.package_identification:_identify(log) by extension 'ignore'
[0.114s] Level 1:colcon.colcon_core.package_identification:_identify(log) ignored
[0.114s] Level 1:colcon.colcon_core.package_identification:_identify(src) by extensions ['ignore', 'ignore_ament_install']
[0.114s] Level 1:colcon.colcon_core.package_identification:_identify(src) by extension 'ignore'
[0.114s] Level 1:colcon.colcon_core.package_identification:_identify(src) by extension 'ignore_ament_install'
[0.114s] Level 1:colcon.colcon_core.package_identification:_identify(src) by extensions ['colcon_pkg']
[0.114s] Level 1:colcon.colcon_core.package_identification:_identify(src) by extension 'colcon_pkg'
[0.114s] Level 1:colcon.colcon_core.package_identification:_identify(src) by extensions ['colcon_meta']
[0.114s] Level 1:colcon.colcon_core.package_identification:_identify(src) by extension 'colcon_meta'
[0.114s] Level 1:colcon.colcon_core.package_identification:_identify(src) by extensions ['ros']
[0.114s] Level 1:colcon.colcon_core.package_identification:_identify(src) by extension 'ros'
[0.114s] Level 1:colcon.colcon_core.package_identification:_identify(src) by extensions ['cmake', 'python']
[0.114s] Level 1:colcon.colcon_core.package_identification:_identify(src) by extension 'cmake'
[0.114s] Level 1:colcon.colcon_core.package_identification:_identify(src) by extension 'python'
[0.114s] Level 1:colcon.colcon_core.package_identification:_identify(src) by extensions ['python_setup_py']
[0.114s] Level 1:colcon.colcon_core.package_identification:_identify(src) by extension 'python_setup_py'
[0.114s] Level 1:colcon.colcon_core.package_identification:_identify(src/tb3_multi_nav) by extensions ['ignore', 'ignore_ament_install']
[0.114s] Level 1:colcon.colcon_core.package_identification:_identify(src/tb3_multi_nav) by extension 'ignore'
[0.114s] Level 1:colcon.colcon_core.package_identification:_identify(src/tb3_multi_nav) by extension 'ignore_ament_install'
[0.114s] Level 1:colcon.colcon_core.package_identification:_identify(src/tb3_multi_nav) by extensions ['colcon_pkg']
[0.114s] Level 1:colcon.colcon_core.package_identification:_identify(src/tb3_multi_nav) by extension 'colcon_pkg'
[0.114s] Level 1:colcon.colcon_core.package_identification:_identify(src/tb3_multi_nav) by extensions ['colcon_meta']
[0.114s] Level 1:colcon.colcon_core.package_identification:_identify(src/tb3_multi_nav) by extension 'colcon_meta'
[0.114s] Level 1:colcon.colcon_core.package_identification:_identify(src/tb3_multi_nav) by extensions ['ros']
[0.114s] Level 1:colcon.colcon_core.package_identification:_identify(src/tb3_multi_nav) by extension 'ros'
[0.116s] DEBUG:colcon.colcon_core.package_identification:Package 'src/tb3_multi_nav' with type 'ros.ament_python' and name 'tb3_multi_nav'
[0.116s] Level 1:colcon.colcon_core.package_identification:_identify(src/turtlebot3-jazzy) by extensions ['ignore', 'ignore_ament_install']
[0.116s] Level 1:colcon.colcon_core.package_identification:_identify(src/turtlebot3-jazzy) by extension 'ignore'
[0.116s] Level 1:colcon.colcon_core.package_identification:_identify(src/turtlebot3-jazzy) by extension 'ignore_ament_install'
[0.116s] Level 1:colcon.colcon_core.package_identification:_identify(src/turtlebot3-jazzy) by extensions ['colcon_pkg']
[0.116s] Level 1:colcon.colcon_core.package_identification:_identify(src/turtlebot3-jazzy) by extension 'colcon_pkg'
[0.116s] Level 1:colcon.colcon_core.package_identification:_identify(src/turtlebot3-jazzy) by extensions ['colcon_meta']
[0.116s] Level 1:colcon.colcon_core.package_identification:_identify(src/turtlebot3-jazzy) by extension 'colcon_meta'
[0.116s] Level 1:colcon.colcon_core.package_identification:_identify(src/turtlebot3-jazzy) by extensions ['ros']
[0.116s] Level 1:colcon.colcon_core.package_identification:_identify(src/turtlebot3-jazzy) by extension 'ros'
[0.116s] Level 1:colcon.colcon_core.package_identification:_identify(src/turtlebot3-jazzy) by extensions ['cmake', 'python']
[0.116s] Level 1:colcon.colcon_core.package_identification:_identify(src/turtlebot3-jazzy) by extension 'cmake'
[0.116s] Level 1:colcon.colcon_core.package_identification:_identify(src/turtlebot3-jazzy) by extension 'python'
[0.116s] Level 1:colcon.colcon_core.package_identification:_identify(src/turtlebot3-jazzy) by extensions ['python_setup_py']
[0.116s] Level 1:colcon.colcon_core.package_identification:_identify(src/turtlebot3-jazzy) by extension 'python_setup_py'
[0.116s] Level 1:colcon.colcon_core.package_identification:_identify(src/turtlebot3-jazzy/turtlebot3) by extensions ['ignore', 'ignore_ament_install']
[0.117s] Level 1:colcon.colcon_core.package_identification:_identify(src/turtlebot3-jazzy/turtlebot3) by extension 'ignore'
[0.117s] Level 1:colcon.colcon_core.package_identification:_identify(src/turtlebot3-jazzy/turtlebot3) by extension 'ignore_ament_install'
[0.117s] Level 1:colcon.colcon_core.package_identification:_identify(src/turtlebot3-jazzy/turtlebot3) by extensions ['colcon_pkg']
[0.117s] Level 1:colcon.colcon_core.package_identification:_identify(src/turtlebot3-jazzy/turtlebot3) by extension 'colcon_pkg'
[0.117s] Level 1:colcon.colcon_core.package_identification:_identify(src/turtlebot3-jazzy/turtlebot3) by extensions ['colcon_meta']
[0.117s] Level 1:colcon.colcon_core.package_identification:_identify(src/turtlebot3-jazzy/turtlebot3) by extension 'colcon_meta'
[0.117s] Level 1:colcon.colcon_core.package_identification:_identify(src/turtlebot3-jazzy/turtlebot3) by extensions ['ros']
[0.117s] Level 1:colcon.colcon_core.package_identification:_identify(src/turtlebot3-jazzy/turtlebot3) by extension 'ros'
[0.117s] DEBUG:colcon.colcon_core.package_identification:Package 'src/turtlebot3-jazzy/turtlebot3' with type 'ros.ament_cmake' and name 'turtlebot3'
[0.117s] Level 1:colcon.colcon_core.package_identification:_identify(src/turtlebot3-jazzy/turtlebot3_bringup) by extensions ['ignore', 'ignore_ament_install']
[0.117s] Level 1:colcon.colcon_core.package_identification:_identify(src/turtlebot3-jazzy/turtlebot3_bringup) by extension 'ignore'
[0.117s] Level 1:colcon.colcon_core.package_identification:_identify(src/turtlebot3-jazzy/turtlebot3_bringup) by extension 'ignore_ament_install'
[0.117s] Level 1:colcon.colcon_core.package_identification:_identify(src/turtlebot3-jazzy/turtlebot3_bringup) by extensions ['colcon_pkg']
[0.117s] Level 1:colcon.colcon_core.package_identification:_identify(src/turtlebot3-jazzy/turtlebot3_bringup) by extension 'colcon_pkg'
[0.117s] Level 1:colcon.colcon_core.package_identification:_identify(src/turtlebot3-jazzy/turtlebot3_bringup) by extensions ['colcon_meta']
[0.117s] Level 1:colcon.colcon_core.package_identification:_identify(src/turtlebot3-jazzy/turtlebot3_bringup) by extension 'colcon_meta'
[0.117s] Level 1:colcon.colcon_core.package_identification:_identify(src/turtlebot3-jazzy/turtlebot3_bringup) by extensions ['ros']
[0.117s] Level 1:colcon.colcon_core.package_identification:_identify(src/turtlebot3-jazzy/turtlebot3_bringup) by extension 'ros'
[0.118s] DEBUG:colcon.colcon_core.package_identification:Package 'src/turtlebot3-jazzy/turtlebot3_bringup' with type 'ros.ament_cmake' and name 'turtlebot3_bringup'
[0.118s] Level 1:colcon.colcon_core.package_identification:_identify(src/turtlebot3-jazzy/turtlebot3_cartographer) by extensions ['ignore', 'ignore_ament_install']
[0.118s] Level 1:colcon.colcon_core.package_identification:_identify(src/turtlebot3-jazzy/turtlebot3_cartographer) by extension 'ignore'
[0.118s] Level 1:colcon.colcon_core.package_identification:_identify(src/turtlebot3-jazzy/turtlebot3_cartographer) by extension 'ignore_ament_install'
[0.118s] Level 1:colcon.colcon_core.package_identification:_identify(src/turtlebot3-jazzy/turtlebot3_cartographer) by extensions ['colcon_pkg']
[0.118s] Level 1:colcon.colcon_core.package_identification:_identify(src/turtlebot3-jazzy/turtlebot3_cartographer) by extension 'colcon_pkg'
[0.118s] Level 1:colcon.colcon_core.package_identification:_identify(src/turtlebot3-jazzy/turtlebot3_cartographer) by extensions ['colcon_meta']
[0.118s] Level 1:colcon.colcon_core.package_identification:_identify(src/turtlebot3-jazzy/turtlebot3_cartographer) by extension 'colcon_meta'
[0.118s] Level 1:colcon.colcon_core.package_identification:_identify(src/turtlebot3-jazzy/turtlebot3_cartographer) by extensions ['ros']
[0.118s] Level 1:colcon.colcon_core.package_identification:_identify(src/turtlebot3-jazzy/turtlebot3_cartographer) by extension 'ros'
[0.118s] DEBUG:colcon.colcon_core.package_identification:Package 'src/turtlebot3-jazzy/turtlebot3_cartographer' with type 'ros.ament_cmake' and name 'turtlebot3_cartographer'
[0.118s] Level 1:colcon.colcon_core.package_identification:_identify(src/turtlebot3-jazzy/turtlebot3_description) by extensions ['ignore', 'ignore_ament_install']
[0.118s] Level 1:colcon.colcon_core.package_identification:_identify(src/turtlebot3-jazzy/turtlebot3_description) by extension 'ignore'
[0.118s] Level 1:colcon.colcon_core.package_identification:_identify(src/turtlebot3-jazzy/turtlebot3_description) by extension 'ignore_ament_install'
[0.118s] Level 1:colcon.colcon_core.package_identification:_identify(src/turtlebot3-jazzy/turtlebot3_description) by extensions ['colcon_pkg']
[0.118s] Level 1:colcon.colcon_core.package_identification:_identify(src/turtlebot3-jazzy/turtlebot3_description) by extension 'colcon_pkg'
[0.118s] Level 1:colcon.colcon_core.package_identification:_identify(src/turtlebot3-jazzy/turtlebot3_description) by extensions ['colcon_meta']
[0.118s] Level 1:colcon.colcon_core.package_identification:_identify(src/turtlebot3-jazzy/turtlebot3_description) by extension 'colcon_meta'
[0.118s] Level 1:colcon.colcon_core.package_identification:_identify(src/turtlebot3-jazzy/turtlebot3_description) by extensions ['ros']
[0.118s] Level 1:colcon.colcon_core.package_identification:_identify(src/turtlebot3-jazzy/turtlebot3_description) by extension 'ros'
[0.119s] DEBUG:colcon.colcon_core.package_identification:Package 'src/turtlebot3-jazzy/turtlebot3_description' with type 'ros.ament_cmake' and name 'turtlebot3_description'
[0.119s] Level 1:colcon.colcon_core.package_identification:_identify(src/turtlebot3-jazzy/turtlebot3_example) by extensions ['ignore', 'ignore_ament_install']
[0.119s] Level 1:colcon.colcon_core.package_identification:_identify(src/turtlebot3-jazzy/turtlebot3_example) by extension 'ignore'
[0.119s] Level 1:colcon.colcon_core.package_identification:_identify(src/turtlebot3-jazzy/turtlebot3_example) by extension 'ignore_ament_install'
[0.119s] Level 1:colcon.colcon_core.package_identification:_identify(src/turtlebot3-jazzy/turtlebot3_example) by extensions ['colcon_pkg']
[0.119s] Level 1:colcon.colcon_core.package_identification:_identify(src/turtlebot3-jazzy/turtlebot3_example) by extension 'colcon_pkg'
[0.119s] Level 1:colcon.colcon_core.package_identification:_identify(src/turtlebot3-jazzy/turtlebot3_example) by extensions ['colcon_meta']
[0.119s] Level 1:colcon.colcon_core.package_identification:_identify(src/turtlebot3-jazzy/turtlebot3_example) by extension 'colcon_meta'
[0.119s] Level 1:colcon.colcon_core.package_identification:_identify(src/turtlebot3-jazzy/turtlebot3_example) by extensions ['ros']
[0.119s] Level 1:colcon.colcon_core.package_identification:_identify(src/turtlebot3-jazzy/turtlebot3_example) by extension 'ros'
[0.119s] DEBUG:colcon.colcon_core.package_identification:Package 'src/turtlebot3-jazzy/turtlebot3_example' with type 'ros.ament_python' and name 'turtlebot3_example'
[0.120s] Level 1:colcon.colcon_core.package_identification:_identify(src/turtlebot3-jazzy/turtlebot3_navigation2) by extensions ['ignore', 'ignore_ament_install']
[0.120s] Level 1:colcon.colcon_core.package_identification:_identify(src/turtlebot3-jazzy/turtlebot3_navigation2) by extension 'ignore'
[0.120s] Level 1:colcon.colcon_core.package_identification:_identify(src/turtlebot3-jazzy/turtlebot3_navigation2) by extension 'ignore_ament_install'
[0.120s] Level 1:colcon.colcon_core.package_identification:_identify(src/turtlebot3-jazzy/turtlebot3_navigation2) by extensions ['colcon_pkg']
[0.120s] Level 1:colcon.colcon_core.package_identification:_identify(src/turtlebot3-jazzy/turtlebot3_navigation2) by extension 'colcon_pkg'
[0.120s] Level 1:colcon.colcon_core.package_identification:_identify(src/turtlebot3-jazzy/turtlebot3_navigation2) by extensions ['colcon_meta']
[0.120s] Level 1:colcon.colcon_core.package_identification:_identify(src/turtlebot3-jazzy/turtlebot3_navigation2) by extension 'colcon_meta'
[0.120s] Level 1:colcon.colcon_core.package_identification:_identify(src/turtlebot3-jazzy/turtlebot3_navigation2) by extensions ['ros']
[0.120s] Level 1:colcon.colcon_core.package_identification:_identify(src/turtlebot3-jazzy/turtlebot3_navigation2) by extension 'ros'
[0.120s] DEBUG:colcon.colcon_core.package_identification:Package 'src/turtlebot3-jazzy/turtlebot3_navigation2' with type 'ros.ament_cmake' and name 'turtlebot3_navigation2'
[0.120s] Level 1:colcon.colcon_core.package_identification:_identify(src/turtlebot3-jazzy/turtlebot3_node) by extensions ['ignore', 'ignore_ament_install']
[0.120s] Level 1:colcon.colcon_core.package_identification:_identify(src/turtlebot3-jazzy/turtlebot3_node) by extension 'ignore'
[0.120s] Level 1:colcon.colcon_core.package_identification:_identify(src/turtlebot3-jazzy/turtlebot3_node) by extension 'ignore_ament_install'
[0.120s] Level 1:colcon.colcon_core.package_identification:_identify(src/turtlebot3-jazzy/turtlebot3_node) by extensions ['colcon_pkg']
[0.120s] Level 1:colcon.colcon_core.package_identification:_identify(src/turtlebot3-jazzy/turtlebot3_node) by extension 'colcon_pkg'
[0.120s] Level 1:colcon.colcon_core.package_identification:_identify(src/turtlebot3-jazzy/turtlebot3_node) by extensions ['colcon_meta']
[0.120s] Level 1:colcon.colcon_core.package_identification:_identify(src/turtlebot3-jazzy/turtlebot3_node) by extension 'colcon_meta'
[0.120s] Level 1:colcon.colcon_core.package_identification:_identify(src/turtlebot3-jazzy/turtlebot3_node) by extensions ['ros']
[0.120s] Level 1:colcon.colcon_core.package_identification:_identify(src/turtlebot3-jazzy/turtlebot3_node) by extension 'ros'
[0.121s] DEBUG:colcon.colcon_core.package_identification:Package 'src/turtlebot3-jazzy/turtlebot3_node' with type 'ros.ament_cmake' and name 'turtlebot3_node'
[0.121s] Level 1:colcon.colcon_core.package_identification:_identify(src/turtlebot3-jazzy/turtlebot3_teleop) by extensions ['ignore', 'ignore_ament_install']
[0.121s] Level 1:colcon.colcon_core.package_identification:_identify(src/turtlebot3-jazzy/turtlebot3_teleop) by extension 'ignore'
[0.121s] Level 1:colcon.colcon_core.package_identification:_identify(src/turtlebot3-jazzy/turtlebot3_teleop) by extension 'ignore_ament_install'
[0.121s] Level 1:colcon.colcon_core.package_identification:_identify(src/turtlebot3-jazzy/turtlebot3_teleop) by extensions ['colcon_pkg']
[0.121s] Level 1:colcon.colcon_core.package_identification:_identify(src/turtlebot3-jazzy/turtlebot3_teleop) by extension 'colcon_pkg'
[0.121s] Level 1:colcon.colcon_core.package_identification:_identify(src/turtlebot3-jazzy/turtlebot3_teleop) by extensions ['colcon_meta']
[0.121s] Level 1:colcon.colcon_core.package_identification:_identify(src/turtlebot3-jazzy/turtlebot3_teleop) by extension 'colcon_meta'
[0.121s] Level 1:colcon.colcon_core.package_identification:_identify(src/turtlebot3-jazzy/turtlebot3_teleop) by extensions ['ros']
[0.121s] Level 1:colcon.colcon_core.package_identification:_identify(src/turtlebot3-jazzy/turtlebot3_teleop) by extension 'ros'
[0.121s] DEBUG:colcon.colcon_core.package_identification:Package 'src/turtlebot3-jazzy/turtlebot3_teleop' with type 'ros.ament_python' and name 'turtlebot3_teleop'
[0.121s] Level 1:colcon.colcon_core.package_identification:_identify(src/turtlebot3_gazebo) by extensions ['ignore', 'ignore_ament_install']
[0.122s] Level 1:colcon.colcon_core.package_identification:_identify(src/turtlebot3_gazebo) by extension 'ignore'
[0.122s] Level 1:colcon.colcon_core.package_identification:_identify(src/turtlebot3_gazebo) by extension 'ignore_ament_install'
[0.122s] Level 1:colcon.colcon_core.package_identification:_identify(src/turtlebot3_gazebo) by extensions ['colcon_pkg']
[0.122s] Level 1:colcon.colcon_core.package_identification:_identify(src/turtlebot3_gazebo) by extension 'colcon_pkg'
[0.122s] Level 1:colcon.colcon_core.package_identification:_identify(src/turtlebot3_gazebo) by extensions ['colcon_meta']
[0.122s] Level 1:colcon.colcon_core.package_identification:_identify(src/turtlebot3_gazebo) by extension 'colcon_meta'
[0.122s] Level 1:colcon.colcon_core.package_identification:_identify(src/turtlebot3_gazebo) by extensions ['ros']
[0.122s] Level 1:colcon.colcon_core.package_identification:_identify(src/turtlebot3_gazebo) by extension 'ros'
[0.122s] DEBUG:colcon.colcon_core.package_identification:Package 'src/turtlebot3_gazebo' with type 'ros.ament_cmake' and name 'turtlebot3_gazebo'
[0.122s] Level 1:colcon.colcon_core.package_identification:_identify(tag_metrics) by extensions ['ignore', 'ignore_ament_install']
[0.122s] Level 1:colcon.colcon_core.package_identification:_identify(tag_metrics) by extension 'ignore'
[0.122s] Level 1:colcon.colcon_core.package_identification:_identify(tag_metrics) by extension 'ignore_ament_install'
[0.122s] Level 1:colcon.colcon_core.package_identification:_identify(tag_metrics) by extensions ['colcon_pkg']
[0.122s] Level 1:colcon.colcon_core.package_identification:_identify(tag_metrics) by extension 'colcon_pkg'
[0.122s] Level 1:colcon.colcon_core.package_identification:_identify(tag_metrics) by extensions ['colcon_meta']
[0.122s] Level 1:colcon.colcon_core.package_identification:_identify(tag_metrics) by extension 'colcon_meta'
[0.122s] Level 1:colcon.colcon_core.package_identification:_identify(tag_metrics) by extensions ['ros']
[0.122s] Level 1:colcon.colcon_core.package_identification:_identify(tag_metrics) by extension 'ros'
[0.123s] Level 1:colcon.colcon_core.package_identification:_identify(tag_metrics) by extensions ['cmake', 'python']
[0.123s] Level 1:colcon.colcon_core.package_identification:_identify(tag_metrics) by extension 'cmake'
[0.123s] Level 1:colcon.colcon_core.package_identification:_identify(tag_metrics) by extension 'python'
[0.123s] Level 1:colcon.colcon_core.package_identification:_identify(tag_metrics) by extensions ['python_setup_py']
[0.123s] Level 1:colcon.colcon_core.package_identification:_identify(tag_metrics) by extension 'python_setup_py'
[0.123s] Level 1:colcon.colcon_core.package_discovery:discover_packages(recursive) using defaults
[0.123s] Level 1:colcon.colcon_core.package_discovery:discover_packages(ignore) discover
[0.123s] Level 1:colcon.colcon_core.package_discovery:discover_packages(ignore) using defaults
[0.123s] Level 1:colcon.colcon_core.package_discovery:discover_packages(path) discover
[0.123s] Level 1:colcon.colcon_core.package_discovery:discover_packages(path) using defaults
[0.135s] Level 5:colcon.colcon_core.verb:set package 'tb3_multi_nav' build argument 'cmake_args' from command line to 'None'
[0.135s] Level 5:colcon.colcon_core.verb:set package 'tb3_multi_nav' build argument 'cmake_target' from command line to 'None'
[0.135s] Level 5:colcon.colcon_core.verb:set package 'tb3_multi_nav' build argument 'cmake_target_skip_unavailable' from command line to 'False'
[0.135s] Level 5:colcon.colcon_core.verb:set package 'tb3_multi_nav' build argument 'cmake_clean_cache' from command line to 'False'
[0.135s] Level 5:colcon.colcon_core.verb:set package 'tb3_multi_nav' build argument 'cmake_clean_first' from command line to 'False'
[0.135s] Level 5:colcon.colcon_core.verb:set package 'tb3_multi_nav' build argument 'cmake_force_configure' from command line to 'False'
[0.135s] Level 5:colcon.colcon_core.verb:set package 'tb3_multi_nav' build argument 'ament_cmake_args' from command line to 'None'
[0.135s] Level 5:colcon.colcon_core.verb:set package 'tb3_multi_nav' build argument 'catkin_cmake_args' from command line to 'None'
[0.135s] Level 5:colcon.colcon_core.verb:set package 'tb3_multi_nav' build argument 'catkin_skip_building_tests' from command line to 'False'
[0.135s] DEBUG:colcon.colcon_core.verb:Building package 'tb3_multi_nav' with the following arguments: {'ament_cmake_args': None, 'build_base': '/root/ros_ws/build/tb3_multi_nav', 'catkin_cmake_args': None, 'catkin_skip_building_tests': False, 'cmake_args': None, 'cmake_clean_cache': False, 'cmake_clean_first': False, 'cmake_force_configure': False, 'cmake_target': None, 'cmake_target_skip_unavailable': False, 'install_base': '/root/ros_ws/install/tb3_multi_nav', 'merge_install': False, 'path': '/root/ros_ws/src/tb3_multi_nav', 'symlink_install': False, 'test_result_base': None}
[0.135s] Level 5:colcon.colcon_core.verb:set package 'turtlebot3_cartographer' build argument 'cmake_args' from command line to 'None'
[0.135s] Level 5:colcon.colcon_core.verb:set package 'turtlebot3_cartographer' build argument 'cmake_target' from command line to 'None'
[0.135s] Level 5:colcon.colcon_core.verb:set package 'turtlebot3_cartographer' build argument 'cmake_target_skip_unavailable' from command line to 'False'
[0.135s] Level 5:colcon.colcon_core.verb:set package 'turtlebot3_cartographer' build argument 'cmake_clean_cache' from command line to 'False'
[0.135s] Level 5:colcon.colcon_core.verb:set package 'turtlebot3_cartographer' build argument 'cmake_clean_first' from command line to 'False'
[0.135s] Level 5:colcon.colcon_core.verb:set package 'turtlebot3_cartographer' build argument 'cmake_force_configure' from command line to 'False'
[0.135s] Level 5:colcon.colcon_core.verb:set package 'turtlebot3_cartographer' build argument 'ament_cmake_args' from command line to 'None'
[0.135s] Level 5:colcon.colcon_core.verb:set package 'turtlebot3_cartographer' build argument 'catkin_cmake_args' from command line to 'None'
[0.135s] Level 5:colcon.colcon_core.verb:set package 'turtlebot3_cartographer' build argument 'catkin_skip_building_tests' from command line to 'False'
[0.135s] DEBUG:colcon.colcon_core.verb:Building package 'turtlebot3_cartographer' with the following arguments: {'ament_cmake_args': None, 'build_base': '/root/ros_ws/build/turtlebot3_cartographer', 'catkin_cmake_args': None, 'catkin_skip_building_tests': False, 'cmake_args': None, 'cmake_clean_cache': False, 'cmake_clean_first': False, 'cmake_force_configure': False, 'cmake_target': None, 'cmake_target_skip_unavailable': False, 'install_base': '/root/ros_ws/install/turtlebot3_cartographer', 'merge_install': False, 'path': '/root/ros_ws/src/turtlebot3-jazzy/turtlebot3_cartographer', 'symlink_install': False, 'test_result_base': None}
[0.135s] Level 5:colcon.colcon_core.verb:set package 'turtlebot3_description' build argument 'cmake_args' from command line to 'None'
[0.135s] Level 5:colcon.colcon_core.verb:set package 'turtlebot3_description' build argument 'cmake_target' from command line to 'None'
[0.135s] Level 5:colcon.colcon_core.verb:set package 'turtlebot3_description' build argument 'cmake_target_skip_unavailable' from command line to 'False'
[0.135s] Level 5:colcon.colcon_core.verb:set package 'turtlebot3_description' build argument 'cmake_clean_cache' from command line to 'False'
[0.135s] Level 5:colcon.colcon_core.verb:set package 'turtlebot3_description' build argument 'cmake_clean_first' from command line to 'False'
[0.135s] Level 5:colcon.colcon_core.verb:set package 'turtlebot3_description' build argument 'cmake_force_configure' from command line to 'False'
[0.135s] Level 5:colcon.colcon_core.verb:set package 'turtlebot3_description' build argument 'ament_cmake_args' from command line to 'None'
[0.135s] Level 5:colcon.colcon_core.verb:set package 'turtlebot3_description' build argument 'catkin_cmake_args' from command line to 'None'
[0.135s] Level 5:colcon.colcon_core.verb:set package 'turtlebot3_description' build argument 'catkin_skip_building_tests' from command line to 'False'
[0.135s] DEBUG:colcon.colcon_core.verb:Building package 'turtlebot3_description' with the following arguments: {'ament_cmake_args': None, 'build_base': '/root/ros_ws/build/turtlebot3_description', 'catkin_cmake_args': None, 'catkin_skip_building_tests': False, 'cmake_args': None, 'cmake_clean_cache': False, 'cmake_clean_first': False, 'cmake_force_configure': False, 'cmake_target': None, 'cmake_target_skip_unavailable': False, 'install_base': '/root/ros_ws/install/turtlebot3_description', 'merge_install': False, 'path': '/root/ros_ws/src/turtlebot3-jazzy/turtlebot3_description', 'symlink_install': False, 'test_result_base': None}
[0.136s] Level 5:colcon.colcon_core.verb:set package 'turtlebot3_example' build argument 'cmake_args' from command line to 'None'
[0.136s] Level 5:colcon.colcon_core.verb:set package 'turtlebot3_example' build argument 'cmake_target' from command line to 'None'
[0.136s] Level 5:colcon.colcon_core.verb:set package 'turtlebot3_example' build argument 'cmake_target_skip_unavailable' from command line to 'False'
[0.136s] Level 5:colcon.colcon_core.verb:set package 'turtlebot3_example' build argument 'cmake_clean_cache' from command line to 'False'
[0.136s] Level 5:colcon.colcon_core.verb:set package 'turtlebot3_example' build argument 'cmake_clean_first' from command line to 'False'
[0.136s] Level 5:colcon.colcon_core.verb:set package 'turtlebot3_example' build argument 'cmake_force_configure' from command line to 'False'
[0.136s] Level 5:colcon.colcon_core.verb:set package 'turtlebot3_example' build argument 'ament_cmake_args' from command line to 'None'
[0.136s] Level 5:colcon.colcon_core.verb:set package 'turtlebot3_example' build argument 'catkin_cmake_args' from command line to 'None'
[0.136s] Level 5:colcon.colcon_core.verb:set package 'turtlebot3_example' build argument 'catkin_skip_building_tests' from command line to 'False'
[0.136s] DEBUG:colcon.colcon_core.verb:Building package 'turtlebot3_example' with the following arguments: {'ament_cmake_args': None, 'build_base': '/root/ros_ws/build/turtlebot3_example', 'catkin_cmake_args': None, 'catkin_skip_building_tests': False, 'cmake_args': None, 'cmake_clean_cache': False, 'cmake_clean_first': False, 'cmake_force_configure': False, 'cmake_target': None, 'cmake_target_skip_unavailable': False, 'install_base': '/root/ros_ws/install/turtlebot3_example', 'merge_install': False, 'path': '/root/ros_ws/src/turtlebot3-jazzy/turtlebot3_example', 'symlink_install': False, 'test_result_base': None}
[0.136s] Level 5:colcon.colcon_core.verb:set package 'turtlebot3_gazebo' build argument 'cmake_args' from command line to 'None'
[0.136s] Level 5:colcon.colcon_core.verb:set package 'turtlebot3_gazebo' build argument 'cmake_target' from command line to 'None'
[0.136s] Level 5:colcon.colcon_core.verb:set package 'turtlebot3_gazebo' build argument 'cmake_target_skip_unavailable' from command line to 'False'
[0.136s] Level 5:colcon.colcon_core.verb:set package 'turtlebot3_gazebo' build argument 'cmake_clean_cache' from command line to 'False'
[0.136s] Level 5:colcon.colcon_core.verb:set package 'turtlebot3_gazebo' build argument 'cmake_clean_first' from command line to 'False'
[0.136s] Level 5:colcon.colcon_core.verb:set package 'turtlebot3_gazebo' build argument 'cmake_force_configure' from command line to 'False'
[0.136s] Level 5:colcon.colcon_core.verb:set package 'turtlebot3_gazebo' build argument 'ament_cmake_args' from command line to 'None'
[0.136s] Level 5:colcon.colcon_core.verb:set package 'turtlebot3_gazebo' build argument 'catkin_cmake_args' from command line to 'None'
[0.136s] Level 5:colcon.colcon_core.verb:set package 'turtlebot3_gazebo' build argument 'catkin_skip_building_tests' from command line to 'False'
[0.136s] DEBUG:colcon.colcon_core.verb:Building package 'turtlebot3_gazebo' with the following arguments: {'ament_cmake_args': None, 'build_base': '/root/ros_ws/build/turtlebot3_gazebo', 'catkin_cmake_args': None, 'catkin_skip_building_tests': False, 'cmake_args': None, 'cmake_clean_cache': False, 'cmake_clean_first': False, 'cmake_force_configure': False, 'cmake_target': None, 'cmake_target_skip_unavailable': False, 'install_base': '/root/ros_ws/install/turtlebot3_gazebo', 'merge_install': False, 'path': '/root/ros_ws/src/turtlebot3_gazebo', 'symlink_install': False, 'test_result_base': None}
[0.136s] Level 5:colcon.colcon_core.verb:set package 'turtlebot3_navigation2' build argument 'cmake_args' from command line to 'None'
[0.136s] Level 5:colcon.colcon_core.verb:set package 'turtlebot3_navigation2' build argument 'cmake_target' from command line to 'None'
[0.136s] Level 5:colcon.colcon_core.verb:set package 'turtlebot3_navigation2' build argument 'cmake_target_skip_unavailable' from command line to 'False'
[0.136s] Level 5:colcon.colcon_core.verb:set package 'turtlebot3_navigation2' build argument 'cmake_clean_cache' from command line to 'False'
[0.136s] Level 5:colcon.colcon_core.verb:set package 'turtlebot3_navigation2' build argument 'cmake_clean_first' from command line to 'False'
[0.136s] Level 5:colcon.colcon_core.verb:set package 'turtlebot3_navigation2' build argument 'cmake_force_configure' from command line to 'False'
[0.136s] Level 5:colcon.colcon_core.verb:set package 'turtlebot3_navigation2' build argument 'ament_cmake_args' from command line to 'None'
[0.136s] Level 5:colcon.colcon_core.verb:set package 'turtlebot3_navigation2' build argument 'catkin_cmake_args' from command line to 'None'
[0.136s] Level 5:colcon.colcon_core.verb:set package 'turtlebot3_navigation2' build argument 'catkin_skip_building_tests' from command line to 'False'
[0.136s] DEBUG:colcon.colcon_core.verb:Building package 'turtlebot3_navigation2' with the following arguments: {'ament_cmake_args': None, 'build_base': '/root/ros_ws/build/turtlebot3_navigation2', 'catkin_cmake_args': None, 'catkin_skip_building_tests': False, 'cmake_args': None, 'cmake_clean_cache': False, 'cmake_clean_first': False, 'cmake_force_configure': False, 'cmake_target': None, 'cmake_target_skip_unavailable': False, 'install_base': '/root/ros_ws/install/turtlebot3_navigation2', 'merge_install': False, 'path': '/root/ros_ws/src/turtlebot3-jazzy/turtlebot3_navigation2', 'symlink_install': False, 'test_result_base': None}
[0.136s] Level 5:colcon.colcon_core.verb:set package 'turtlebot3_node' build argument 'cmake_args' from command line to 'None'
[0.136s] Level 5:colcon.colcon_core.verb:set package 'turtlebot3_node' build argument 'cmake_target' from command line to 'None'
[0.136s] Level 5:colcon.colcon_core.verb:set package 'turtlebot3_node' build argument 'cmake_target_skip_unavailable' from command line to 'False'
[0.136s] Level 5:colcon.colcon_core.verb:set package 'turtlebot3_node' build argument 'cmake_clean_cache' from command line to 'False'
[0.136s] Level 5:colcon.colcon_core.verb:set package 'turtlebot3_node' build argument 'cmake_clean_first' from command line to 'False'
[0.136s] Level 5:colcon.colcon_core.verb:set package 'turtlebot3_node' build argument 'cmake_force_configure' from command line to 'False'
[0.136s] Level 5:colcon.colcon_core.verb:set package 'turtlebot3_node' build argument 'ament_cmake_args' from command line to 'None'
[0.136s] Level 5:colcon.colcon_core.verb:set package 'turtlebot3_node' build argument 'catkin_cmake_args' from command line to 'None'
[0.136s] Level 5:colcon.colcon_core.verb:set package 'turtlebot3_node' build argument 'catkin_skip_building_tests' from command line to 'False'
[0.136s] DEBUG:colcon.colcon_core.verb:Building package 'turtlebot3_node' with the following arguments: {'ament_cmake_args': None, 'build_base': '/root/ros_ws/build/turtlebot3_node', 'catkin_cmake_args': None, 'catkin_skip_building_tests': False, 'cmake_args': None, 'cmake_clean_cache': False, 'cmake_clean_first': False, 'cmake_force_configure': False, 'cmake_target': None, 'cmake_target_skip_unavailable': False, 'install_base': '/root/ros_ws/install/turtlebot3_node', 'merge_install': False, 'path': '/root/ros_ws/src/turtlebot3-jazzy/turtlebot3_node', 'symlink_install': False, 'test_result_base': None}
[0.136s] Level 5:colcon.colcon_core.verb:set package 'turtlebot3_teleop' build argument 'cmake_args' from command line to 'None'
[0.136s] Level 5:colcon.colcon_core.verb:set package 'turtlebot3_teleop' build argument 'cmake_target' from command line to 'None'
[0.136s] Level 5:colcon.colcon_core.verb:set package 'turtlebot3_teleop' build argument 'cmake_target_skip_unavailable' from command line to 'False'
[0.136s] Level 5:colcon.colcon_core.verb:set package 'turtlebot3_teleop' build argument 'cmake_clean_cache' from command line to 'False'
[0.136s] Level 5:colcon.colcon_core.verb:set package 'turtlebot3_teleop' build argument 'cmake_clean_first' from command line to 'False'
[0.136s] Level 5:colcon.colcon_core.verb:set package 'turtlebot3_teleop' build argument 'cmake_force_configure' from command line to 'False'
[0.136s] Level 5:colcon.colcon_core.verb:set package 'turtlebot3_teleop' build argument 'ament_cmake_args' from command line to 'None'
[0.137s] Level 5:colcon.colcon_core.verb:set package 'turtlebot3_teleop' build argument 'catkin_cmake_args' from command line to 'None'
[0.137s] Level 5:colcon.colcon_core.verb:set package 'turtlebot3_teleop' build argument 'catkin_skip_building_tests' from command line to 'False'
[0.137s] DEBUG:colcon.colcon_core.verb:Building package 'turtlebot3_teleop' with the following arguments: {'ament_cmake_args': None, 'build_base': '/root/ros_ws/build/turtlebot3_teleop', 'catkin_cmake_args': None, 'catkin_skip_building_tests': False, 'cmake_args': None, 'cmake_clean_cache': False, 'cmake_clean_first': False, 'cmake_force_configure': False, 'cmake_target': None, 'cmake_target_skip_unavailable': False, 'install_base': '/root/ros_ws/install/turtlebot3_teleop', 'merge_install': False, 'path': '/root/ros_ws/src/turtlebot3-jazzy/turtlebot3_teleop', 'symlink_install': False, 'test_result_base': None}
[0.137s] Level 5:colcon.colcon_core.verb:set package 'turtlebot3_bringup' build argument 'cmake_args' from command line to 'None'
[0.137s] Level 5:colcon.colcon_core.verb:set package 'turtlebot3_bringup' build argument 'cmake_target' from command line to 'None'
[0.137s] Level 5:colcon.colcon_core.verb:set package 'turtlebot3_bringup' build argument 'cmake_target_skip_unavailable' from command line to 'False'
[0.137s] Level 5:colcon.colcon_core.verb:set package 'turtlebot3_bringup' build argument 'cmake_clean_cache' from command line to 'False'
[0.137s] Level 5:colcon.colcon_core.verb:set package 'turtlebot3_bringup' build argument 'cmake_clean_first' from command line to 'False'
[0.137s] Level 5:colcon.colcon_core.verb:set package 'turtlebot3_bringup' build argument 'cmake_force_configure' from command line to 'False'
[0.137s] Level 5:colcon.colcon_core.verb:set package 'turtlebot3_bringup' build argument 'ament_cmake_args' from command line to 'None'
[0.137s] Level 5:colcon.colcon_core.verb:set package 'turtlebot3_bringup' build argument 'catkin_cmake_args' from command line to 'None'
[0.137s] Level 5:colcon.colcon_core.verb:set package 'turtlebot3_bringup' build argument 'catkin_skip_building_tests' from command line to 'False'
[0.137s] DEBUG:colcon.colcon_core.verb:Building package 'turtlebot3_bringup' with the following arguments: {'ament_cmake_args': None, 'build_base': '/root/ros_ws/build/turtlebot3_bringup', 'catkin_cmake_args': None, 'catkin_skip_building_tests': False, 'cmake_args': None, 'cmake_clean_cache': False, 'cmake_clean_first': False, 'cmake_force_configure': False, 'cmake_target': None, 'cmake_target_skip_unavailable': False, 'install_base': '/root/ros_ws/install/turtlebot3_bringup', 'merge_install': False, 'path': '/root/ros_ws/src/turtlebot3-jazzy/turtlebot3_bringup', 'symlink_install': False, 'test_result_base': None}
[0.137s] Level 5:colcon.colcon_core.verb:set package 'turtlebot3' build argument 'cmake_args' from command line to 'None'
[0.137s] Level 5:colcon.colcon_core.verb:set package 'turtlebot3' build argument 'cmake_target' from command line to 'None'
[0.137s] Level 5:colcon.colcon_core.verb:set package 'turtlebot3' build argument 'cmake_target_skip_unavailable' from command line to 'False'
[0.137s] Level 5:colcon.colcon_core.verb:set package 'turtlebot3' build argument 'cmake_clean_cache' from command line to 'False'
[0.137s] Level 5:colcon.colcon_core.verb:set package 'turtlebot3' build argument 'cmake_clean_first' from command line to 'False'
[0.137s] Level 5:colcon.colcon_core.verb:set package 'turtlebot3' build argument 'cmake_force_configure' from command line to 'False'
[0.137s] Level 5:colcon.colcon_core.verb:set package 'turtlebot3' build argument 'ament_cmake_args' from command line to 'None'
[0.137s] Level 5:colcon.colcon_core.verb:set package 'turtlebot3' build argument 'catkin_cmake_args' from command line to 'None'
[0.137s] Level 5:colcon.colcon_core.verb:set package 'turtlebot3' build argument 'catkin_skip_building_tests' from command line to 'False'
[0.137s] DEBUG:colcon.colcon_core.verb:Building package 'turtlebot3' with the following arguments: {'ament_cmake_args': None, 'build_base': '/root/ros_ws/build/turtlebot3', 'catkin_cmake_args': None, 'catkin_skip_building_tests': False, 'cmake_args': None, 'cmake_clean_cache': False, 'cmake_clean_first': False, 'cmake_force_configure': False, 'cmake_target': None, 'cmake_target_skip_unavailable': False, 'install_base': '/root/ros_ws/install/turtlebot3', 'merge_install': False, 'path': '/root/ros_ws/src/turtlebot3-jazzy/turtlebot3', 'symlink_install': False, 'test_result_base': None}
[0.137s] INFO:colcon.colcon_core.executor:Executing jobs using 'parallel' executor
[0.138s] DEBUG:colcon.colcon_parallel_executor.executor.parallel:run_until_complete
[0.138s] INFO:colcon.colcon_ros.task.ament_cmake.build:Building ROS package in '/root/ros_ws/src/turtlebot3-jazzy/turtlebot3_description' with build type 'ament_cmake'
[0.138s] INFO:colcon.colcon_cmake.task.cmake.build:Building CMake package in '/root/ros_ws/src/turtlebot3-jazzy/turtlebot3_description'
[0.139s] INFO:colcon.colcon_core.plugin_system:Skipping extension 'colcon_core.shell.bat': Not used on non-Windows systems
[0.140s] INFO:colcon.colcon_core.shell:Skip shell extension 'powershell' for command environment: Not usable outside of PowerShell
[0.140s] DEBUG:colcon.colcon_core.shell:Skip shell extension 'dsv' for command environment
[0.141s] WARNING:colcon.colcon_ros.prefix_path.ament:The path '/root/ros_ws/install/turtlebot3' in the environment variable AMENT_PREFIX_PATH doesn't exist
[0.141s] WARNING:colcon.colcon_ros.prefix_path.ament:The path '/root/ros_ws/install/turtlebot3_teleop' in the environment variable AMENT_PREFIX_PATH doesn't exist
[0.141s] WARNING:colcon.colcon_ros.prefix_path.ament:The path '/root/ros_ws/install/turtlebot3_bringup' in the environment variable AMENT_PREFIX_PATH doesn't exist
[0.141s] WARNING:colcon.colcon_ros.prefix_path.ament:The path '/root/ros_ws/install/turtlebot3_node' in the environment variable AMENT_PREFIX_PATH doesn't exist
[0.141s] WARNING:colcon.colcon_ros.prefix_path.ament:The path '/root/ros_ws/install/turtlebot3_navigation2' in the environment variable AMENT_PREFIX_PATH doesn't exist
[0.141s] WARNING:colcon.colcon_ros.prefix_path.ament:The path '/root/ros_ws/install/turtlebot3_gazebo' in the environment variable AMENT_PREFIX_PATH doesn't exist
[0.141s] WARNING:colcon.colcon_ros.prefix_path.ament:The path '/root/ros_ws/install/turtlebot3_example' in the environment variable AMENT_PREFIX_PATH doesn't exist
[0.141s] WARNING:colcon.colcon_ros.prefix_path.ament:The path '/root/ros_ws/install/turtlebot3_description' in the environment variable AMENT_PREFIX_PATH doesn't exist
[0.141s] WARNING:colcon.colcon_ros.prefix_path.ament:The path '/root/ros_ws/install/turtlebot3_cartographer' in the environment variable AMENT_PREFIX_PATH doesn't exist
[0.141s] WARNING:colcon.colcon_ros.prefix_path.ament:The path '/root/ros_ws/install/tb3_multi_nav' in the environment variable AMENT_PREFIX_PATH doesn't exist
[0.141s] WARNING:colcon.colcon_ros.prefix_path.catkin:The path '/root/ros_ws/install/turtlebot3' in the environment variable CMAKE_PREFIX_PATH doesn't exist
[0.141s] WARNING:colcon.colcon_ros.prefix_path.catkin:The path '/root/ros_ws/install/turtlebot3_bringup' in the environment variable CMAKE_PREFIX_PATH doesn't exist
[0.141s] WARNING:colcon.colcon_ros.prefix_path.catkin:The path '/root/ros_ws/install/turtlebot3_node' in the environment variable CMAKE_PREFIX_PATH doesn't exist
[0.141s] WARNING:colcon.colcon_ros.prefix_path.catkin:The path '/root/ros_ws/install/turtlebot3_navigation2' in the environment variable CMAKE_PREFIX_PATH doesn't exist
[0.141s] WARNING:colcon.colcon_ros.prefix_path.catkin:The path '/root/ros_ws/install/turtlebot3_gazebo' in the environment variable CMAKE_PREFIX_PATH doesn't exist
[0.141s] WARNING:colcon.colcon_ros.prefix_path.catkin:The path '/root/ros_ws/install/turtlebot3_description' in the environment variable CMAKE_PREFIX_PATH doesn't exist
[0.141s] WARNING:colcon.colcon_ros.prefix_path.catkin:The path '/root/ros_ws/install/turtlebot3_cartographer' in the environment variable CMAKE_PREFIX_PATH doesn't exist
[0.144s] INFO:colcon.colcon_ros.task.ament_cmake.build:Building ROS package in '/root/ros_ws/src/turtlebot3-jazzy/turtlebot3_node' with build type 'ament_cmake'
[0.144s] INFO:colcon.colcon_cmake.task.cmake.build:Building CMake package in '/root/ros_ws/src/turtlebot3-jazzy/turtlebot3_node'
[0.144s] INFO:colcon.colcon_core.shell:Skip shell extension 'powershell' for command environment: Not usable outside of PowerShell
[0.144s] DEBUG:colcon.colcon_core.shell:Skip shell extension 'dsv' for command environment
[0.148s] INFO:colcon.colcon_ros.task.ament_cmake.build:Building ROS package in '/root/ros_ws/src/turtlebot3-jazzy/turtlebot3_cartographer' with build type 'ament_cmake'
[0.148s] INFO:colcon.colcon_cmake.task.cmake.build:Building CMake package in '/root/ros_ws/src/turtlebot3-jazzy/turtlebot3_cartographer'
[0.148s] INFO:colcon.colcon_core.shell:Skip shell extension 'powershell' for command environment: Not usable outside of PowerShell
[0.148s] DEBUG:colcon.colcon_core.shell:Skip shell extension 'dsv' for command environment
[0.152s] INFO:colcon.colcon_ros.task.ament_python.build:Building ROS package in '/root/ros_ws/src/turtlebot3-jazzy/turtlebot3_example' with build type 'ament_python'
[0.152s] Level 1:colcon.colcon_core.shell:create_environment_hook('turtlebot3_example', 'ament_prefix_path')
[0.153s] INFO:colcon.colcon_core.shell:Creating environment hook '/root/ros_ws/install/turtlebot3_example/share/turtlebot3_example/hook/ament_prefix_path.ps1'
[0.154s] INFO:colcon.colcon_core.shell:Creating environment descriptor '/root/ros_ws/install/turtlebot3_example/share/turtlebot3_example/hook/ament_prefix_path.dsv'
[0.154s] INFO:colcon.colcon_core.shell:Creating environment hook '/root/ros_ws/install/turtlebot3_example/share/turtlebot3_example/hook/ament_prefix_path.sh'
[0.155s] INFO:colcon.colcon_core.shell:Skip shell extension 'powershell' for command environment: Not usable outside of PowerShell
[0.155s] DEBUG:colcon.colcon_core.shell:Skip shell extension 'dsv' for command environment
[0.157s] INFO:colcon.colcon_ros.task.ament_cmake.build:Building ROS package in '/root/ros_ws/src/turtlebot3-jazzy/turtlebot3_navigation2' with build type 'ament_cmake'
[0.157s] INFO:colcon.colcon_cmake.task.cmake.build:Building CMake package in '/root/ros_ws/src/turtlebot3-jazzy/turtlebot3_navigation2'
[0.157s] INFO:colcon.colcon_core.shell:Skip shell extension 'powershell' for command environment: Not usable outside of PowerShell
[0.157s] DEBUG:colcon.colcon_core.shell:Skip shell extension 'dsv' for command environment
[0.160s] INFO:colcon.colcon_ros.task.ament_python.build:Building ROS package in '/root/ros_ws/src/turtlebot3-jazzy/turtlebot3_teleop' with build type 'ament_python'
[0.160s] Level 1:colcon.colcon_core.shell:create_environment_hook('turtlebot3_teleop', 'ament_prefix_path')
[0.161s] INFO:colcon.colcon_core.shell:Creating environment hook '/root/ros_ws/install/turtlebot3_teleop/share/turtlebot3_teleop/hook/ament_prefix_path.ps1'
[0.161s] INFO:colcon.colcon_core.shell:Creating environment descriptor '/root/ros_ws/install/turtlebot3_teleop/share/turtlebot3_teleop/hook/ament_prefix_path.dsv'
[0.162s] INFO:colcon.colcon_core.shell:Creating environment hook '/root/ros_ws/install/turtlebot3_teleop/share/turtlebot3_teleop/hook/ament_prefix_path.sh'
[0.162s] INFO:colcon.colcon_core.shell:Skip shell extension 'powershell' for command environment: Not usable outside of PowerShell
[0.162s] DEBUG:colcon.colcon_core.shell:Skip shell extension 'dsv' for command environment
[0.164s] INFO:colcon.colcon_ros.task.ament_python.build:Building ROS package in '/root/ros_ws/src/tb3_multi_nav' with build type 'ament_python'
[0.164s] Level 1:colcon.colcon_core.shell:create_environment_hook('tb3_multi_nav', 'ament_prefix_path')
[0.165s] INFO:colcon.colcon_core.shell:Creating environment hook '/root/ros_ws/install/tb3_multi_nav/share/tb3_multi_nav/hook/ament_prefix_path.ps1'
[0.166s] INFO:colcon.colcon_core.shell:Creating environment descriptor '/root/ros_ws/install/tb3_multi_nav/share/tb3_multi_nav/hook/ament_prefix_path.dsv'
[0.166s] INFO:colcon.colcon_core.shell:Creating environment hook '/root/ros_ws/install/tb3_multi_nav/share/tb3_multi_nav/hook/ament_prefix_path.sh'
[0.166s] INFO:colcon.colcon_core.shell:Skip shell extension 'powershell' for command environment: Not usable outside of PowerShell
[0.166s] DEBUG:colcon.colcon_core.shell:Skip shell extension 'dsv' for command environment
[0.169s] INFO:colcon.colcon_ros.task.ament_cmake.build:Building ROS package in '/root/ros_ws/src/turtlebot3_gazebo' with build type 'ament_cmake'
[0.170s] INFO:colcon.colcon_cmake.task.cmake.build:Building CMake package in '/root/ros_ws/src/turtlebot3_gazebo'
[0.170s] INFO:colcon.colcon_core.shell:Skip shell extension 'powershell' for command environment: Not usable outside of PowerShell
[0.170s] DEBUG:colcon.colcon_core.shell:Skip shell extension 'dsv' for command environment
[0.177s] DEBUG:colcon.colcon_core.event_handler.log_command:Invoking command in '/root/ros_ws/build/turtlebot3_description': CMAKE_PREFIX_PATH=${CMAKE_PREFIX_PATH}:/root/ros_ws/install/turtlebot3_teleop:/root/ros_ws/install/turtlebot3_example:/root/ros_ws/install/tb3_multi_nav:/opt/ros/jazzy /usr/bin/cmake /root/ros_ws/src/turtlebot3-jazzy/turtlebot3_description -DCMAKE_INSTALL_PREFIX=/root/ros_ws/install/turtlebot3_description
[0.180s] DEBUG:colcon.colcon_core.event_handler.log_command:Invoking command in '/root/ros_ws/build/turtlebot3_node': CMAKE_PREFIX_PATH=${CMAKE_PREFIX_PATH}:/root/ros_ws/install/turtlebot3_teleop:/root/ros_ws/install/turtlebot3_example:/root/ros_ws/install/tb3_multi_nav:/opt/ros/jazzy /usr/bin/cmake /root/ros_ws/src/turtlebot3-jazzy/turtlebot3_node -DCMAKE_INSTALL_PREFIX=/root/ros_ws/install/turtlebot3_node
[0.182s] DEBUG:colcon.colcon_core.event_handler.log_command:Invoking command in '/root/ros_ws/build/turtlebot3_cartographer': CMAKE_PREFIX_PATH=${CMAKE_PREFIX_PATH}:/root/ros_ws/install/turtlebot3_teleop:/root/ros_ws/install/turtlebot3_example:/root/ros_ws/install/tb3_multi_nav:/opt/ros/jazzy /usr/bin/cmake /root/ros_ws/src/turtlebot3-jazzy/turtlebot3_cartographer -DCMAKE_INSTALL_PREFIX=/root/ros_ws/install/turtlebot3_cartographer
[0.322s] INFO:colcon.colcon_core.task.python.build:Building Python package in '/root/ros_ws/src/turtlebot3-jazzy/turtlebot3_example'
[0.322s] INFO:colcon.colcon_core.shell:Skip shell extension 'powershell' for command environment: Not usable outside of PowerShell
[0.322s] DEBUG:colcon.colcon_core.shell:Skip shell extension 'dsv' for command environment
[0.327s] DEBUG:colcon.colcon_core.event_handler.log_command:Invoking command in '/root/ros_ws/build/turtlebot3_navigation2': CMAKE_PREFIX_PATH=${CMAKE_PREFIX_PATH}:/root/ros_ws/install/turtlebot3_teleop:/root/ros_ws/install/turtlebot3_example:/root/ros_ws/install/tb3_multi_nav:/opt/ros/jazzy /usr/bin/cmake /root/ros_ws/src/turtlebot3-jazzy/turtlebot3_navigation2 -DCMAKE_INSTALL_PREFIX=/root/ros_ws/install/turtlebot3_navigation2
[0.482s] INFO:colcon.colcon_core.task.python.build:Building Python package in '/root/ros_ws/src/turtlebot3-jazzy/turtlebot3_teleop'
[0.482s] INFO:colcon.colcon_core.shell:Skip shell extension 'powershell' for command environment: Not usable outside of PowerShell
[0.482s] DEBUG:colcon.colcon_core.shell:Skip shell extension 'dsv' for command environment
[0.630s] INFO:colcon.colcon_core.task.python.build:Building Python package in '/root/ros_ws/src/tb3_multi_nav'
[0.630s] INFO:colcon.colcon_core.shell:Skip shell extension 'powershell' for command environment: Not usable outside of PowerShell
[0.630s] DEBUG:colcon.colcon_core.shell:Skip shell extension 'dsv' for command environment
[0.648s] DEBUG:colcon.colcon_core.event_handler.log_command:Invoking command in '/root/ros_ws/build/turtlebot3_gazebo': CMAKE_PREFIX_PATH=${CMAKE_PREFIX_PATH}:/root/ros_ws/install/turtlebot3_teleop:/root/ros_ws/install/turtlebot3_example:/root/ros_ws/install/tb3_multi_nav:/opt/ros/jazzy /usr/bin/cmake /root/ros_ws/src/turtlebot3_gazebo -DCMAKE_INSTALL_PREFIX=/root/ros_ws/install/turtlebot3_gazebo
[0.863s] DEBUG:colcon.colcon_core.event_handler.log_command:Invoked command in '/root/ros_ws/build/turtlebot3_cartographer' returned '0': CMAKE_PREFIX_PATH=${CMAKE_PREFIX_PATH}:/root/ros_ws/install/turtlebot3_teleop:/root/ros_ws/install/turtlebot3_example:/root/ros_ws/install/tb3_multi_nav:/opt/ros/jazzy /usr/bin/cmake /root/ros_ws/src/turtlebot3-jazzy/turtlebot3_cartographer -DCMAKE_INSTALL_PREFIX=/root/ros_ws/install/turtlebot3_cartographer
[0.864s] DEBUG:colcon.colcon_core.event_handler.log_command:Invoking command in '/root/ros_ws/build/turtlebot3_cartographer': CMAKE_PREFIX_PATH=${CMAKE_PREFIX_PATH}:/root/ros_ws/install/turtlebot3_teleop:/root/ros_ws/install/turtlebot3_example:/root/ros_ws/install/tb3_multi_nav:/opt/ros/jazzy /usr/bin/cmake --build /root/ros_ws/build/turtlebot3_cartographer -- -j16 -l16
[0.910s] DEBUG:colcon.colcon_core.event_handler.log_command:Invoked command in '/root/ros_ws/build/turtlebot3_cartographer' returned '0': CMAKE_PREFIX_PATH=${CMAKE_PREFIX_PATH}:/root/ros_ws/install/turtlebot3_teleop:/root/ros_ws/install/turtlebot3_example:/root/ros_ws/install/tb3_multi_nav:/opt/ros/jazzy /usr/bin/cmake --build /root/ros_ws/build/turtlebot3_cartographer -- -j16 -l16
[0.919s] DEBUG:colcon.colcon_core.event_handler.log_command:Invoking command in '/root/ros_ws/build/turtlebot3_cartographer': CMAKE_PREFIX_PATH=${CMAKE_PREFIX_PATH}:/root/ros_ws/install/turtlebot3_teleop:/root/ros_ws/install/turtlebot3_example:/root/ros_ws/install/tb3_multi_nav:/opt/ros/jazzy /usr/bin/cmake --install /root/ros_ws/build/turtlebot3_cartographer
[0.934s] Level 1:colcon.colcon_core.environment:create_environment_scripts_only(turtlebot3_cartographer)
[0.934s] DEBUG:colcon.colcon_core.event_handler.log_command:Invoked command in '/root/ros_ws/build/turtlebot3_cartographer' returned '0': CMAKE_PREFIX_PATH=${CMAKE_PREFIX_PATH}:/root/ros_ws/install/turtlebot3_teleop:/root/ros_ws/install/turtlebot3_example:/root/ros_ws/install/tb3_multi_nav:/opt/ros/jazzy /usr/bin/cmake --install /root/ros_ws/build/turtlebot3_cartographer
[0.937s] Level 1:colcon.colcon_core.environment:checking '/root/ros_ws/install/turtlebot3_cartographer' for CMake module files
[0.937s] Level 1:colcon.colcon_core.environment:checking '/root/ros_ws/install/turtlebot3_cartographer' for CMake config files
[0.937s] Level 1:colcon.colcon_core.shell:create_environment_hook('turtlebot3_cartographer', 'cmake_prefix_path')
[0.937s] INFO:colcon.colcon_core.shell:Creating environment hook '/root/ros_ws/install/turtlebot3_cartographer/share/turtlebot3_cartographer/hook/cmake_prefix_path.ps1'
[0.938s] INFO:colcon.colcon_core.shell:Creating environment descriptor '/root/ros_ws/install/turtlebot3_cartographer/share/turtlebot3_cartographer/hook/cmake_prefix_path.dsv'
[0.938s] INFO:colcon.colcon_core.shell:Creating environment hook '/root/ros_ws/install/turtlebot3_cartographer/share/turtlebot3_cartographer/hook/cmake_prefix_path.sh'
[0.938s] Level 1:colcon.colcon_core.environment:checking '/root/ros_ws/install/turtlebot3_cartographer/bin'
[0.938s] Level 1:colcon.colcon_core.environment:checking '/root/ros_ws/install/turtlebot3_cartographer/lib/pkgconfig/turtlebot3_cartographer.pc'
[0.938s] Level 1:colcon.colcon_core.environment:checking '/root/ros_ws/install/turtlebot3_cartographer/lib/python3.12/site-packages'
[0.939s] Level 1:colcon.colcon_core.environment:checking '/root/ros_ws/install/turtlebot3_cartographer/bin'
[0.939s] INFO:colcon.colcon_core.shell:Creating package script '/root/ros_ws/install/turtlebot3_cartographer/share/turtlebot3_cartographer/package.ps1'
[0.939s] INFO:colcon.colcon_core.shell:Creating package descriptor '/root/ros_ws/install/turtlebot3_cartographer/share/turtlebot3_cartographer/package.dsv'
[0.940s] INFO:colcon.colcon_core.shell:Creating package script '/root/ros_ws/install/turtlebot3_cartographer/share/turtlebot3_cartographer/package.sh'
[0.940s] INFO:colcon.colcon_core.shell:Creating package script '/root/ros_ws/install/turtlebot3_cartographer/share/turtlebot3_cartographer/package.bash'
[0.941s] INFO:colcon.colcon_core.shell:Creating package script '/root/ros_ws/install/turtlebot3_cartographer/share/turtlebot3_cartographer/package.zsh'
[0.941s] Level 1:colcon.colcon_core.environment:create_file_with_runtime_dependencies(/root/ros_ws/install/turtlebot3_cartographer/share/colcon-core/packages/turtlebot3_cartographer)
[0.942s] Level 1:colcon.colcon_core.environment:create_environment_scripts_only(turtlebot3_cartographer)
[0.942s] Level 1:colcon.colcon_core.environment:checking '/root/ros_ws/install/turtlebot3_cartographer' for CMake module files
[0.942s] Level 1:colcon.colcon_core.environment:checking '/root/ros_ws/install/turtlebot3_cartographer' for CMake config files
[0.942s] Level 1:colcon.colcon_core.shell:create_environment_hook('turtlebot3_cartographer', 'cmake_prefix_path')
[0.942s] INFO:colcon.colcon_core.shell:Creating environment hook '/root/ros_ws/install/turtlebot3_cartographer/share/turtlebot3_cartographer/hook/cmake_prefix_path.ps1'
[0.942s] INFO:colcon.colcon_core.shell:Creating environment descriptor '/root/ros_ws/install/turtlebot3_cartographer/share/turtlebot3_cartographer/hook/cmake_prefix_path.dsv'
[0.943s] INFO:colcon.colcon_core.shell:Creating environment hook '/root/ros_ws/install/turtlebot3_cartographer/share/turtlebot3_cartographer/hook/cmake_prefix_path.sh'
[0.943s] Level 1:colcon.colcon_core.environment:checking '/root/ros_ws/install/turtlebot3_cartographer/bin'
[0.943s] Level 1:colcon.colcon_core.environment:checking '/root/ros_ws/install/turtlebot3_cartographer/lib/pkgconfig/turtlebot3_cartographer.pc'
[0.943s] Level 1:colcon.colcon_core.environment:checking '/root/ros_ws/install/turtlebot3_cartographer/lib/python3.12/site-packages'
[0.944s] Level 1:colcon.colcon_core.environment:checking '/root/ros_ws/install/turtlebot3_cartographer/bin'
[0.944s] INFO:colcon.colcon_core.shell:Creating package script '/root/ros_ws/install/turtlebot3_cartographer/share/turtlebot3_cartographer/package.ps1'
[0.944s] INFO:colcon.colcon_core.shell:Creating package descriptor '/root/ros_ws/install/turtlebot3_cartographer/share/turtlebot3_cartographer/package.dsv'
[0.944s] INFO:colcon.colcon_core.shell:Creating package script '/root/ros_ws/install/turtlebot3_cartographer/share/turtlebot3_cartographer/package.sh'
[0.944s] INFO:colcon.colcon_core.shell:Creating package script '/root/ros_ws/install/turtlebot3_cartographer/share/turtlebot3_cartographer/package.bash'
[0.945s] INFO:colcon.colcon_core.shell:Creating package script '/root/ros_ws/install/turtlebot3_cartographer/share/turtlebot3_cartographer/package.zsh'
[0.945s] Level 1:colcon.colcon_core.environment:create_file_with_runtime_dependencies(/root/ros_ws/install/turtlebot3_cartographer/share/colcon-core/packages/turtlebot3_cartographer)
[0.958s] DEBUG:colcon.colcon_core.event_handler.log_command:Invoked command in '/root/ros_ws/build/turtlebot3_description' returned '0': CMAKE_PREFIX_PATH=${CMAKE_PREFIX_PATH}:/root/ros_ws/install/turtlebot3_teleop:/root/ros_ws/install/turtlebot3_example:/root/ros_ws/install/tb3_multi_nav:/opt/ros/jazzy /usr/bin/cmake /root/ros_ws/src/turtlebot3-jazzy/turtlebot3_description -DCMAKE_INSTALL_PREFIX=/root/ros_ws/install/turtlebot3_description
[0.959s] DEBUG:colcon.colcon_core.event_handler.log_command:Invoking command in '/root/ros_ws/build/turtlebot3_description': CMAKE_PREFIX_PATH=${CMAKE_PREFIX_PATH}:/root/ros_ws/install/turtlebot3_teleop:/root/ros_ws/install/turtlebot3_example:/root/ros_ws/install/tb3_multi_nav:/opt/ros/jazzy /usr/bin/cmake --build /root/ros_ws/build/turtlebot3_description -- -j16 -l16
[0.997s] DEBUG:colcon.colcon_core.event_handler.log_command:Invoked command in '/root/ros_ws/build/turtlebot3_description' returned '0': CMAKE_PREFIX_PATH=${CMAKE_PREFIX_PATH}:/root/ros_ws/install/turtlebot3_teleop:/root/ros_ws/install/turtlebot3_example:/root/ros_ws/install/tb3_multi_nav:/opt/ros/jazzy /usr/bin/cmake --build /root/ros_ws/build/turtlebot3_description -- -j16 -l16
[0.998s] DEBUG:colcon.colcon_core.event_handler.log_command:Invoking command in '/root/ros_ws/build/turtlebot3_description': CMAKE_PREFIX_PATH=${CMAKE_PREFIX_PATH}:/root/ros_ws/install/turtlebot3_teleop:/root/ros_ws/install/turtlebot3_example:/root/ros_ws/install/tb3_multi_nav:/opt/ros/jazzy /usr/bin/cmake --install /root/ros_ws/build/turtlebot3_description
[1.009s] DEBUG:colcon.colcon_core.event_handler.log_command:Invoked command in '/root/ros_ws/build/turtlebot3_navigation2' returned '0': CMAKE_PREFIX_PATH=${CMAKE_PREFIX_PATH}:/root/ros_ws/install/turtlebot3_teleop:/root/ros_ws/install/turtlebot3_example:/root/ros_ws/install/tb3_multi_nav:/opt/ros/jazzy /usr/bin/cmake /root/ros_ws/src/turtlebot3-jazzy/turtlebot3_navigation2 -DCMAKE_INSTALL_PREFIX=/root/ros_ws/install/turtlebot3_navigation2
[1.010s] DEBUG:colcon.colcon_core.event_handler.log_command:Invoking command in '/root/ros_ws/build/turtlebot3_navigation2': CMAKE_PREFIX_PATH=${CMAKE_PREFIX_PATH}:/root/ros_ws/install/turtlebot3_teleop:/root/ros_ws/install/turtlebot3_example:/root/ros_ws/install/tb3_multi_nav:/opt/ros/jazzy /usr/bin/cmake --build /root/ros_ws/build/turtlebot3_navigation2 -- -j16 -l16
[1.049s] DEBUG:colcon.colcon_core.event_handler.log_command:Invoked command in '/root/ros_ws/build/turtlebot3_navigation2' returned '0': CMAKE_PREFIX_PATH=${CMAKE_PREFIX_PATH}:/root/ros_ws/install/turtlebot3_teleop:/root/ros_ws/install/turtlebot3_example:/root/ros_ws/install/tb3_multi_nav:/opt/ros/jazzy /usr/bin/cmake --build /root/ros_ws/build/turtlebot3_navigation2 -- -j16 -l16
[1.050s] DEBUG:colcon.colcon_core.event_handler.log_command:Invoking command in '/root/ros_ws/build/turtlebot3_navigation2': CMAKE_PREFIX_PATH=${CMAKE_PREFIX_PATH}:/root/ros_ws/install/turtlebot3_teleop:/root/ros_ws/install/turtlebot3_example:/root/ros_ws/install/tb3_multi_nav:/opt/ros/jazzy /usr/bin/cmake --install /root/ros_ws/build/turtlebot3_navigation2
[1.078s] Level 1:colcon.colcon_core.environment:create_environment_scripts_only(turtlebot3_navigation2)
[1.078s] Level 1:colcon.colcon_core.environment:checking '/root/ros_ws/install/turtlebot3_navigation2' for CMake module files
[1.079s] DEBUG:colcon.colcon_core.event_handler.log_command:Invoked command in '/root/ros_ws/build/turtlebot3_navigation2' returned '0': CMAKE_PREFIX_PATH=${CMAKE_PREFIX_PATH}:/root/ros_ws/install/turtlebot3_teleop:/root/ros_ws/install/turtlebot3_example:/root/ros_ws/install/tb3_multi_nav:/opt/ros/jazzy /usr/bin/cmake --install /root/ros_ws/build/turtlebot3_navigation2
[1.079s] Level 1:colcon.colcon_core.environment:checking '/root/ros_ws/install/turtlebot3_navigation2' for CMake config files
[1.079s] Level 1:colcon.colcon_core.shell:create_environment_hook('turtlebot3_navigation2', 'cmake_prefix_path')
[1.079s] INFO:colcon.colcon_core.shell:Creating environment hook '/root/ros_ws/install/turtlebot3_navigation2/share/turtlebot3_navigation2/hook/cmake_prefix_path.ps1'
[1.080s] INFO:colcon.colcon_core.shell:Creating environment descriptor '/root/ros_ws/install/turtlebot3_navigation2/share/turtlebot3_navigation2/hook/cmake_prefix_path.dsv'
[1.080s] INFO:colcon.colcon_core.shell:Creating environment hook '/root/ros_ws/install/turtlebot3_navigation2/share/turtlebot3_navigation2/hook/cmake_prefix_path.sh'
[1.081s] Level 1:colcon.colcon_core.environment:checking '/root/ros_ws/install/turtlebot3_navigation2/bin'
[1.081s] Level 1:colcon.colcon_core.environment:checking '/root/ros_ws/install/turtlebot3_navigation2/lib/pkgconfig/turtlebot3_navigation2.pc'
[1.081s] Level 1:colcon.colcon_core.environment:checking '/root/ros_ws/install/turtlebot3_navigation2/lib/python3.12/site-packages'
[1.081s] Level 1:colcon.colcon_core.environment:checking '/root/ros_ws/install/turtlebot3_navigation2/bin'
[1.081s] INFO:colcon.colcon_core.shell:Creating package script '/root/ros_ws/install/turtlebot3_navigation2/share/turtlebot3_navigation2/package.ps1'
[1.082s] INFO:colcon.colcon_core.shell:Creating package descriptor '/root/ros_ws/install/turtlebot3_navigation2/share/turtlebot3_navigation2/package.dsv'
[1.082s] INFO:colcon.colcon_core.shell:Creating package script '/root/ros_ws/install/turtlebot3_navigation2/share/turtlebot3_navigation2/package.sh'
[1.082s] INFO:colcon.colcon_core.shell:Creating package script '/root/ros_ws/install/turtlebot3_navigation2/share/turtlebot3_navigation2/package.bash'
[1.082s] INFO:colcon.colcon_core.shell:Creating package script '/root/ros_ws/install/turtlebot3_navigation2/share/turtlebot3_navigation2/package.zsh'
[1.083s] Level 1:colcon.colcon_core.environment:create_file_with_runtime_dependencies(/root/ros_ws/install/turtlebot3_navigation2/share/colcon-core/packages/turtlebot3_navigation2)
[1.083s] Level 1:colcon.colcon_core.environment:create_environment_scripts_only(turtlebot3_navigation2)
[1.084s] Level 1:colcon.colcon_core.environment:checking '/root/ros_ws/install/turtlebot3_navigation2' for CMake module files
[1.084s] Level 1:colcon.colcon_core.environment:checking '/root/ros_ws/install/turtlebot3_navigation2' for CMake config files
[1.084s] Level 1:colcon.colcon_core.shell:create_environment_hook('turtlebot3_navigation2', 'cmake_prefix_path')
[1.084s] INFO:colcon.colcon_core.shell:Creating environment hook '/root/ros_ws/install/turtlebot3_navigation2/share/turtlebot3_navigation2/hook/cmake_prefix_path.ps1'
[1.084s] INFO:colcon.colcon_core.shell:Creating environment descriptor '/root/ros_ws/install/turtlebot3_navigation2/share/turtlebot3_navigation2/hook/cmake_prefix_path.dsv'
[1.085s] INFO:colcon.colcon_core.shell:Creating environment hook '/root/ros_ws/install/turtlebot3_navigation2/share/turtlebot3_navigation2/hook/cmake_prefix_path.sh'
[1.085s] Level 1:colcon.colcon_core.environment:checking '/root/ros_ws/install/turtlebot3_navigation2/bin'
[1.085s] Level 1:colcon.colcon_core.environment:checking '/root/ros_ws/install/turtlebot3_navigation2/lib/pkgconfig/turtlebot3_navigation2.pc'
[1.085s] Level 1:colcon.colcon_core.environment:checking '/root/ros_ws/install/turtlebot3_navigation2/lib/python3.12/site-packages'
[1.085s] Level 1:colcon.colcon_core.environment:checking '/root/ros_ws/install/turtlebot3_navigation2/bin'
[1.086s] INFO:colcon.colcon_core.shell:Creating package script '/root/ros_ws/install/turtlebot3_navigation2/share/turtlebot3_navigation2/package.ps1'
[1.086s] INFO:colcon.colcon_core.shell:Creating package descriptor '/root/ros_ws/install/turtlebot3_navigation2/share/turtlebot3_navigation2/package.dsv'
[1.086s] INFO:colcon.colcon_core.shell:Creating package script '/root/ros_ws/install/turtlebot3_navigation2/share/turtlebot3_navigation2/package.sh'
[1.086s] INFO:colcon.colcon_core.shell:Creating package script '/root/ros_ws/install/turtlebot3_navigation2/share/turtlebot3_navigation2/package.bash'
[1.087s] INFO:colcon.colcon_core.shell:Creating package script '/root/ros_ws/install/turtlebot3_navigation2/share/turtlebot3_navigation2/package.zsh'
[1.087s] Level 1:colcon.colcon_core.environment:create_file_with_runtime_dependencies(/root/ros_ws/install/turtlebot3_navigation2/share/colcon-core/packages/turtlebot3_navigation2)
[1.092s] DEBUG:colcon.colcon_core.event_handler.log_command:Invoking command in '/root/ros_ws/src/turtlebot3-jazzy/turtlebot3_example': PYTHONPATH=/root/ros_ws/build/turtlebot3_example/prefix_override:/usr/lib/python3/dist-packages/colcon_core/task/python/colcon_distutils_commands:/root/ros_ws/install/turtlebot3_example/lib/python3.12/site-packages:${PYTHONPATH} /usr/bin/python3 -W ignore:setup.py install is deprecated -W ignore:easy_install command is deprecated setup.py egg_info --egg-base ../../../build/turtlebot3_example build --build-base /root/ros_ws/build/turtlebot3_example/build install --record /root/ros_ws/build/turtlebot3_example/install.log --single-version-externally-managed install_data
[1.113s] DEBUG:colcon.colcon_core.event_handler.log_command:Invoking command in '/root/ros_ws/src/tb3_multi_nav': PYTHONPATH=/root/ros_ws/build/tb3_multi_nav/prefix_override:/usr/lib/python3/dist-packages/colcon_core/task/python/colcon_distutils_commands:/root/ros_ws/install/tb3_multi_nav/lib/python3.12/site-packages:${PYTHONPATH} /usr/bin/python3 -W ignore:setup.py install is deprecated -W ignore:easy_install command is deprecated setup.py egg_info --egg-base ../../build/tb3_multi_nav build --build-base /root/ros_ws/build/tb3_multi_nav/build install --record /root/ros_ws/build/tb3_multi_nav/install.log --single-version-externally-managed install_data
[1.114s] Level 1:colcon.colcon_core.environment:create_environment_scripts_only(turtlebot3_description)
[1.114s] Level 1:colcon.colcon_core.environment:checking '/root/ros_ws/install/turtlebot3_description' for CMake module files
[1.116s] Level 1:colcon.colcon_core.environment:checking '/root/ros_ws/install/turtlebot3_description' for CMake config files
[1.116s] DEBUG:colcon.colcon_core.event_handler.log_command:Invoking command in '/root/ros_ws/src/turtlebot3-jazzy/turtlebot3_teleop': PYTHONPATH=/root/ros_ws/build/turtlebot3_teleop/prefix_override:/usr/lib/python3/dist-packages/colcon_core/task/python/colcon_distutils_commands:/root/ros_ws/install/turtlebot3_teleop/lib/python3.12/site-packages:${PYTHONPATH} /usr/bin/python3 -W ignore:setup.py install is deprecated -W ignore:easy_install command is deprecated setup.py egg_info --egg-base ../../../build/turtlebot3_teleop build --build-base /root/ros_ws/build/turtlebot3_teleop/build install --record /root/ros_ws/build/turtlebot3_teleop/install.log --single-version-externally-managed install_data
[1.116s] DEBUG:colcon.colcon_core.event_handler.log_command:Invoked command in '/root/ros_ws/build/turtlebot3_description' returned '0': CMAKE_PREFIX_PATH=${CMAKE_PREFIX_PATH}:/root/ros_ws/install/turtlebot3_teleop:/root/ros_ws/install/turtlebot3_example:/root/ros_ws/install/tb3_multi_nav:/opt/ros/jazzy /usr/bin/cmake --install /root/ros_ws/build/turtlebot3_description
[1.116s] Level 1:colcon.colcon_core.shell:create_environment_hook('turtlebot3_description', 'cmake_prefix_path')
[1.116s] INFO:colcon.colcon_core.shell:Creating environment hook '/root/ros_ws/install/turtlebot3_description/share/turtlebot3_description/hook/cmake_prefix_path.ps1'
[1.117s] INFO:colcon.colcon_core.shell:Creating environment descriptor '/root/ros_ws/install/turtlebot3_description/share/turtlebot3_description/hook/cmake_prefix_path.dsv'
[1.117s] INFO:colcon.colcon_core.shell:Creating environment hook '/root/ros_ws/install/turtlebot3_description/share/turtlebot3_description/hook/cmake_prefix_path.sh'
[1.117s] Level 1:colcon.colcon_core.environment:checking '/root/ros_ws/install/turtlebot3_description/bin'
[1.118s] Level 1:colcon.colcon_core.environment:checking '/root/ros_ws/install/turtlebot3_description/lib/pkgconfig/turtlebot3_description.pc'
[1.118s] Level 1:colcon.colcon_core.environment:checking '/root/ros_ws/install/turtlebot3_description/lib/python3.12/site-packages'
[1.118s] Level 1:colcon.colcon_core.environment:checking '/root/ros_ws/install/turtlebot3_description/bin'
[1.118s] INFO:colcon.colcon_core.shell:Creating package script '/root/ros_ws/install/turtlebot3_description/share/turtlebot3_description/package.ps1'
[1.118s] INFO:colcon.colcon_core.shell:Creating package descriptor '/root/ros_ws/install/turtlebot3_description/share/turtlebot3_description/package.dsv'
[1.119s] INFO:colcon.colcon_core.shell:Creating package script '/root/ros_ws/install/turtlebot3_description/share/turtlebot3_description/package.sh'
[1.119s] INFO:colcon.colcon_core.shell:Creating package script '/root/ros_ws/install/turtlebot3_description/share/turtlebot3_description/package.bash'
[1.119s] INFO:colcon.colcon_core.shell:Creating package script '/root/ros_ws/install/turtlebot3_description/share/turtlebot3_description/package.zsh'
[1.119s] Level 1:colcon.colcon_core.environment:create_file_with_runtime_dependencies(/root/ros_ws/install/turtlebot3_description/share/colcon-core/packages/turtlebot3_description)
[1.120s] Level 1:colcon.colcon_core.environment:create_environment_scripts_only(turtlebot3_description)
[1.120s] Level 1:colcon.colcon_core.environment:checking '/root/ros_ws/install/turtlebot3_description' for CMake module files
[1.120s] Level 1:colcon.colcon_core.environment:checking '/root/ros_ws/install/turtlebot3_description' for CMake config files
[1.120s] Level 1:colcon.colcon_core.shell:create_environment_hook('turtlebot3_description', 'cmake_prefix_path')
[1.120s] INFO:colcon.colcon_core.shell:Creating environment hook '/root/ros_ws/install/turtlebot3_description/share/turtlebot3_description/hook/cmake_prefix_path.ps1'
[1.121s] INFO:colcon.colcon_core.shell:Creating environment descriptor '/root/ros_ws/install/turtlebot3_description/share/turtlebot3_description/hook/cmake_prefix_path.dsv'
[1.121s] INFO:colcon.colcon_core.shell:Creating environment hook '/root/ros_ws/install/turtlebot3_description/share/turtlebot3_description/hook/cmake_prefix_path.sh'
[1.121s] Level 1:colcon.colcon_core.environment:checking '/root/ros_ws/install/turtlebot3_description/bin'
[1.121s] Level 1:colcon.colcon_core.environment:checking '/root/ros_ws/install/turtlebot3_description/lib/pkgconfig/turtlebot3_description.pc'
[1.122s] Level 1:colcon.colcon_core.environment:checking '/root/ros_ws/install/turtlebot3_description/lib/python3.12/site-packages'
[1.122s] Level 1:colcon.colcon_core.environment:checking '/root/ros_ws/install/turtlebot3_description/bin'
[1.122s] INFO:colcon.colcon_core.shell:Creating package script '/root/ros_ws/install/turtlebot3_description/share/turtlebot3_description/package.ps1'
[1.122s] INFO:colcon.colcon_core.shell:Creating package descriptor '/root/ros_ws/install/turtlebot3_description/share/turtlebot3_description/package.dsv'
[1.123s] INFO:colcon.colcon_core.shell:Creating package script '/root/ros_ws/install/turtlebot3_description/share/turtlebot3_description/package.sh'
[1.123s] INFO:colcon.colcon_core.shell:Creating package script '/root/ros_ws/install/turtlebot3_description/share/turtlebot3_description/package.bash'
[1.124s] INFO:colcon.colcon_core.shell:Creating package script '/root/ros_ws/install/turtlebot3_description/share/turtlebot3_description/package.zsh'
[1.124s] Level 1:colcon.colcon_core.environment:create_file_with_runtime_dependencies(/root/ros_ws/install/turtlebot3_description/share/colcon-core/packages/turtlebot3_description)
[1.460s] Level 1:colcon.colcon_core.environment:checking '/root/ros_ws/install/turtlebot3_teleop' for CMake module files
[1.460s] DEBUG:colcon.colcon_core.event_handler.log_command:Invoked command in '/root/ros_ws/src/turtlebot3-jazzy/turtlebot3_teleop' returned '0': PYTHONPATH=/root/ros_ws/build/turtlebot3_teleop/prefix_override:/usr/lib/python3/dist-packages/colcon_core/task/python/colcon_distutils_commands:/root/ros_ws/install/turtlebot3_teleop/lib/python3.12/site-packages:${PYTHONPATH} /usr/bin/python3 -W ignore:setup.py install is deprecated -W ignore:easy_install command is deprecated setup.py egg_info --egg-base ../../../build/turtlebot3_teleop build --build-base /root/ros_ws/build/turtlebot3_teleop/build install --record /root/ros_ws/build/turtlebot3_teleop/install.log --single-version-externally-managed install_data
[1.460s] Level 1:colcon.colcon_core.environment:checking '/root/ros_ws/install/turtlebot3_teleop' for CMake config files
[1.461s] Level 1:colcon.colcon_core.environment:checking '/root/ros_ws/install/turtlebot3_teleop/lib'
[1.461s] Level 1:colcon.colcon_core.environment:checking '/root/ros_ws/install/turtlebot3_teleop/bin'
[1.461s] Level 1:colcon.colcon_core.environment:checking '/root/ros_ws/install/turtlebot3_teleop/lib/pkgconfig/turtlebot3_teleop.pc'
[1.461s] Level 1:colcon.colcon_core.environment:checking '/root/ros_ws/install/turtlebot3_teleop/lib/python3.12/site-packages'
[1.461s] Level 1:colcon.colcon_core.shell:create_environment_hook('turtlebot3_teleop', 'pythonpath')
[1.461s] INFO:colcon.colcon_core.shell:Creating environment hook '/root/ros_ws/install/turtlebot3_teleop/share/turtlebot3_teleop/hook/pythonpath.ps1'
[1.462s] INFO:colcon.colcon_core.shell:Creating environment descriptor '/root/ros_ws/install/turtlebot3_teleop/share/turtlebot3_teleop/hook/pythonpath.dsv'
[1.462s] INFO:colcon.colcon_core.shell:Creating environment hook '/root/ros_ws/install/turtlebot3_teleop/share/turtlebot3_teleop/hook/pythonpath.sh'
[1.462s] Level 1:colcon.colcon_core.environment:checking '/root/ros_ws/install/turtlebot3_teleop/bin'
[1.462s] Level 1:colcon.colcon_core.environment:create_environment_scripts_only(turtlebot3_teleop)
[1.463s] INFO:colcon.colcon_core.shell:Creating package script '/root/ros_ws/install/turtlebot3_teleop/share/turtlebot3_teleop/package.ps1'
[1.463s] INFO:colcon.colcon_core.shell:Creating package descriptor '/root/ros_ws/install/turtlebot3_teleop/share/turtlebot3_teleop/package.dsv'
[1.463s] INFO:colcon.colcon_core.shell:Creating package script '/root/ros_ws/install/turtlebot3_teleop/share/turtlebot3_teleop/package.sh'
[1.463s] INFO:colcon.colcon_core.shell:Creating package script '/root/ros_ws/install/turtlebot3_teleop/share/turtlebot3_teleop/package.bash'
[1.464s] INFO:colcon.colcon_core.shell:Creating package script '/root/ros_ws/install/turtlebot3_teleop/share/turtlebot3_teleop/package.zsh'
[1.464s] Level 1:colcon.colcon_core.environment:create_file_with_runtime_dependencies(/root/ros_ws/install/turtlebot3_teleop/share/colcon-core/packages/turtlebot3_teleop)
[1.466s] Level 1:colcon.colcon_core.environment:checking '/root/ros_ws/install/tb3_multi_nav' for CMake module files
[1.467s] DEBUG:colcon.colcon_core.event_handler.log_command:Invoked command in '/root/ros_ws/src/tb3_multi_nav' returned '0': PYTHONPATH=/root/ros_ws/build/tb3_multi_nav/prefix_override:/usr/lib/python3/dist-packages/colcon_core/task/python/colcon_distutils_commands:/root/ros_ws/install/tb3_multi_nav/lib/python3.12/site-packages:${PYTHONPATH} /usr/bin/python3 -W ignore:setup.py install is deprecated -W ignore:easy_install command is deprecated setup.py egg_info --egg-base ../../build/tb3_multi_nav build --build-base /root/ros_ws/build/tb3_multi_nav/build install --record /root/ros_ws/build/tb3_multi_nav/install.log --single-version-externally-managed install_data
[1.467s] Level 1:colcon.colcon_core.environment:checking '/root/ros_ws/install/tb3_multi_nav' for CMake config files
[1.468s] Level 1:colcon.colcon_core.environment:checking '/root/ros_ws/install/tb3_multi_nav/lib'
[1.468s] Level 1:colcon.colcon_core.environment:checking '/root/ros_ws/install/tb3_multi_nav/bin'
[1.468s] Level 1:colcon.colcon_core.environment:checking '/root/ros_ws/install/tb3_multi_nav/lib/pkgconfig/tb3_multi_nav.pc'
[1.468s] Level 1:colcon.colcon_core.environment:checking '/root/ros_ws/install/tb3_multi_nav/lib/python3.12/site-packages'
[1.468s] Level 1:colcon.colcon_core.shell:create_environment_hook('tb3_multi_nav', 'pythonpath')
[1.468s] INFO:colcon.colcon_core.shell:Creating environment hook '/root/ros_ws/install/tb3_multi_nav/share/tb3_multi_nav/hook/pythonpath.ps1'
[1.468s] INFO:colcon.colcon_core.shell:Creating environment descriptor '/root/ros_ws/install/tb3_multi_nav/share/tb3_multi_nav/hook/pythonpath.dsv'
[1.469s] INFO:colcon.colcon_core.shell:Creating environment hook '/root/ros_ws/install/tb3_multi_nav/share/tb3_multi_nav/hook/pythonpath.sh'
[1.469s] Level 1:colcon.colcon_core.environment:checking '/root/ros_ws/install/tb3_multi_nav/bin'
[1.469s] Level 1:colcon.colcon_core.environment:create_environment_scripts_only(tb3_multi_nav)
[1.469s] INFO:colcon.colcon_core.shell:Creating package script '/root/ros_ws/install/tb3_multi_nav/share/tb3_multi_nav/package.ps1'
[1.470s] INFO:colcon.colcon_core.shell:Creating package descriptor '/root/ros_ws/install/tb3_multi_nav/share/tb3_multi_nav/package.dsv'
[1.470s] INFO:colcon.colcon_core.shell:Creating package script '/root/ros_ws/install/tb3_multi_nav/share/tb3_multi_nav/package.sh'
[1.470s] INFO:colcon.colcon_core.shell:Creating package script '/root/ros_ws/install/tb3_multi_nav/share/tb3_multi_nav/package.bash'
[1.471s] INFO:colcon.colcon_core.shell:Creating package script '/root/ros_ws/install/tb3_multi_nav/share/tb3_multi_nav/package.zsh'
[1.471s] Level 1:colcon.colcon_core.environment:create_file_with_runtime_dependencies(/root/ros_ws/install/tb3_multi_nav/share/colcon-core/packages/tb3_multi_nav)
[1.473s] Level 1:colcon.colcon_core.environment:checking '/root/ros_ws/install/turtlebot3_example' for CMake module files
[1.473s] DEBUG:colcon.colcon_core.event_handler.log_command:Invoked command in '/root/ros_ws/src/turtlebot3-jazzy/turtlebot3_example' returned '0': PYTHONPATH=/root/ros_ws/build/turtlebot3_example/prefix_override:/usr/lib/python3/dist-packages/colcon_core/task/python/colcon_distutils_commands:/root/ros_ws/install/turtlebot3_example/lib/python3.12/site-packages:${PYTHONPATH} /usr/bin/python3 -W ignore:setup.py install is deprecated -W ignore:easy_install command is deprecated setup.py egg_info --egg-base ../../../build/turtlebot3_example build --build-base /root/ros_ws/build/turtlebot3_example/build install --record /root/ros_ws/build/turtlebot3_example/install.log --single-version-externally-managed install_data
[1.474s] Level 1:colcon.colcon_core.environment:checking '/root/ros_ws/install/turtlebot3_example' for CMake config files
[1.474s] Level 1:colcon.colcon_core.environment:checking '/root/ros_ws/install/turtlebot3_example/lib'
[1.474s] Level 1:colcon.colcon_core.environment:checking '/root/ros_ws/install/turtlebot3_example/bin'
[1.474s] Level 1:colcon.colcon_core.environment:checking '/root/ros_ws/install/turtlebot3_example/lib/pkgconfig/turtlebot3_example.pc'
[1.474s] Level 1:colcon.colcon_core.environment:checking '/root/ros_ws/install/turtlebot3_example/lib/python3.12/site-packages'
[1.474s] Level 1:colcon.colcon_core.shell:create_environment_hook('turtlebot3_example', 'pythonpath')
[1.474s] INFO:colcon.colcon_core.shell:Creating environment hook '/root/ros_ws/install/turtlebot3_example/share/turtlebot3_example/hook/pythonpath.ps1'
[1.475s] INFO:colcon.colcon_core.shell:Creating environment descriptor '/root/ros_ws/install/turtlebot3_example/share/turtlebot3_example/hook/pythonpath.dsv'
[1.475s] INFO:colcon.colcon_core.shell:Creating environment hook '/root/ros_ws/install/turtlebot3_example/share/turtlebot3_example/hook/pythonpath.sh'
[1.476s] Level 1:colcon.colcon_core.environment:checking '/root/ros_ws/install/turtlebot3_example/bin'
[1.476s] Level 1:colcon.colcon_core.environment:create_environment_scripts_only(turtlebot3_example)
[1.476s] INFO:colcon.colcon_core.shell:Creating package script '/root/ros_ws/install/turtlebot3_example/share/turtlebot3_example/package.ps1'
[1.476s] INFO:colcon.colcon_core.shell:Creating package descriptor '/root/ros_ws/install/turtlebot3_example/share/turtlebot3_example/package.dsv'
[1.477s] INFO:colcon.colcon_core.shell:Creating package script '/root/ros_ws/install/turtlebot3_example/share/turtlebot3_example/package.sh'
[1.477s] INFO:colcon.colcon_core.shell:Creating package script '/root/ros_ws/install/turtlebot3_example/share/turtlebot3_example/package.bash'
[1.477s] INFO:colcon.colcon_core.shell:Creating package script '/root/ros_ws/install/turtlebot3_example/share/turtlebot3_example/package.zsh'
[1.477s] Level 1:colcon.colcon_core.environment:create_file_with_runtime_dependencies(/root/ros_ws/install/turtlebot3_example/share/colcon-core/packages/turtlebot3_example)
[1.617s] DEBUG:colcon.colcon_core.event_handler.log_command:Invoked command in '/root/ros_ws/build/turtlebot3_node' returned '0': CMAKE_PREFIX_PATH=${CMAKE_PREFIX_PATH}:/root/ros_ws/install/turtlebot3_teleop:/root/ros_ws/install/turtlebot3_example:/root/ros_ws/install/tb3_multi_nav:/opt/ros/jazzy /usr/bin/cmake /root/ros_ws/src/turtlebot3-jazzy/turtlebot3_node -DCMAKE_INSTALL_PREFIX=/root/ros_ws/install/turtlebot3_node
[1.618s] DEBUG:colcon.colcon_core.event_handler.log_command:Invoking command in '/root/ros_ws/build/turtlebot3_node': CMAKE_PREFIX_PATH=${CMAKE_PREFIX_PATH}:/root/ros_ws/install/turtlebot3_teleop:/root/ros_ws/install/turtlebot3_example:/root/ros_ws/install/tb3_multi_nav:/opt/ros/jazzy /usr/bin/cmake --build /root/ros_ws/build/turtlebot3_node -- -j16 -l16
[4.550s] DEBUG:colcon.colcon_core.event_handler.log_command:Invoked command in '/root/ros_ws/build/turtlebot3_gazebo' returned '0': CMAKE_PREFIX_PATH=${CMAKE_PREFIX_PATH}:/root/ros_ws/install/turtlebot3_teleop:/root/ros_ws/install/turtlebot3_example:/root/ros_ws/install/tb3_multi_nav:/opt/ros/jazzy /usr/bin/cmake /root/ros_ws/src/turtlebot3_gazebo -DCMAKE_INSTALL_PREFIX=/root/ros_ws/install/turtlebot3_gazebo
[4.551s] DEBUG:colcon.colcon_core.event_handler.log_command:Invoking command in '/root/ros_ws/build/turtlebot3_gazebo': CMAKE_PREFIX_PATH=${CMAKE_PREFIX_PATH}:/root/ros_ws/install/turtlebot3_teleop:/root/ros_ws/install/turtlebot3_example:/root/ros_ws/install/tb3_multi_nav:/opt/ros/jazzy /usr/bin/cmake --build /root/ros_ws/build/turtlebot3_gazebo -- -j16 -l16
[14.740s] DEBUG:colcon.colcon_core.event_handler.log_command:Invoked command in '/root/ros_ws/build/turtlebot3_gazebo' returned '0': CMAKE_PREFIX_PATH=${CMAKE_PREFIX_PATH}:/root/ros_ws/install/turtlebot3_teleop:/root/ros_ws/install/turtlebot3_example:/root/ros_ws/install/tb3_multi_nav:/opt/ros/jazzy /usr/bin/cmake --build /root/ros_ws/build/turtlebot3_gazebo -- -j16 -l16
[14.740s] DEBUG:colcon.colcon_core.event_handler.log_command:Invoking command in '/root/ros_ws/build/turtlebot3_gazebo': CMAKE_PREFIX_PATH=${CMAKE_PREFIX_PATH}:/root/ros_ws/install/turtlebot3_teleop:/root/ros_ws/install/turtlebot3_example:/root/ros_ws/install/tb3_multi_nav:/opt/ros/jazzy /usr/bin/cmake --install /root/ros_ws/build/turtlebot3_gazebo
[15.079s] Level 1:colcon.colcon_core.environment:create_environment_scripts_only(turtlebot3_gazebo)
[15.079s] DEBUG:colcon.colcon_core.event_handler.log_command:Invoked command in '/root/ros_ws/build/turtlebot3_gazebo' returned '0': CMAKE_PREFIX_PATH=${CMAKE_PREFIX_PATH}:/root/ros_ws/install/turtlebot3_teleop:/root/ros_ws/install/turtlebot3_example:/root/ros_ws/install/tb3_multi_nav:/opt/ros/jazzy /usr/bin/cmake --install /root/ros_ws/build/turtlebot3_gazebo
[15.079s] Level 1:colcon.colcon_core.environment:checking '/root/ros_ws/install/turtlebot3_gazebo' for CMake module files
[15.080s] Level 1:colcon.colcon_core.environment:checking '/root/ros_ws/install/turtlebot3_gazebo' for CMake config files
[15.080s] Level 1:colcon.colcon_core.shell:create_environment_hook('turtlebot3_gazebo', 'cmake_prefix_path')
[15.080s] INFO:colcon.colcon_core.shell:Creating environment hook '/root/ros_ws/install/turtlebot3_gazebo/share/turtlebot3_gazebo/hook/cmake_prefix_path.ps1'
[15.081s] INFO:colcon.colcon_core.shell:Creating environment descriptor '/root/ros_ws/install/turtlebot3_gazebo/share/turtlebot3_gazebo/hook/cmake_prefix_path.dsv'
[15.081s] INFO:colcon.colcon_core.shell:Creating environment hook '/root/ros_ws/install/turtlebot3_gazebo/share/turtlebot3_gazebo/hook/cmake_prefix_path.sh'
[15.081s] Level 1:colcon.colcon_core.environment:checking '/root/ros_ws/install/turtlebot3_gazebo/lib'
[15.081s] Level 1:colcon.colcon_core.environment:checking '/root/ros_ws/install/turtlebot3_gazebo/bin'
[15.082s] Level 1:colcon.colcon_core.environment:checking '/root/ros_ws/install/turtlebot3_gazebo/lib/pkgconfig/turtlebot3_gazebo.pc'
[15.082s] Level 1:colcon.colcon_core.environment:checking '/root/ros_ws/install/turtlebot3_gazebo/lib/python3.12/site-packages'
[15.082s] Level 1:colcon.colcon_core.environment:checking '/root/ros_ws/install/turtlebot3_gazebo/bin'
[15.082s] INFO:colcon.colcon_core.shell:Creating package script '/root/ros_ws/install/turtlebot3_gazebo/share/turtlebot3_gazebo/package.ps1'
[15.082s] INFO:colcon.colcon_core.shell:Creating package descriptor '/root/ros_ws/install/turtlebot3_gazebo/share/turtlebot3_gazebo/package.dsv'
[15.083s] INFO:colcon.colcon_core.shell:Creating package script '/root/ros_ws/install/turtlebot3_gazebo/share/turtlebot3_gazebo/package.sh'
[15.083s] INFO:colcon.colcon_core.shell:Creating package script '/root/ros_ws/install/turtlebot3_gazebo/share/turtlebot3_gazebo/package.bash'
[15.083s] INFO:colcon.colcon_core.shell:Creating package script '/root/ros_ws/install/turtlebot3_gazebo/share/turtlebot3_gazebo/package.zsh'
[15.083s] Level 1:colcon.colcon_core.environment:create_file_with_runtime_dependencies(/root/ros_ws/install/turtlebot3_gazebo/share/colcon-core/packages/turtlebot3_gazebo)
[15.084s] Level 1:colcon.colcon_core.environment:create_environment_scripts_only(turtlebot3_gazebo)
[15.084s] Level 1:colcon.colcon_core.environment:checking '/root/ros_ws/install/turtlebot3_gazebo' for CMake module files
[15.084s] Level 1:colcon.colcon_core.environment:checking '/root/ros_ws/install/turtlebot3_gazebo' for CMake config files
[15.084s] Level 1:colcon.colcon_core.shell:create_environment_hook('turtlebot3_gazebo', 'cmake_prefix_path')
[15.085s] INFO:colcon.colcon_core.shell:Creating environment hook '/root/ros_ws/install/turtlebot3_gazebo/share/turtlebot3_gazebo/hook/cmake_prefix_path.ps1'
[15.085s] INFO:colcon.colcon_core.shell:Creating environment descriptor '/root/ros_ws/install/turtlebot3_gazebo/share/turtlebot3_gazebo/hook/cmake_prefix_path.dsv'
[15.085s] INFO:colcon.colcon_core.shell:Creating environment hook '/root/ros_ws/install/turtlebot3_gazebo/share/turtlebot3_gazebo/hook/cmake_prefix_path.sh'
[15.085s] Level 1:colcon.colcon_core.environment:checking '/root/ros_ws/install/turtlebot3_gazebo/lib'
[15.085s] Level 1:colcon.colcon_core.environment:checking '/root/ros_ws/install/turtlebot3_gazebo/bin'
[15.086s] Level 1:colcon.colcon_core.environment:checking '/root/ros_ws/install/turtlebot3_gazebo/lib/pkgconfig/turtlebot3_gazebo.pc'
[15.086s] Level 1:colcon.colcon_core.environment:checking '/root/ros_ws/install/turtlebot3_gazebo/lib/python3.12/site-packages'
[15.086s] Level 1:colcon.colcon_core.environment:checking '/root/ros_ws/install/turtlebot3_gazebo/bin'
[15.086s] INFO:colcon.colcon_core.shell:Creating package script '/root/ros_ws/install/turtlebot3_gazebo/share/turtlebot3_gazebo/package.ps1'
[15.086s] INFO:colcon.colcon_core.shell:Creating package descriptor '/root/ros_ws/install/turtlebot3_gazebo/share/turtlebot3_gazebo/package.dsv'
[15.087s] INFO:colcon.colcon_core.shell:Creating package script '/root/ros_ws/install/turtlebot3_gazebo/share/turtlebot3_gazebo/package.sh'
[15.087s] INFO:colcon.colcon_core.shell:Creating package script '/root/ros_ws/install/turtlebot3_gazebo/share/turtlebot3_gazebo/package.bash'
[15.087s] INFO:colcon.colcon_core.shell:Creating package script '/root/ros_ws/install/turtlebot3_gazebo/share/turtlebot3_gazebo/package.zsh'
[15.087s] Level 1:colcon.colcon_core.environment:create_file_with_runtime_dependencies(/root/ros_ws/install/turtlebot3_gazebo/share/colcon-core/packages/turtlebot3_gazebo)
[19.984s] DEBUG:colcon.colcon_core.event_handler.log_command:Invoked command in '/root/ros_ws/build/turtlebot3_node' returned '0': CMAKE_PREFIX_PATH=${CMAKE_PREFIX_PATH}:/root/ros_ws/install/turtlebot3_teleop:/root/ros_ws/install/turtlebot3_example:/root/ros_ws/install/tb3_multi_nav:/opt/ros/jazzy /usr/bin/cmake --build /root/ros_ws/build/turtlebot3_node -- -j16 -l16
[19.984s] DEBUG:colcon.colcon_core.event_handler.log_command:Invoking command in '/root/ros_ws/build/turtlebot3_node': CMAKE_PREFIX_PATH=${CMAKE_PREFIX_PATH}:/root/ros_ws/install/turtlebot3_teleop:/root/ros_ws/install/turtlebot3_example:/root/ros_ws/install/tb3_multi_nav:/opt/ros/jazzy /usr/bin/cmake --install /root/ros_ws/build/turtlebot3_node
[20.019s] Level 1:colcon.colcon_core.environment:create_environment_scripts_only(turtlebot3_node)
[20.019s] Level 1:colcon.colcon_core.environment:checking '/root/ros_ws/install/turtlebot3_node' for CMake module files
[20.020s] DEBUG:colcon.colcon_core.event_handler.log_command:Invoked command in '/root/ros_ws/build/turtlebot3_node' returned '0': CMAKE_PREFIX_PATH=${CMAKE_PREFIX_PATH}:/root/ros_ws/install/turtlebot3_teleop:/root/ros_ws/install/turtlebot3_example:/root/ros_ws/install/tb3_multi_nav:/opt/ros/jazzy /usr/bin/cmake --install /root/ros_ws/build/turtlebot3_node
[20.020s] Level 1:colcon.colcon_core.environment:checking '/root/ros_ws/install/turtlebot3_node' for CMake config files
[20.020s] Level 1:colcon.colcon_core.shell:create_environment_hook('turtlebot3_node', 'cmake_prefix_path')
[20.020s] INFO:colcon.colcon_core.shell:Creating environment hook '/root/ros_ws/install/turtlebot3_node/share/turtlebot3_node/hook/cmake_prefix_path.ps1'
[20.021s] INFO:colcon.colcon_core.shell:Creating environment descriptor '/root/ros_ws/install/turtlebot3_node/share/turtlebot3_node/hook/cmake_prefix_path.dsv'
[20.021s] INFO:colcon.colcon_core.shell:Creating environment hook '/root/ros_ws/install/turtlebot3_node/share/turtlebot3_node/hook/cmake_prefix_path.sh'
[20.021s] Level 1:colcon.colcon_core.environment:checking '/root/ros_ws/install/turtlebot3_node/lib'
[20.021s] Level 1:colcon.colcon_core.environment:checking '/root/ros_ws/install/turtlebot3_node/bin'
[20.021s] Level 1:colcon.colcon_core.environment:checking '/root/ros_ws/install/turtlebot3_node/lib/pkgconfig/turtlebot3_node.pc'
[20.022s] Level 1:colcon.colcon_core.environment:checking '/root/ros_ws/install/turtlebot3_node/lib/python3.12/site-packages'
[20.022s] Level 1:colcon.colcon_core.environment:checking '/root/ros_ws/install/turtlebot3_node/bin'
[20.022s] INFO:colcon.colcon_core.shell:Creating package script '/root/ros_ws/install/turtlebot3_node/share/turtlebot3_node/package.ps1'
[20.022s] INFO:colcon.colcon_core.shell:Creating package descriptor '/root/ros_ws/install/turtlebot3_node/share/turtlebot3_node/package.dsv'
[20.023s] INFO:colcon.colcon_core.shell:Creating package script '/root/ros_ws/install/turtlebot3_node/share/turtlebot3_node/package.sh'
[20.023s] INFO:colcon.colcon_core.shell:Creating package script '/root/ros_ws/install/turtlebot3_node/share/turtlebot3_node/package.bash'
[20.023s] INFO:colcon.colcon_core.shell:Creating package script '/root/ros_ws/install/turtlebot3_node/share/turtlebot3_node/package.zsh'
[20.023s] Level 1:colcon.colcon_core.environment:create_file_with_runtime_dependencies(/root/ros_ws/install/turtlebot3_node/share/colcon-core/packages/turtlebot3_node)
[20.024s] Level 1:colcon.colcon_core.environment:create_environment_scripts_only(turtlebot3_node)
[20.024s] Level 1:colcon.colcon_core.environment:checking '/root/ros_ws/install/turtlebot3_node' for CMake module files
[20.024s] Level 1:colcon.colcon_core.environment:checking '/root/ros_ws/install/turtlebot3_node' for CMake config files
[20.024s] Level 1:colcon.colcon_core.shell:create_environment_hook('turtlebot3_node', 'cmake_prefix_path')
[20.024s] INFO:colcon.colcon_core.shell:Creating environment hook '/root/ros_ws/install/turtlebot3_node/share/turtlebot3_node/hook/cmake_prefix_path.ps1'
[20.025s] INFO:colcon.colcon_core.shell:Creating environment descriptor '/root/ros_ws/install/turtlebot3_node/share/turtlebot3_node/hook/cmake_prefix_path.dsv'
[20.025s] INFO:colcon.colcon_core.shell:Creating environment hook '/root/ros_ws/install/turtlebot3_node/share/turtlebot3_node/hook/cmake_prefix_path.sh'
[20.025s] Level 1:colcon.colcon_core.environment:checking '/root/ros_ws/install/turtlebot3_node/lib'
[20.025s] Level 1:colcon.colcon_core.environment:checking '/root/ros_ws/install/turtlebot3_node/bin'
[20.025s] Level 1:colcon.colcon_core.environment:checking '/root/ros_ws/install/turtlebot3_node/lib/pkgconfig/turtlebot3_node.pc'
[20.026s] Level 1:colcon.colcon_core.environment:checking '/root/ros_ws/install/turtlebot3_node/lib/python3.12/site-packages'
[20.026s] Level 1:colcon.colcon_core.environment:checking '/root/ros_ws/install/turtlebot3_node/bin'
[20.026s] INFO:colcon.colcon_core.shell:Creating package script '/root/ros_ws/install/turtlebot3_node/share/turtlebot3_node/package.ps1'
[20.026s] INFO:colcon.colcon_core.shell:Creating package descriptor '/root/ros_ws/install/turtlebot3_node/share/turtlebot3_node/package.dsv'
[20.035s] INFO:colcon.colcon_core.shell:Creating package script '/root/ros_ws/install/turtlebot3_node/share/turtlebot3_node/package.sh'
[20.035s] INFO:colcon.colcon_core.shell:Creating package script '/root/ros_ws/install/turtlebot3_node/share/turtlebot3_node/package.bash'
[20.035s] INFO:colcon.colcon_core.shell:Creating package script '/root/ros_ws/install/turtlebot3_node/share/turtlebot3_node/package.zsh'
[20.035s] Level 1:colcon.colcon_core.environment:create_file_with_runtime_dependencies(/root/ros_ws/install/turtlebot3_node/share/colcon-core/packages/turtlebot3_node)
[20.036s] INFO:colcon.colcon_ros.task.ament_cmake.build:Building ROS package in '/root/ros_ws/src/turtlebot3-jazzy/turtlebot3_bringup' with build type 'ament_cmake'
[20.036s] INFO:colcon.colcon_cmake.task.cmake.build:Building CMake package in '/root/ros_ws/src/turtlebot3-jazzy/turtlebot3_bringup'
[20.036s] INFO:colcon.colcon_core.shell:Skip shell extension 'powershell' for command environment: Not usable outside of PowerShell
[20.036s] DEBUG:colcon.colcon_core.shell:Skip shell extension 'dsv' for command environment
[20.056s] DEBUG:colcon.colcon_core.event_handler.log_command:Invoking command in '/root/ros_ws/build/turtlebot3_bringup': CMAKE_PREFIX_PATH=/root/ros_ws/install/turtlebot3_node:/root/ros_ws/install/turtlebot3_description:/root/ros_ws/install/turtlebot3:/root/ros_ws/install/turtlebot3_bringup:/root/ros_ws/install/turtlebot3_navigation2:/root/ros_ws/install/turtlebot3_gazebo:/root/ros_ws/install/turtlebot3_cartographer:/opt/ros/jazzy/opt/gz_sim_vendor:/opt/ros/jazzy/opt/gz_sensors_vendor:/opt/ros/jazzy/opt/gz_physics_vendor:/opt/ros/jazzy/opt/sdformat_vendor:/opt/ros/jazzy/opt/gz_gui_vendor:/opt/ros/jazzy/opt/gz_transport_vendor:/opt/ros/jazzy/opt/gz_rendering_vendor:/opt/ros/jazzy/opt/gz_plugin_vendor:/opt/ros/jazzy/opt/gz_fuel_tools_vendor:/opt/ros/jazzy/opt/gz_msgs_vendor:/opt/ros/jazzy/opt/gz_common_vendor:/opt/ros/jazzy/opt/gz_math_vendor:/opt/ros/jazzy/opt/gz_utils_vendor:/opt/ros/jazzy/opt/gz_tools_vendor:/opt/ros/jazzy/opt/gz_ogre_next_vendor:/opt/ros/jazzy/opt/gz_dartsim_vendor:/opt/ros/jazzy/opt/gz_cmake_vendor:/root/ros_ws/install/turtlebot3_teleop:/root/ros_ws/install/turtlebot3_example:/root/ros_ws/install/tb3_multi_nav:/opt/ros/jazzy /usr/bin/cmake /root/ros_ws/src/turtlebot3-jazzy/turtlebot3_bringup -DCMAKE_INSTALL_PREFIX=/root/ros_ws/install/turtlebot3_bringup
[20.630s] DEBUG:colcon.colcon_core.event_handler.log_command:Invoked command in '/root/ros_ws/build/turtlebot3_bringup' returned '0': CMAKE_PREFIX_PATH=/root/ros_ws/install/turtlebot3_node:/root/ros_ws/install/turtlebot3_description:/root/ros_ws/install/turtlebot3:/root/ros_ws/install/turtlebot3_bringup:/root/ros_ws/install/turtlebot3_navigation2:/root/ros_ws/install/turtlebot3_gazebo:/root/ros_ws/install/turtlebot3_cartographer:/opt/ros/jazzy/opt/gz_sim_vendor:/opt/ros/jazzy/opt/gz_sensors_vendor:/opt/ros/jazzy/opt/gz_physics_vendor:/opt/ros/jazzy/opt/sdformat_vendor:/opt/ros/jazzy/opt/gz_gui_vendor:/opt/ros/jazzy/opt/gz_transport_vendor:/opt/ros/jazzy/opt/gz_rendering_vendor:/opt/ros/jazzy/opt/gz_plugin_vendor:/opt/ros/jazzy/opt/gz_fuel_tools_vendor:/opt/ros/jazzy/opt/gz_msgs_vendor:/opt/ros/jazzy/opt/gz_common_vendor:/opt/ros/jazzy/opt/gz_math_vendor:/opt/ros/jazzy/opt/gz_utils_vendor:/opt/ros/jazzy/opt/gz_tools_vendor:/opt/ros/jazzy/opt/gz_ogre_next_vendor:/opt/ros/jazzy/opt/gz_dartsim_vendor:/opt/ros/jazzy/opt/gz_cmake_vendor:/root/ros_ws/install/turtlebot3_teleop:/root/ros_ws/install/turtlebot3_example:/root/ros_ws/install/tb3_multi_nav:/opt/ros/jazzy /usr/bin/cmake /root/ros_ws/src/turtlebot3-jazzy/turtlebot3_bringup -DCMAKE_INSTALL_PREFIX=/root/ros_ws/install/turtlebot3_bringup
[20.631s] DEBUG:colcon.colcon_core.event_handler.log_command:Invoking command in '/root/ros_ws/build/turtlebot3_bringup': CMAKE_PREFIX_PATH=/root/ros_ws/install/turtlebot3_node:/root/ros_ws/install/turtlebot3_description:/root/ros_ws/install/turtlebot3:/root/ros_ws/install/turtlebot3_bringup:/root/ros_ws/install/turtlebot3_navigation2:/root/ros_ws/install/turtlebot3_gazebo:/root/ros_ws/install/turtlebot3_cartographer:/opt/ros/jazzy/opt/gz_sim_vendor:/opt/ros/jazzy/opt/gz_sensors_vendor:/opt/ros/jazzy/opt/gz_physics_vendor:/opt/ros/jazzy/opt/sdformat_vendor:/opt/ros/jazzy/opt/gz_gui_vendor:/opt/ros/jazzy/opt/gz_transport_vendor:/opt/ros/jazzy/opt/gz_rendering_vendor:/opt/ros/jazzy/opt/gz_plugin_vendor:/opt/ros/jazzy/opt/gz_fuel_tools_vendor:/opt/ros/jazzy/opt/gz_msgs_vendor:/opt/ros/jazzy/opt/gz_common_vendor:/opt/ros/jazzy/opt/gz_math_vendor:/opt/ros/jazzy/opt/gz_utils_vendor:/opt/ros/jazzy/opt/gz_tools_vendor:/opt/ros/jazzy/opt/gz_ogre_next_vendor:/opt/ros/jazzy/opt/gz_dartsim_vendor:/opt/ros/jazzy/opt/gz_cmake_vendor:/root/ros_ws/install/turtlebot3_teleop:/root/ros_ws/install/turtlebot3_example:/root/ros_ws/install/tb3_multi_nav:/opt/ros/jazzy /usr/bin/cmake --build /root/ros_ws/build/turtlebot3_bringup -- -j16 -l16
[20.662s] DEBUG:colcon.colcon_core.event_handler.log_command:Invoked command in '/root/ros_ws/build/turtlebot3_bringup' returned '0': CMAKE_PREFIX_PATH=/root/ros_ws/install/turtlebot3_node:/root/ros_ws/install/turtlebot3_description:/root/ros_ws/install/turtlebot3:/root/ros_ws/install/turtlebot3_bringup:/root/ros_ws/install/turtlebot3_navigation2:/root/ros_ws/install/turtlebot3_gazebo:/root/ros_ws/install/turtlebot3_cartographer:/opt/ros/jazzy/opt/gz_sim_vendor:/opt/ros/jazzy/opt/gz_sensors_vendor:/opt/ros/jazzy/opt/gz_physics_vendor:/opt/ros/jazzy/opt/sdformat_vendor:/opt/ros/jazzy/opt/gz_gui_vendor:/opt/ros/jazzy/opt/gz_transport_vendor:/opt/ros/jazzy/opt/gz_rendering_vendor:/opt/ros/jazzy/opt/gz_plugin_vendor:/opt/ros/jazzy/opt/gz_fuel_tools_vendor:/opt/ros/jazzy/opt/gz_msgs_vendor:/opt/ros/jazzy/opt/gz_common_vendor:/opt/ros/jazzy/opt/gz_math_vendor:/opt/ros/jazzy/opt/gz_utils_vendor:/opt/ros/jazzy/opt/gz_tools_vendor:/opt/ros/jazzy/opt/gz_ogre_next_vendor:/opt/ros/jazzy/opt/gz_dartsim_vendor:/opt/ros/jazzy/opt/gz_cmake_vendor:/root/ros_ws/install/turtlebot3_teleop:/root/ros_ws/install/turtlebot3_example:/root/ros_ws/install/tb3_multi_nav:/opt/ros/jazzy /usr/bin/cmake --build /root/ros_ws/build/turtlebot3_bringup -- -j16 -l16
[20.662s] DEBUG:colcon.colcon_core.event_handler.log_command:Invoking command in '/root/ros_ws/build/turtlebot3_bringup': CMAKE_PREFIX_PATH=/root/ros_ws/install/turtlebot3_node:/root/ros_ws/install/turtlebot3_description:/root/ros_ws/install/turtlebot3:/root/ros_ws/install/turtlebot3_bringup:/root/ros_ws/install/turtlebot3_navigation2:/root/ros_ws/install/turtlebot3_gazebo:/root/ros_ws/install/turtlebot3_cartographer:/opt/ros/jazzy/opt/gz_sim_vendor:/opt/ros/jazzy/opt/gz_sensors_vendor:/opt/ros/jazzy/opt/gz_physics_vendor:/opt/ros/jazzy/opt/sdformat_vendor:/opt/ros/jazzy/opt/gz_gui_vendor:/opt/ros/jazzy/opt/gz_transport_vendor:/opt/ros/jazzy/opt/gz_rendering_vendor:/opt/ros/jazzy/opt/gz_plugin_vendor:/opt/ros/jazzy/opt/gz_fuel_tools_vendor:/opt/ros/jazzy/opt/gz_msgs_vendor:/opt/ros/jazzy/opt/gz_common_vendor:/opt/ros/jazzy/opt/gz_math_vendor:/opt/ros/jazzy/opt/gz_utils_vendor:/opt/ros/jazzy/opt/gz_tools_vendor:/opt/ros/jazzy/opt/gz_ogre_next_vendor:/opt/ros/jazzy/opt/gz_dartsim_vendor:/opt/ros/jazzy/opt/gz_cmake_vendor:/root/ros_ws/install/turtlebot3_teleop:/root/ros_ws/install/turtlebot3_example:/root/ros_ws/install/tb3_multi_nav:/opt/ros/jazzy /usr/bin/cmake --install /root/ros_ws/build/turtlebot3_bringup
[20.678s] Level 1:colcon.colcon_core.environment:create_environment_scripts_only(turtlebot3_bringup)
[20.678s] Level 1:colcon.colcon_core.environment:checking '/root/ros_ws/install/turtlebot3_bringup' for CMake module files
[20.679s] DEBUG:colcon.colcon_core.event_handler.log_command:Invoked command in '/root/ros_ws/build/turtlebot3_bringup' returned '0': CMAKE_PREFIX_PATH=/root/ros_ws/install/turtlebot3_node:/root/ros_ws/install/turtlebot3_description:/root/ros_ws/install/turtlebot3:/root/ros_ws/install/turtlebot3_bringup:/root/ros_ws/install/turtlebot3_navigation2:/root/ros_ws/install/turtlebot3_gazebo:/root/ros_ws/install/turtlebot3_cartographer:/opt/ros/jazzy/opt/gz_sim_vendor:/opt/ros/jazzy/opt/gz_sensors_vendor:/opt/ros/jazzy/opt/gz_physics_vendor:/opt/ros/jazzy/opt/sdformat_vendor:/opt/ros/jazzy/opt/gz_gui_vendor:/opt/ros/jazzy/opt/gz_transport_vendor:/opt/ros/jazzy/opt/gz_rendering_vendor:/opt/ros/jazzy/opt/gz_plugin_vendor:/opt/ros/jazzy/opt/gz_fuel_tools_vendor:/opt/ros/jazzy/opt/gz_msgs_vendor:/opt/ros/jazzy/opt/gz_common_vendor:/opt/ros/jazzy/opt/gz_math_vendor:/opt/ros/jazzy/opt/gz_utils_vendor:/opt/ros/jazzy/opt/gz_tools_vendor:/opt/ros/jazzy/opt/gz_ogre_next_vendor:/opt/ros/jazzy/opt/gz_dartsim_vendor:/opt/ros/jazzy/opt/gz_cmake_vendor:/root/ros_ws/install/turtlebot3_teleop:/root/ros_ws/install/turtlebot3_example:/root/ros_ws/install/tb3_multi_nav:/opt/ros/jazzy /usr/bin/cmake --install /root/ros_ws/build/turtlebot3_bringup
[20.679s] Level 1:colcon.colcon_core.environment:checking '/root/ros_ws/install/turtlebot3_bringup' for CMake config files
[20.679s] Level 1:colcon.colcon_core.shell:create_environment_hook('turtlebot3_bringup', 'cmake_prefix_path')
[20.679s] INFO:colcon.colcon_core.shell:Creating environment hook '/root/ros_ws/install/turtlebot3_bringup/share/turtlebot3_bringup/hook/cmake_prefix_path.ps1'
[20.680s] INFO:colcon.colcon_core.shell:Creating environment descriptor '/root/ros_ws/install/turtlebot3_bringup/share/turtlebot3_bringup/hook/cmake_prefix_path.dsv'
[20.680s] INFO:colcon.colcon_core.shell:Creating environment hook '/root/ros_ws/install/turtlebot3_bringup/share/turtlebot3_bringup/hook/cmake_prefix_path.sh'
[20.680s] Level 1:colcon.colcon_core.environment:checking '/root/ros_ws/install/turtlebot3_bringup/bin'
[20.680s] Level 1:colcon.colcon_core.environment:checking '/root/ros_ws/install/turtlebot3_bringup/lib/pkgconfig/turtlebot3_bringup.pc'
[20.681s] Level 1:colcon.colcon_core.environment:checking '/root/ros_ws/install/turtlebot3_bringup/lib/python3.12/site-packages'
[20.681s] Level 1:colcon.colcon_core.environment:checking '/root/ros_ws/install/turtlebot3_bringup/bin'
[20.681s] INFO:colcon.colcon_core.shell:Creating package script '/root/ros_ws/install/turtlebot3_bringup/share/turtlebot3_bringup/package.ps1'
[20.681s] INFO:colcon.colcon_core.shell:Creating package descriptor '/root/ros_ws/install/turtlebot3_bringup/share/turtlebot3_bringup/package.dsv'
[20.681s] INFO:colcon.colcon_core.shell:Creating package script '/root/ros_ws/install/turtlebot3_bringup/share/turtlebot3_bringup/package.sh'
[20.682s] INFO:colcon.colcon_core.shell:Creating package script '/root/ros_ws/install/turtlebot3_bringup/share/turtlebot3_bringup/package.bash'
[20.682s] INFO:colcon.colcon_core.shell:Creating package script '/root/ros_ws/install/turtlebot3_bringup/share/turtlebot3_bringup/package.zsh'
[20.682s] Level 1:colcon.colcon_core.environment:create_file_with_runtime_dependencies(/root/ros_ws/install/turtlebot3_bringup/share/colcon-core/packages/turtlebot3_bringup)
[20.683s] Level 1:colcon.colcon_core.environment:create_environment_scripts_only(turtlebot3_bringup)
[20.683s] Level 1:colcon.colcon_core.environment:checking '/root/ros_ws/install/turtlebot3_bringup' for CMake module files
[20.683s] Level 1:colcon.colcon_core.environment:checking '/root/ros_ws/install/turtlebot3_bringup' for CMake config files
[20.683s] Level 1:colcon.colcon_core.shell:create_environment_hook('turtlebot3_bringup', 'cmake_prefix_path')
[20.683s] INFO:colcon.colcon_core.shell:Creating environment hook '/root/ros_ws/install/turtlebot3_bringup/share/turtlebot3_bringup/hook/cmake_prefix_path.ps1'
[20.683s] INFO:colcon.colcon_core.shell:Creating environment descriptor '/root/ros_ws/install/turtlebot3_bringup/share/turtlebot3_bringup/hook/cmake_prefix_path.dsv'
[20.683s] INFO:colcon.colcon_core.shell:Creating environment hook '/root/ros_ws/install/turtlebot3_bringup/share/turtlebot3_bringup/hook/cmake_prefix_path.sh'
[20.684s] Level 1:colcon.colcon_core.environment:checking '/root/ros_ws/install/turtlebot3_bringup/bin'
[20.684s] Level 1:colcon.colcon_core.environment:checking '/root/ros_ws/install/turtlebot3_bringup/lib/pkgconfig/turtlebot3_bringup.pc'
[20.684s] Level 1:colcon.colcon_core.environment:checking '/root/ros_ws/install/turtlebot3_bringup/lib/python3.12/site-packages'
[20.684s] Level 1:colcon.colcon_core.environment:checking '/root/ros_ws/install/turtlebot3_bringup/bin'
[20.684s] INFO:colcon.colcon_core.shell:Creating package script '/root/ros_ws/install/turtlebot3_bringup/share/turtlebot3_bringup/package.ps1'
[20.685s] INFO:colcon.colcon_core.shell:Creating package descriptor '/root/ros_ws/install/turtlebot3_bringup/share/turtlebot3_bringup/package.dsv'
[20.685s] INFO:colcon.colcon_core.shell:Creating package script '/root/ros_ws/install/turtlebot3_bringup/share/turtlebot3_bringup/package.sh'
[20.685s] INFO:colcon.colcon_core.shell:Creating package script '/root/ros_ws/install/turtlebot3_bringup/share/turtlebot3_bringup/package.bash'
[20.686s] INFO:colcon.colcon_core.shell:Creating package script '/root/ros_ws/install/turtlebot3_bringup/share/turtlebot3_bringup/package.zsh'
[20.686s] Level 1:colcon.colcon_core.environment:create_file_with_runtime_dependencies(/root/ros_ws/install/turtlebot3_bringup/share/colcon-core/packages/turtlebot3_bringup)
[20.686s] INFO:colcon.colcon_ros.task.ament_cmake.build:Building ROS package in '/root/ros_ws/src/turtlebot3-jazzy/turtlebot3' with build type 'ament_cmake'
[20.686s] INFO:colcon.colcon_cmake.task.cmake.build:Building CMake package in '/root/ros_ws/src/turtlebot3-jazzy/turtlebot3'
[20.686s] INFO:colcon.colcon_core.shell:Skip shell extension 'powershell' for command environment: Not usable outside of PowerShell
[20.686s] DEBUG:colcon.colcon_core.shell:Skip shell extension 'dsv' for command environment
[20.700s] DEBUG:colcon.colcon_core.event_handler.log_command:Invoking command in '/root/ros_ws/build/turtlebot3': AMENT_PREFIX_PATH=/root/ros_ws/install/turtlebot3_teleop:/root/ros_ws/install/turtlebot3_example:/root/ros_ws/install/turtlebot3:/root/ros_ws/install/turtlebot3_bringup:/root/ros_ws/install/turtlebot3_node:/root/ros_ws/install/turtlebot3_navigation2:/root/ros_ws/install/turtlebot3_gazebo:/root/ros_ws/install/turtlebot3_description:/root/ros_ws/install/turtlebot3_cartographer:/root/ros_ws/install/tb3_multi_nav:/opt/ros/jazzy CMAKE_PREFIX_PATH=/root/ros_ws/install/turtlebot3_bringup:/root/ros_ws/install/turtlebot3_node:/root/ros_ws/install/turtlebot3_navigation2:/root/ros_ws/install/turtlebot3_description:/root/ros_ws/install/turtlebot3_cartographer:/root/ros_ws/install/turtlebot3:/root/ros_ws/install/turtlebot3_gazebo:/opt/ros/jazzy/opt/gz_sim_vendor:/opt/ros/jazzy/opt/gz_sensors_vendor:/opt/ros/jazzy/opt/gz_physics_vendor:/opt/ros/jazzy/opt/sdformat_vendor:/opt/ros/jazzy/opt/gz_gui_vendor:/opt/ros/jazzy/opt/gz_transport_vendor:/opt/ros/jazzy/opt/gz_rendering_vendor:/opt/ros/jazzy/opt/gz_plugin_vendor:/opt/ros/jazzy/opt/gz_fuel_tools_vendor:/opt/ros/jazzy/opt/gz_msgs_vendor:/opt/ros/jazzy/opt/gz_common_vendor:/opt/ros/jazzy/opt/gz_math_vendor:/opt/ros/jazzy/opt/gz_utils_vendor:/opt/ros/jazzy/opt/gz_tools_vendor:/opt/ros/jazzy/opt/gz_ogre_next_vendor:/opt/ros/jazzy/opt/gz_dartsim_vendor:/opt/ros/jazzy/opt/gz_cmake_vendor:/root/ros_ws/install/turtlebot3_teleop:/root/ros_ws/install/turtlebot3_example:/root/ros_ws/install/tb3_multi_nav:/opt/ros/jazzy /usr/bin/cmake /root/ros_ws/src/turtlebot3-jazzy/turtlebot3 -DCMAKE_INSTALL_PREFIX=/root/ros_ws/install/turtlebot3
[21.265s] DEBUG:colcon.colcon_core.event_handler.log_command:Invoked command in '/root/ros_ws/build/turtlebot3' returned '0': AMENT_PREFIX_PATH=/root/ros_ws/install/turtlebot3_teleop:/root/ros_ws/install/turtlebot3_example:/root/ros_ws/install/turtlebot3:/root/ros_ws/install/turtlebot3_bringup:/root/ros_ws/install/turtlebot3_node:/root/ros_ws/install/turtlebot3_navigation2:/root/ros_ws/install/turtlebot3_gazebo:/root/ros_ws/install/turtlebot3_description:/root/ros_ws/install/turtlebot3_cartographer:/root/ros_ws/install/tb3_multi_nav:/opt/ros/jazzy CMAKE_PREFIX_PATH=/root/ros_ws/install/turtlebot3_bringup:/root/ros_ws/install/turtlebot3_node:/root/ros_ws/install/turtlebot3_navigation2:/root/ros_ws/install/turtlebot3_description:/root/ros_ws/install/turtlebot3_cartographer:/root/ros_ws/install/turtlebot3:/root/ros_ws/install/turtlebot3_gazebo:/opt/ros/jazzy/opt/gz_sim_vendor:/opt/ros/jazzy/opt/gz_sensors_vendor:/opt/ros/jazzy/opt/gz_physics_vendor:/opt/ros/jazzy/opt/sdformat_vendor:/opt/ros/jazzy/opt/gz_gui_vendor:/opt/ros/jazzy/opt/gz_transport_vendor:/opt/ros/jazzy/opt/gz_rendering_vendor:/opt/ros/jazzy/opt/gz_plugin_vendor:/opt/ros/jazzy/opt/gz_fuel_tools_vendor:/opt/ros/jazzy/opt/gz_msgs_vendor:/opt/ros/jazzy/opt/gz_common_vendor:/opt/ros/jazzy/opt/gz_math_vendor:/opt/ros/jazzy/opt/gz_utils_vendor:/opt/ros/jazzy/opt/gz_tools_vendor:/opt/ros/jazzy/opt/gz_ogre_next_vendor:/opt/ros/jazzy/opt/gz_dartsim_vendor:/opt/ros/jazzy/opt/gz_cmake_vendor:/root/ros_ws/install/turtlebot3_teleop:/root/ros_ws/install/turtlebot3_example:/root/ros_ws/install/tb3_multi_nav:/opt/ros/jazzy /usr/bin/cmake /root/ros_ws/src/turtlebot3-jazzy/turtlebot3 -DCMAKE_INSTALL_PREFIX=/root/ros_ws/install/turtlebot3
[21.265s] DEBUG:colcon.colcon_core.event_handler.log_command:Invoking command in '/root/ros_ws/build/turtlebot3': AMENT_PREFIX_PATH=/root/ros_ws/install/turtlebot3_teleop:/root/ros_ws/install/turtlebot3_example:/root/ros_ws/install/turtlebot3:/root/ros_ws/install/turtlebot3_bringup:/root/ros_ws/install/turtlebot3_node:/root/ros_ws/install/turtlebot3_navigation2:/root/ros_ws/install/turtlebot3_gazebo:/root/ros_ws/install/turtlebot3_description:/root/ros_ws/install/turtlebot3_cartographer:/root/ros_ws/install/tb3_multi_nav:/opt/ros/jazzy CMAKE_PREFIX_PATH=/root/ros_ws/install/turtlebot3_bringup:/root/ros_ws/install/turtlebot3_node:/root/ros_ws/install/turtlebot3_navigation2:/root/ros_ws/install/turtlebot3_description:/root/ros_ws/install/turtlebot3_cartographer:/root/ros_ws/install/turtlebot3:/root/ros_ws/install/turtlebot3_gazebo:/opt/ros/jazzy/opt/gz_sim_vendor:/opt/ros/jazzy/opt/gz_sensors_vendor:/opt/ros/jazzy/opt/gz_physics_vendor:/opt/ros/jazzy/opt/sdformat_vendor:/opt/ros/jazzy/opt/gz_gui_vendor:/opt/ros/jazzy/opt/gz_transport_vendor:/opt/ros/jazzy/opt/gz_rendering_vendor:/opt/ros/jazzy/opt/gz_plugin_vendor:/opt/ros/jazzy/opt/gz_fuel_tools_vendor:/opt/ros/jazzy/opt/gz_msgs_vendor:/opt/ros/jazzy/opt/gz_common_vendor:/opt/ros/jazzy/opt/gz_math_vendor:/opt/ros/jazzy/opt/gz_utils_vendor:/opt/ros/jazzy/opt/gz_tools_vendor:/opt/ros/jazzy/opt/gz_ogre_next_vendor:/opt/ros/jazzy/opt/gz_dartsim_vendor:/opt/ros/jazzy/opt/gz_cmake_vendor:/root/ros_ws/install/turtlebot3_teleop:/root/ros_ws/install/turtlebot3_example:/root/ros_ws/install/tb3_multi_nav:/opt/ros/jazzy /usr/bin/cmake --build /root/ros_ws/build/turtlebot3 -- -j16 -l16
[21.299s] DEBUG:colcon.colcon_core.event_handler.log_command:Invoked command in '/root/ros_ws/build/turtlebot3' returned '0': AMENT_PREFIX_PATH=/root/ros_ws/install/turtlebot3_teleop:/root/ros_ws/install/turtlebot3_example:/root/ros_ws/install/turtlebot3:/root/ros_ws/install/turtlebot3_bringup:/root/ros_ws/install/turtlebot3_node:/root/ros_ws/install/turtlebot3_navigation2:/root/ros_ws/install/turtlebot3_gazebo:/root/ros_ws/install/turtlebot3_description:/root/ros_ws/install/turtlebot3_cartographer:/root/ros_ws/install/tb3_multi_nav:/opt/ros/jazzy CMAKE_PREFIX_PATH=/root/ros_ws/install/turtlebot3_bringup:/root/ros_ws/install/turtlebot3_node:/root/ros_ws/install/turtlebot3_navigation2:/root/ros_ws/install/turtlebot3_description:/root/ros_ws/install/turtlebot3_cartographer:/root/ros_ws/install/turtlebot3:/root/ros_ws/install/turtlebot3_gazebo:/opt/ros/jazzy/opt/gz_sim_vendor:/opt/ros/jazzy/opt/gz_sensors_vendor:/opt/ros/jazzy/opt/gz_physics_vendor:/opt/ros/jazzy/opt/sdformat_vendor:/opt/ros/jazzy/opt/gz_gui_vendor:/opt/ros/jazzy/opt/gz_transport_vendor:/opt/ros/jazzy/opt/gz_rendering_vendor:/opt/ros/jazzy/opt/gz_plugin_vendor:/opt/ros/jazzy/opt/gz_fuel_tools_vendor:/opt/ros/jazzy/opt/gz_msgs_vendor:/opt/ros/jazzy/opt/gz_common_vendor:/opt/ros/jazzy/opt/gz_math_vendor:/opt/ros/jazzy/opt/gz_utils_vendor:/opt/ros/jazzy/opt/gz_tools_vendor:/opt/ros/jazzy/opt/gz_ogre_next_vendor:/opt/ros/jazzy/opt/gz_dartsim_vendor:/opt/ros/jazzy/opt/gz_cmake_vendor:/root/ros_ws/install/turtlebot3_teleop:/root/ros_ws/install/turtlebot3_example:/root/ros_ws/install/tb3_multi_nav:/opt/ros/jazzy /usr/bin/cmake --build /root/ros_ws/build/turtlebot3 -- -j16 -l16
[21.300s] DEBUG:colcon.colcon_core.event_handler.log_command:Invoking command in '/root/ros_ws/build/turtlebot3': AMENT_PREFIX_PATH=/root/ros_ws/install/turtlebot3_teleop:/root/ros_ws/install/turtlebot3_example:/root/ros_ws/install/turtlebot3:/root/ros_ws/install/turtlebot3_bringup:/root/ros_ws/install/turtlebot3_node:/root/ros_ws/install/turtlebot3_navigation2:/root/ros_ws/install/turtlebot3_gazebo:/root/ros_ws/install/turtlebot3_description:/root/ros_ws/install/turtlebot3_cartographer:/root/ros_ws/install/tb3_multi_nav:/opt/ros/jazzy CMAKE_PREFIX_PATH=/root/ros_ws/install/turtlebot3_bringup:/root/ros_ws/install/turtlebot3_node:/root/ros_ws/install/turtlebot3_navigation2:/root/ros_ws/install/turtlebot3_description:/root/ros_ws/install/turtlebot3_cartographer:/root/ros_ws/install/turtlebot3:/root/ros_ws/install/turtlebot3_gazebo:/opt/ros/jazzy/opt/gz_sim_vendor:/opt/ros/jazzy/opt/gz_sensors_vendor:/opt/ros/jazzy/opt/gz_physics_vendor:/opt/ros/jazzy/opt/sdformat_vendor:/opt/ros/jazzy/opt/gz_gui_vendor:/opt/ros/jazzy/opt/gz_transport_vendor:/opt/ros/jazzy/opt/gz_rendering_vendor:/opt/ros/jazzy/opt/gz_plugin_vendor:/opt/ros/jazzy/opt/gz_fuel_tools_vendor:/opt/ros/jazzy/opt/gz_msgs_vendor:/opt/ros/jazzy/opt/gz_common_vendor:/opt/ros/jazzy/opt/gz_math_vendor:/opt/ros/jazzy/opt/gz_utils_vendor:/opt/ros/jazzy/opt/gz_tools_vendor:/opt/ros/jazzy/opt/gz_ogre_next_vendor:/opt/ros/jazzy/opt/gz_dartsim_vendor:/opt/ros/jazzy/opt/gz_cmake_vendor:/root/ros_ws/install/turtlebot3_teleop:/root/ros_ws/install/turtlebot3_example:/root/ros_ws/install/tb3_multi_nav:/opt/ros/jazzy /usr/bin/cmake --install /root/ros_ws/build/turtlebot3
[21.311s] Level 1:colcon.colcon_core.environment:create_environment_scripts_only(turtlebot3)
[21.311s] DEBUG:colcon.colcon_core.event_handler.log_command:Invoked command in '/root/ros_ws/build/turtlebot3' returned '0': AMENT_PREFIX_PATH=/root/ros_ws/install/turtlebot3_teleop:/root/ros_ws/install/turtlebot3_example:/root/ros_ws/install/turtlebot3:/root/ros_ws/install/turtlebot3_bringup:/root/ros_ws/install/turtlebot3_node:/root/ros_ws/install/turtlebot3_navigation2:/root/ros_ws/install/turtlebot3_gazebo:/root/ros_ws/install/turtlebot3_description:/root/ros_ws/install/turtlebot3_cartographer:/root/ros_ws/install/tb3_multi_nav:/opt/ros/jazzy CMAKE_PREFIX_PATH=/root/ros_ws/install/turtlebot3_bringup:/root/ros_ws/install/turtlebot3_node:/root/ros_ws/install/turtlebot3_navigation2:/root/ros_ws/install/turtlebot3_description:/root/ros_ws/install/turtlebot3_cartographer:/root/ros_ws/install/turtlebot3:/root/ros_ws/install/turtlebot3_gazebo:/opt/ros/jazzy/opt/gz_sim_vendor:/opt/ros/jazzy/opt/gz_sensors_vendor:/opt/ros/jazzy/opt/gz_physics_vendor:/opt/ros/jazzy/opt/sdformat_vendor:/opt/ros/jazzy/opt/gz_gui_vendor:/opt/ros/jazzy/opt/gz_transport_vendor:/opt/ros/jazzy/opt/gz_rendering_vendor:/opt/ros/jazzy/opt/gz_plugin_vendor:/opt/ros/jazzy/opt/gz_fuel_tools_vendor:/opt/ros/jazzy/opt/gz_msgs_vendor:/opt/ros/jazzy/opt/gz_common_vendor:/opt/ros/jazzy/opt/gz_math_vendor:/opt/ros/jazzy/opt/gz_utils_vendor:/opt/ros/jazzy/opt/gz_tools_vendor:/opt/ros/jazzy/opt/gz_ogre_next_vendor:/opt/ros/jazzy/opt/gz_dartsim_vendor:/opt/ros/jazzy/opt/gz_cmake_vendor:/root/ros_ws/install/turtlebot3_teleop:/root/ros_ws/install/turtlebot3_example:/root/ros_ws/install/tb3_multi_nav:/opt/ros/jazzy /usr/bin/cmake --install /root/ros_ws/build/turtlebot3
[21.311s] Level 1:colcon.colcon_core.environment:checking '/root/ros_ws/install/turtlebot3' for CMake module files
[21.312s] Level 1:colcon.colcon_core.environment:checking '/root/ros_ws/install/turtlebot3' for CMake config files
[21.312s] Level 1:colcon.colcon_core.shell:create_environment_hook('turtlebot3', 'cmake_prefix_path')
[21.312s] INFO:colcon.colcon_core.shell:Creating environment hook '/root/ros_ws/install/turtlebot3/share/turtlebot3/hook/cmake_prefix_path.ps1'
[21.312s] INFO:colcon.colcon_core.shell:Creating environment descriptor '/root/ros_ws/install/turtlebot3/share/turtlebot3/hook/cmake_prefix_path.dsv'
[21.313s] INFO:colcon.colcon_core.shell:Creating environment hook '/root/ros_ws/install/turtlebot3/share/turtlebot3/hook/cmake_prefix_path.sh'
[21.313s] Level 1:colcon.colcon_core.environment:checking '/root/ros_ws/install/turtlebot3/bin'
[21.313s] Level 1:colcon.colcon_core.environment:checking '/root/ros_ws/install/turtlebot3/lib/pkgconfig/turtlebot3.pc'
[21.313s] Level 1:colcon.colcon_core.environment:checking '/root/ros_ws/install/turtlebot3/lib/python3.12/site-packages'
[21.313s] Level 1:colcon.colcon_core.environment:checking '/root/ros_ws/install/turtlebot3/bin'
[21.314s] INFO:colcon.colcon_core.shell:Creating package script '/root/ros_ws/install/turtlebot3/share/turtlebot3/package.ps1'
[21.314s] INFO:colcon.colcon_core.shell:Creating package descriptor '/root/ros_ws/install/turtlebot3/share/turtlebot3/package.dsv'
[21.314s] INFO:colcon.colcon_core.shell:Creating package script '/root/ros_ws/install/turtlebot3/share/turtlebot3/package.sh'
[21.314s] INFO:colcon.colcon_core.shell:Creating package script '/root/ros_ws/install/turtlebot3/share/turtlebot3/package.bash'
[21.315s] INFO:colcon.colcon_core.shell:Creating package script '/root/ros_ws/install/turtlebot3/share/turtlebot3/package.zsh'
[21.315s] Level 1:colcon.colcon_core.environment:create_file_with_runtime_dependencies(/root/ros_ws/install/turtlebot3/share/colcon-core/packages/turtlebot3)
[21.315s] Level 1:colcon.colcon_core.environment:create_environment_scripts_only(turtlebot3)
[21.315s] Level 1:colcon.colcon_core.environment:checking '/root/ros_ws/install/turtlebot3' for CMake module files
[21.316s] Level 1:colcon.colcon_core.environment:checking '/root/ros_ws/install/turtlebot3' for CMake config files
[21.316s] Level 1:colcon.colcon_core.shell:create_environment_hook('turtlebot3', 'cmake_prefix_path')
[21.316s] INFO:colcon.colcon_core.shell:Creating environment hook '/root/ros_ws/install/turtlebot3/share/turtlebot3/hook/cmake_prefix_path.ps1'
[21.316s] INFO:colcon.colcon_core.shell:Creating environment descriptor '/root/ros_ws/install/turtlebot3/share/turtlebot3/hook/cmake_prefix_path.dsv'
[21.316s] INFO:colcon.colcon_core.shell:Creating environment hook '/root/ros_ws/install/turtlebot3/share/turtlebot3/hook/cmake_prefix_path.sh'
[21.317s] Level 1:colcon.colcon_core.environment:checking '/root/ros_ws/install/turtlebot3/bin'
[21.317s] Level 1:colcon.colcon_core.environment:checking '/root/ros_ws/install/turtlebot3/lib/pkgconfig/turtlebot3.pc'
[21.317s] Level 1:colcon.colcon_core.environment:checking '/root/ros_ws/install/turtlebot3/lib/python3.12/site-packages'
[21.317s] Level 1:colcon.colcon_core.environment:checking '/root/ros_ws/install/turtlebot3/bin'
[21.317s] INFO:colcon.colcon_core.shell:Creating package script '/root/ros_ws/install/turtlebot3/share/turtlebot3/package.ps1'
[21.318s] INFO:colcon.colcon_core.shell:Creating package descriptor '/root/ros_ws/install/turtlebot3/share/turtlebot3/package.dsv'
[21.318s] INFO:colcon.colcon_core.shell:Creating package script '/root/ros_ws/install/turtlebot3/share/turtlebot3/package.sh'
[21.318s] INFO:colcon.colcon_core.shell:Creating package script '/root/ros_ws/install/turtlebot3/share/turtlebot3/package.bash'
[21.318s] INFO:colcon.colcon_core.shell:Creating package script '/root/ros_ws/install/turtlebot3/share/turtlebot3/package.zsh'
[21.319s] Level 1:colcon.colcon_core.environment:create_file_with_runtime_dependencies(/root/ros_ws/install/turtlebot3/share/colcon-core/packages/turtlebot3)
[21.319s] DEBUG:colcon.colcon_parallel_executor.executor.parallel:closing loop
[21.319s] DEBUG:colcon.colcon_parallel_executor.executor.parallel:loop closed
[21.319s] DEBUG:colcon.colcon_parallel_executor.executor.parallel:run_until_complete finished with '0'
[21.319s] DEBUG:colcon.colcon_core.event_reactor:joining thread
[21.328s] INFO:colcon.colcon_core.plugin_system:Skipping extension 'colcon_notification.desktop_notification.notify_send': Could not find 'notify-send'
[21.328s] INFO:colcon.colcon_core.plugin_system:Skipping extension 'colcon_notification.desktop_notification.terminal_notifier': Not used on non-Darwin systems
[21.328s] INFO:colcon.colcon_core.plugin_system:Skipping extension 'colcon_notification.desktop_notification.win32': Not used on non-Windows systems
[21.328s] INFO:colcon.colcon_notification.desktop_notification:Sending desktop notification using 'notify2'
[21.330s] DEBUG:colcon.colcon_notification.desktop_notification.notify2:Failed to initialize notify2: org.freedesktop.DBus.Error.Spawn.ExecFailed: /usr/bin/dbus-launch terminated abnormally without any error message
[21.330s] DEBUG:colcon.colcon_core.event_reactor:joined thread
[21.331s] INFO:colcon.colcon_core.shell:Creating prefix script '/root/ros_ws/install/local_setup.ps1'
[21.332s] INFO:colcon.colcon_core.shell:Creating prefix util module '/root/ros_ws/install/_local_setup_util_ps1.py'
[21.333s] INFO:colcon.colcon_core.shell:Creating prefix chain script '/root/ros_ws/install/setup.ps1'
[21.334s] INFO:colcon.colcon_core.shell:Creating prefix script '/root/ros_ws/install/local_setup.sh'
[21.334s] INFO:colcon.colcon_core.shell:Creating prefix util module '/root/ros_ws/install/_local_setup_util_sh.py'
[21.334s] INFO:colcon.colcon_core.shell:Creating prefix chain script '/root/ros_ws/install/setup.sh'
[21.335s] INFO:colcon.colcon_core.shell:Creating prefix script '/root/ros_ws/install/local_setup.bash'
[21.336s] INFO:colcon.colcon_core.shell:Creating prefix chain script '/root/ros_ws/install/setup.bash'
[21.337s] INFO:colcon.colcon_core.shell:Creating prefix script '/root/ros_ws/install/local_setup.zsh'
[21.337s] INFO:colcon.colcon_core.shell:Creating prefix chain script '/root/ros_ws/install/setup.zsh'
