[0.067s] DEBUG:colcon:Command line arguments: ['/usr/bin/colcon', 'build']
[0.067s] DEBUG:colcon:Parsed command line arguments: Namespace(log_base=None, log_level=None, verb_name='build', build_base='build', install_base='install', merge_install=False, symlink_install=False, test_result_base=None, continue_on_error=False, executor='parallel', parallel_workers=16, event_handlers=None, ignore_user_meta=False, metas=['./colcon.meta'], base_paths=['.'], packages_ignore=None, packages_ignore_regex=None, paths=None, packages_up_to=None, packages_up_to_regex=None, packages_above=None, packages_above_and_dependencies=None, packages_above_depth=None, packages_select_by_dep=None, packages_skip_by_dep=None, packages_skip_up_to=None, packages_select_build_failed=False, packages_skip_build_finished=False, packages_select_test_failures=False, packages_skip_test_passed=False, packages_select=None, packages_skip=None, packages_select_regex=None, packages_skip_regex=None, packages_start=None, packages_end=None, cmake_args=None, cmake_target=None, cmake_target_skip_unavailable=False, cmake_clean_cache=False, cmake_clean_first=False, cmake_force_configure=False, ament_cmake_args=None, catkin_cmake_args=None, catkin_skip_building_tests=False, mixin_files=None, mixin=None, verb_parser=<colcon_mixin.mixin.mixin_argument.MixinArgumentDecorator object at 0x7e18ea661130>, verb_extension=<colcon_core.verb.build.BuildVerb object at 0x7e18ea660f20>, main=<bound method BuildVerb.main of <colcon_core.verb.build.BuildVerb object at 0x7e18ea660f20>>, mixin_verb=('build',))
[0.092s] Level 1:colcon.colcon_core.package_discovery:discover_packages(colcon_meta) check parameters
[0.093s] INFO:colcon.colcon_metadata.package_discovery.colcon_meta:Using configuration from '/root/.colcon/metadata/default/Gazebo.meta'
[0.093s] INFO:colcon.colcon_metadata.package_discovery.colcon_meta:Using configuration from '/root/.colcon/metadata/default/fastdds.meta'
[0.093s] INFO:colcon.colcon_metadata.package_discovery.colcon_meta:Using configuration from '/root/.colcon/metadata/default/fastrtps.meta'
[0.093s] Level 1:colcon.colcon_core.package_discovery:discover_packages(recursive) check parameters
[0.093s] Level 1:colcon.colcon_core.package_discovery:discover_packages(ignore) check parameters
[0.093s] Level 1:colcon.colcon_core.package_discovery:discover_packages(path) check parameters
[0.093s] Level 1:colcon.colcon_core.package_discovery:discover_packages(colcon_meta) discover
[0.093s] Level 1:colcon.colcon_core.package_discovery:discover_packages(recursive) discover
[0.093s] INFO:colcon.colcon_core.package_discovery:Crawling recursively for packages in '/root/ros_ws'
[0.093s] Level 1:colcon.colcon_core.package_identification:_identify(.) by extensions ['ignore', 'ignore_ament_install']
[0.093s] Level 1:colcon.colcon_core.package_identification:_identify(.) by extension 'ignore'
[0.094s] Level 1:colcon.colcon_core.package_identification:_identify(.) by extension 'ignore_ament_install'
[0.094s] Level 1:colcon.colcon_core.package_identification:_identify(.) by extensions ['colcon_pkg']
[0.094s] Level 1:colcon.colcon_core.package_identification:_identify(.) by extension 'colcon_pkg'
[0.094s] Level 1:colcon.colcon_core.package_identification:_identify(.) by extensions ['colcon_meta']
[0.094s] Level 1:colcon.colcon_core.package_identification:_identify(.) by extension 'colcon_meta'
[0.094s] Level 1:colcon.colcon_core.package_identification:_identify(.) by extensions ['ros']
[0.094s] Level 1:colcon.colcon_core.package_identification:_identify(.) by extension 'ros'
[0.110s] Level 1:colcon.colcon_core.package_identification:_identify(.) by extensions ['cmake', 'python']
[0.110s] Level 1:colcon.colcon_core.package_identification:_identify(.) by extension 'cmake'
[0.110s] Level 1:colcon.colcon_core.package_identification:_identify(.) by extension 'python'
[0.110s] Level 1:colcon.colcon_core.package_identification:_identify(.) by extensions ['python_setup_py']
[0.110s] Level 1:colcon.colcon_core.package_identification:_identify(.) by extension 'python_setup_py'
[0.110s] Level 1:colcon.colcon_core.package_identification:_identify(build) by extensions ['ignore', 'ignore_ament_install']
[0.110s] Level 1:colcon.colcon_core.package_identification:_identify(build) by extension 'ignore'
[0.110s] Level 1:colcon.colcon_core.package_identification:_identify(build) ignored
[0.110s] Level 1:colcon.colcon_core.package_identification:_identify(debug_logs) by extensions ['ignore', 'ignore_ament_install']
[0.110s] Level 1:colcon.colcon_core.package_identification:_identify(debug_logs) by extension 'ignore'
[0.110s] Level 1:colcon.colcon_core.package_identification:_identify(debug_logs) by extension 'ignore_ament_install'
[0.110s] Level 1:colcon.colcon_core.package_identification:_identify(debug_logs) by extensions ['colcon_pkg']
[0.110s] Level 1:colcon.colcon_core.package_identification:_identify(debug_logs) by extension 'colcon_pkg'
[0.110s] Level 1:colcon.colcon_core.package_identification:_identify(debug_logs) by extensions ['colcon_meta']
[0.110s] Level 1:colcon.colcon_core.package_identification:_identify(debug_logs) by extension 'colcon_meta'
[0.110s] Level 1:colcon.colcon_core.package_identification:_identify(debug_logs) by extensions ['ros']
[0.110s] Level 1:colcon.colcon_core.package_identification:_identify(debug_logs) by extension 'ros'
[0.110s] Level 1:colcon.colcon_core.package_identification:_identify(debug_logs) by extensions ['cmake', 'python']
[0.110s] Level 1:colcon.colcon_core.package_identification:_identify(debug_logs) by extension 'cmake'
[0.110s] Level 1:colcon.colcon_core.package_identification:_identify(debug_logs) by extension 'python'
[0.110s] Level 1:colcon.colcon_core.package_identification:_identify(debug_logs) by extensions ['python_setup_py']
[0.110s] Level 1:colcon.colcon_core.package_identification:_identify(debug_logs) by extension 'python_setup_py'
[0.110s] Level 1:colcon.colcon_core.package_identification:_identify(frames_view) by extensions ['ignore', 'ignore_ament_install']
[0.110s] Level 1:colcon.colcon_core.package_identification:_identify(frames_view) by extension 'ignore'
[0.110s] Level 1:colcon.colcon_core.package_identification:_identify(frames_view) by extension 'ignore_ament_install'
[0.110s] Level 1:colcon.colcon_core.package_identification:_identify(frames_view) by extensions ['colcon_pkg']
[0.110s] Level 1:colcon.colcon_core.package_identification:_identify(frames_view) by extension 'colcon_pkg'
[0.111s] Level 1:colcon.colcon_core.package_identification:_identify(frames_view) by extensions ['colcon_meta']
[0.111s] Level 1:colcon.colcon_core.package_identification:_identify(frames_view) by extension 'colcon_meta'
[0.111s] Level 1:colcon.colcon_core.package_identification:_identify(frames_view) by extensions ['ros']
[0.111s] Level 1:colcon.colcon_core.package_identification:_identify(frames_view) by extension 'ros'
[0.111s] Level 1:colcon.colcon_core.package_identification:_identify(frames_view) by extensions ['cmake', 'python']
[0.111s] Level 1:colcon.colcon_core.package_identification:_identify(frames_view) by extension 'cmake'
[0.111s] Level 1:colcon.colcon_core.package_identification:_identify(frames_view) by extension 'python'
[0.111s] Level 1:colcon.colcon_core.package_identification:_identify(frames_view) by extensions ['python_setup_py']
[0.111s] Level 1:colcon.colcon_core.package_identification:_identify(frames_view) by extension 'python_setup_py'
[0.111s] Level 1:colcon.colcon_core.package_identification:_identify(install) by extensions ['ignore', 'ignore_ament_install']
[0.111s] Level 1:colcon.colcon_core.package_identification:_identify(install) by extension 'ignore'
[0.111s] Level 1:colcon.colcon_core.package_identification:_identify(install) ignored
[0.111s] Level 1:colcon.colcon_core.package_identification:_identify(log) by extensions ['ignore', 'ignore_ament_install']
[0.111s] Level 1:colcon.colcon_core.package_identification:_identify(log) by extension 'ignore'
[0.111s] Level 1:colcon.colcon_core.package_identification:_identify(log) ignored
[0.111s] Level 1:colcon.colcon_core.package_identification:_identify(src) by extensions ['ignore', 'ignore_ament_install']
[0.111s] Level 1:colcon.colcon_core.package_identification:_identify(src) by extension 'ignore'
[0.111s] Level 1:colcon.colcon_core.package_identification:_identify(src) by extension 'ignore_ament_install'
[0.111s] Level 1:colcon.colcon_core.package_identification:_identify(src) by extensions ['colcon_pkg']
[0.111s] Level 1:colcon.colcon_core.package_identification:_identify(src) by extension 'colcon_pkg'
[0.111s] Level 1:colcon.colcon_core.package_identification:_identify(src) by extensions ['colcon_meta']
[0.111s] Level 1:colcon.colcon_core.package_identification:_identify(src) by extension 'colcon_meta'
[0.111s] Level 1:colcon.colcon_core.package_identification:_identify(src) by extensions ['ros']
[0.111s] Level 1:colcon.colcon_core.package_identification:_identify(src) by extension 'ros'
[0.111s] Level 1:colcon.colcon_core.package_identification:_identify(src) by extensions ['cmake', 'python']
[0.111s] Level 1:colcon.colcon_core.package_identification:_identify(src) by extension 'cmake'
[0.111s] Level 1:colcon.colcon_core.package_identification:_identify(src) by extension 'python'
[0.111s] Level 1:colcon.colcon_core.package_identification:_identify(src) by extensions ['python_setup_py']
[0.111s] Level 1:colcon.colcon_core.package_identification:_identify(src) by extension 'python_setup_py'
[0.111s] Level 1:colcon.colcon_core.package_identification:_identify(src/tb3_multi_nav) by extensions ['ignore', 'ignore_ament_install']
[0.111s] Level 1:colcon.colcon_core.package_identification:_identify(src/tb3_multi_nav) by extension 'ignore'
[0.111s] Level 1:colcon.colcon_core.package_identification:_identify(src/tb3_multi_nav) by extension 'ignore_ament_install'
[0.111s] Level 1:colcon.colcon_core.package_identification:_identify(src/tb3_multi_nav) by extensions ['colcon_pkg']
[0.111s] Level 1:colcon.colcon_core.package_identification:_identify(src/tb3_multi_nav) by extension 'colcon_pkg'
[0.111s] Level 1:colcon.colcon_core.package_identification:_identify(src/tb3_multi_nav) by extensions ['colcon_meta']
[0.112s] Level 1:colcon.colcon_core.package_identification:_identify(src/tb3_multi_nav) by extension 'colcon_meta'
[0.112s] Level 1:colcon.colcon_core.package_identification:_identify(src/tb3_multi_nav) by extensions ['ros']
[0.112s] Level 1:colcon.colcon_core.package_identification:_identify(src/tb3_multi_nav) by extension 'ros'
[0.113s] DEBUG:colcon.colcon_core.package_identification:Package 'src/tb3_multi_nav' with type 'ros.ament_python' and name 'tb3_multi_nav'
[0.113s] Level 1:colcon.colcon_core.package_identification:_identify(src/turtlebot3-jazzy) by extensions ['ignore', 'ignore_ament_install']
[0.113s] Level 1:colcon.colcon_core.package_identification:_identify(src/turtlebot3-jazzy) by extension 'ignore'
[0.113s] Level 1:colcon.colcon_core.package_identification:_identify(src/turtlebot3-jazzy) by extension 'ignore_ament_install'
[0.113s] Level 1:colcon.colcon_core.package_identification:_identify(src/turtlebot3-jazzy) by extensions ['colcon_pkg']
[0.113s] Level 1:colcon.colcon_core.package_identification:_identify(src/turtlebot3-jazzy) by extension 'colcon_pkg'
[0.113s] Level 1:colcon.colcon_core.package_identification:_identify(src/turtlebot3-jazzy) by extensions ['colcon_meta']
[0.113s] Level 1:colcon.colcon_core.package_identification:_identify(src/turtlebot3-jazzy) by extension 'colcon_meta'
[0.113s] Level 1:colcon.colcon_core.package_identification:_identify(src/turtlebot3-jazzy) by extensions ['ros']
[0.113s] Level 1:colcon.colcon_core.package_identification:_identify(src/turtlebot3-jazzy) by extension 'ros'
[0.113s] Level 1:colcon.colcon_core.package_identification:_identify(src/turtlebot3-jazzy) by extensions ['cmake', 'python']
[0.113s] Level 1:colcon.colcon_core.package_identification:_identify(src/turtlebot3-jazzy) by extension 'cmake'
[0.113s] Level 1:colcon.colcon_core.package_identification:_identify(src/turtlebot3-jazzy) by extension 'python'
[0.113s] Level 1:colcon.colcon_core.package_identification:_identify(src/turtlebot3-jazzy) by extensions ['python_setup_py']
[0.113s] Level 1:colcon.colcon_core.package_identification:_identify(src/turtlebot3-jazzy) by extension 'python_setup_py'
[0.113s] Level 1:colcon.colcon_core.package_identification:_identify(src/turtlebot3-jazzy/turtlebot3) by extensions ['ignore', 'ignore_ament_install']
[0.113s] Level 1:colcon.colcon_core.package_identification:_identify(src/turtlebot3-jazzy/turtlebot3) by extension 'ignore'
[0.114s] Level 1:colcon.colcon_core.package_identification:_identify(src/turtlebot3-jazzy/turtlebot3) by extension 'ignore_ament_install'
[0.114s] Level 1:colcon.colcon_core.package_identification:_identify(src/turtlebot3-jazzy/turtlebot3) by extensions ['colcon_pkg']
[0.114s] Level 1:colcon.colcon_core.package_identification:_identify(src/turtlebot3-jazzy/turtlebot3) by extension 'colcon_pkg'
[0.114s] Level 1:colcon.colcon_core.package_identification:_identify(src/turtlebot3-jazzy/turtlebot3) by extensions ['colcon_meta']
[0.114s] Level 1:colcon.colcon_core.package_identification:_identify(src/turtlebot3-jazzy/turtlebot3) by extension 'colcon_meta'
[0.114s] Level 1:colcon.colcon_core.package_identification:_identify(src/turtlebot3-jazzy/turtlebot3) by extensions ['ros']
[0.114s] Level 1:colcon.colcon_core.package_identification:_identify(src/turtlebot3-jazzy/turtlebot3) by extension 'ros'
[0.114s] DEBUG:colcon.colcon_core.package_identification:Package 'src/turtlebot3-jazzy/turtlebot3' with type 'ros.ament_cmake' and name 'turtlebot3'
[0.114s] Level 1:colcon.colcon_core.package_identification:_identify(src/turtlebot3-jazzy/turtlebot3_bringup) by extensions ['ignore', 'ignore_ament_install']
[0.114s] Level 1:colcon.colcon_core.package_identification:_identify(src/turtlebot3-jazzy/turtlebot3_bringup) by extension 'ignore'
[0.114s] Level 1:colcon.colcon_core.package_identification:_identify(src/turtlebot3-jazzy/turtlebot3_bringup) by extension 'ignore_ament_install'
[0.114s] Level 1:colcon.colcon_core.package_identification:_identify(src/turtlebot3-jazzy/turtlebot3_bringup) by extensions ['colcon_pkg']
[0.114s] Level 1:colcon.colcon_core.package_identification:_identify(src/turtlebot3-jazzy/turtlebot3_bringup) by extension 'colcon_pkg'
[0.114s] Level 1:colcon.colcon_core.package_identification:_identify(src/turtlebot3-jazzy/turtlebot3_bringup) by extensions ['colcon_meta']
[0.114s] Level 1:colcon.colcon_core.package_identification:_identify(src/turtlebot3-jazzy/turtlebot3_bringup) by extension 'colcon_meta'
[0.114s] Level 1:colcon.colcon_core.package_identification:_identify(src/turtlebot3-jazzy/turtlebot3_bringup) by extensions ['ros']
[0.114s] Level 1:colcon.colcon_core.package_identification:_identify(src/turtlebot3-jazzy/turtlebot3_bringup) by extension 'ros'
[0.115s] DEBUG:colcon.colcon_core.package_identification:Package 'src/turtlebot3-jazzy/turtlebot3_bringup' with type 'ros.ament_cmake' and name 'turtlebot3_bringup'
[0.115s] Level 1:colcon.colcon_core.package_identification:_identify(src/turtlebot3-jazzy/turtlebot3_cartographer) by extensions ['ignore', 'ignore_ament_install']
[0.115s] Level 1:colcon.colcon_core.package_identification:_identify(src/turtlebot3-jazzy/turtlebot3_cartographer) by extension 'ignore'
[0.115s] Level 1:colcon.colcon_core.package_identification:_identify(src/turtlebot3-jazzy/turtlebot3_cartographer) by extension 'ignore_ament_install'
[0.115s] Level 1:colcon.colcon_core.package_identification:_identify(src/turtlebot3-jazzy/turtlebot3_cartographer) by extensions ['colcon_pkg']
[0.115s] Level 1:colcon.colcon_core.package_identification:_identify(src/turtlebot3-jazzy/turtlebot3_cartographer) by extension 'colcon_pkg'
[0.115s] Level 1:colcon.colcon_core.package_identification:_identify(src/turtlebot3-jazzy/turtlebot3_cartographer) by extensions ['colcon_meta']
[0.115s] Level 1:colcon.colcon_core.package_identification:_identify(src/turtlebot3-jazzy/turtlebot3_cartographer) by extension 'colcon_meta'
[0.115s] Level 1:colcon.colcon_core.package_identification:_identify(src/turtlebot3-jazzy/turtlebot3_cartographer) by extensions ['ros']
[0.115s] Level 1:colcon.colcon_core.package_identification:_identify(src/turtlebot3-jazzy/turtlebot3_cartographer) by extension 'ros'
[0.115s] DEBUG:colcon.colcon_core.package_identification:Package 'src/turtlebot3-jazzy/turtlebot3_cartographer' with type 'ros.ament_cmake' and name 'turtlebot3_cartographer'
[0.115s] Level 1:colcon.colcon_core.package_identification:_identify(src/turtlebot3-jazzy/turtlebot3_description) by extensions ['ignore', 'ignore_ament_install']
[0.115s] Level 1:colcon.colcon_core.package_identification:_identify(src/turtlebot3-jazzy/turtlebot3_description) by extension 'ignore'
[0.115s] Level 1:colcon.colcon_core.package_identification:_identify(src/turtlebot3-jazzy/turtlebot3_description) by extension 'ignore_ament_install'
[0.115s] Level 1:colcon.colcon_core.package_identification:_identify(src/turtlebot3-jazzy/turtlebot3_description) by extensions ['colcon_pkg']
[0.115s] Level 1:colcon.colcon_core.package_identification:_identify(src/turtlebot3-jazzy/turtlebot3_description) by extension 'colcon_pkg'
[0.115s] Level 1:colcon.colcon_core.package_identification:_identify(src/turtlebot3-jazzy/turtlebot3_description) by extensions ['colcon_meta']
[0.115s] Level 1:colcon.colcon_core.package_identification:_identify(src/turtlebot3-jazzy/turtlebot3_description) by extension 'colcon_meta'
[0.115s] Level 1:colcon.colcon_core.package_identification:_identify(src/turtlebot3-jazzy/turtlebot3_description) by extensions ['ros']
[0.115s] Level 1:colcon.colcon_core.package_identification:_identify(src/turtlebot3-jazzy/turtlebot3_description) by extension 'ros'
[0.116s] DEBUG:colcon.colcon_core.package_identification:Package 'src/turtlebot3-jazzy/turtlebot3_description' with type 'ros.ament_cmake' and name 'turtlebot3_description'
[0.116s] Level 1:colcon.colcon_core.package_identification:_identify(src/turtlebot3-jazzy/turtlebot3_example) by extensions ['ignore', 'ignore_ament_install']
[0.116s] Level 1:colcon.colcon_core.package_identification:_identify(src/turtlebot3-jazzy/turtlebot3_example) by extension 'ignore'
[0.116s] Level 1:colcon.colcon_core.package_identification:_identify(src/turtlebot3-jazzy/turtlebot3_example) by extension 'ignore_ament_install'
[0.116s] Level 1:colcon.colcon_core.package_identification:_identify(src/turtlebot3-jazzy/turtlebot3_example) by extensions ['colcon_pkg']
[0.116s] Level 1:colcon.colcon_core.package_identification:_identify(src/turtlebot3-jazzy/turtlebot3_example) by extension 'colcon_pkg'
[0.116s] Level 1:colcon.colcon_core.package_identification:_identify(src/turtlebot3-jazzy/turtlebot3_example) by extensions ['colcon_meta']
[0.116s] Level 1:colcon.colcon_core.package_identification:_identify(src/turtlebot3-jazzy/turtlebot3_example) by extension 'colcon_meta'
[0.116s] Level 1:colcon.colcon_core.package_identification:_identify(src/turtlebot3-jazzy/turtlebot3_example) by extensions ['ros']
[0.116s] Level 1:colcon.colcon_core.package_identification:_identify(src/turtlebot3-jazzy/turtlebot3_example) by extension 'ros'
[0.116s] DEBUG:colcon.colcon_core.package_identification:Package 'src/turtlebot3-jazzy/turtlebot3_example' with type 'ros.ament_python' and name 'turtlebot3_example'
[0.116s] Level 1:colcon.colcon_core.package_identification:_identify(src/turtlebot3-jazzy/turtlebot3_navigation2) by extensions ['ignore', 'ignore_ament_install']
[0.117s] Level 1:colcon.colcon_core.package_identification:_identify(src/turtlebot3-jazzy/turtlebot3_navigation2) by extension 'ignore'
[0.117s] Level 1:colcon.colcon_core.package_identification:_identify(src/turtlebot3-jazzy/turtlebot3_navigation2) by extension 'ignore_ament_install'
[0.117s] Level 1:colcon.colcon_core.package_identification:_identify(src/turtlebot3-jazzy/turtlebot3_navigation2) by extensions ['colcon_pkg']
[0.117s] Level 1:colcon.colcon_core.package_identification:_identify(src/turtlebot3-jazzy/turtlebot3_navigation2) by extension 'colcon_pkg'
[0.117s] Level 1:colcon.colcon_core.package_identification:_identify(src/turtlebot3-jazzy/turtlebot3_navigation2) by extensions ['colcon_meta']
[0.117s] Level 1:colcon.colcon_core.package_identification:_identify(src/turtlebot3-jazzy/turtlebot3_navigation2) by extension 'colcon_meta'
[0.117s] Level 1:colcon.colcon_core.package_identification:_identify(src/turtlebot3-jazzy/turtlebot3_navigation2) by extensions ['ros']
[0.117s] Level 1:colcon.colcon_core.package_identification:_identify(src/turtlebot3-jazzy/turtlebot3_navigation2) by extension 'ros'
[0.117s] DEBUG:colcon.colcon_core.package_identification:Package 'src/turtlebot3-jazzy/turtlebot3_navigation2' with type 'ros.ament_cmake' and name 'turtlebot3_navigation2'
[0.117s] Level 1:colcon.colcon_core.package_identification:_identify(src/turtlebot3-jazzy/turtlebot3_node) by extensions ['ignore', 'ignore_ament_install']
[0.117s] Level 1:colcon.colcon_core.package_identification:_identify(src/turtlebot3-jazzy/turtlebot3_node) by extension 'ignore'
[0.117s] Level 1:colcon.colcon_core.package_identification:_identify(src/turtlebot3-jazzy/turtlebot3_node) by extension 'ignore_ament_install'
[0.117s] Level 1:colcon.colcon_core.package_identification:_identify(src/turtlebot3-jazzy/turtlebot3_node) by extensions ['colcon_pkg']
[0.117s] Level 1:colcon.colcon_core.package_identification:_identify(src/turtlebot3-jazzy/turtlebot3_node) by extension 'colcon_pkg'
[0.117s] Level 1:colcon.colcon_core.package_identification:_identify(src/turtlebot3-jazzy/turtlebot3_node) by extensions ['colcon_meta']
[0.117s] Level 1:colcon.colcon_core.package_identification:_identify(src/turtlebot3-jazzy/turtlebot3_node) by extension 'colcon_meta'
[0.117s] Level 1:colcon.colcon_core.package_identification:_identify(src/turtlebot3-jazzy/turtlebot3_node) by extensions ['ros']
[0.117s] Level 1:colcon.colcon_core.package_identification:_identify(src/turtlebot3-jazzy/turtlebot3_node) by extension 'ros'
[0.118s] DEBUG:colcon.colcon_core.package_identification:Package 'src/turtlebot3-jazzy/turtlebot3_node' with type 'ros.ament_cmake' and name 'turtlebot3_node'
[0.118s] Level 1:colcon.colcon_core.package_identification:_identify(src/turtlebot3-jazzy/turtlebot3_teleop) by extensions ['ignore', 'ignore_ament_install']
[0.118s] Level 1:colcon.colcon_core.package_identification:_identify(src/turtlebot3-jazzy/turtlebot3_teleop) by extension 'ignore'
[0.118s] Level 1:colcon.colcon_core.package_identification:_identify(src/turtlebot3-jazzy/turtlebot3_teleop) by extension 'ignore_ament_install'
[0.118s] Level 1:colcon.colcon_core.package_identification:_identify(src/turtlebot3-jazzy/turtlebot3_teleop) by extensions ['colcon_pkg']
[0.118s] Level 1:colcon.colcon_core.package_identification:_identify(src/turtlebot3-jazzy/turtlebot3_teleop) by extension 'colcon_pkg'
[0.118s] Level 1:colcon.colcon_core.package_identification:_identify(src/turtlebot3-jazzy/turtlebot3_teleop) by extensions ['colcon_meta']
[0.118s] Level 1:colcon.colcon_core.package_identification:_identify(src/turtlebot3-jazzy/turtlebot3_teleop) by extension 'colcon_meta'
[0.118s] Level 1:colcon.colcon_core.package_identification:_identify(src/turtlebot3-jazzy/turtlebot3_teleop) by extensions ['ros']
[0.118s] Level 1:colcon.colcon_core.package_identification:_identify(src/turtlebot3-jazzy/turtlebot3_teleop) by extension 'ros'
[0.118s] DEBUG:colcon.colcon_core.package_identification:Package 'src/turtlebot3-jazzy/turtlebot3_teleop' with type 'ros.ament_python' and name 'turtlebot3_teleop'
[0.118s] Level 1:colcon.colcon_core.package_identification:_identify(src/turtlebot3_gazebo) by extensions ['ignore', 'ignore_ament_install']
[0.118s] Level 1:colcon.colcon_core.package_identification:_identify(src/turtlebot3_gazebo) by extension 'ignore'
[0.118s] Level 1:colcon.colcon_core.package_identification:_identify(src/turtlebot3_gazebo) by extension 'ignore_ament_install'
[0.118s] Level 1:colcon.colcon_core.package_identification:_identify(src/turtlebot3_gazebo) by extensions ['colcon_pkg']
[0.118s] Level 1:colcon.colcon_core.package_identification:_identify(src/turtlebot3_gazebo) by extension 'colcon_pkg'
[0.119s] Level 1:colcon.colcon_core.package_identification:_identify(src/turtlebot3_gazebo) by extensions ['colcon_meta']
[0.119s] Level 1:colcon.colcon_core.package_identification:_identify(src/turtlebot3_gazebo) by extension 'colcon_meta'
[0.119s] Level 1:colcon.colcon_core.package_identification:_identify(src/turtlebot3_gazebo) by extensions ['ros']
[0.119s] Level 1:colcon.colcon_core.package_identification:_identify(src/turtlebot3_gazebo) by extension 'ros'
[0.119s] DEBUG:colcon.colcon_core.package_identification:Package 'src/turtlebot3_gazebo' with type 'ros.ament_cmake' and name 'turtlebot3_gazebo'
[0.119s] Level 1:colcon.colcon_core.package_identification:_identify(tag_metrics) by extensions ['ignore', 'ignore_ament_install']
[0.119s] Level 1:colcon.colcon_core.package_identification:_identify(tag_metrics) by extension 'ignore'
[0.119s] Level 1:colcon.colcon_core.package_identification:_identify(tag_metrics) by extension 'ignore_ament_install'
[0.119s] Level 1:colcon.colcon_core.package_identification:_identify(tag_metrics) by extensions ['colcon_pkg']
[0.119s] Level 1:colcon.colcon_core.package_identification:_identify(tag_metrics) by extension 'colcon_pkg'
[0.119s] Level 1:colcon.colcon_core.package_identification:_identify(tag_metrics) by extensions ['colcon_meta']
[0.119s] Level 1:colcon.colcon_core.package_identification:_identify(tag_metrics) by extension 'colcon_meta'
[0.119s] Level 1:colcon.colcon_core.package_identification:_identify(tag_metrics) by extensions ['ros']
[0.119s] Level 1:colcon.colcon_core.package_identification:_identify(tag_metrics) by extension 'ros'
[0.119s] Level 1:colcon.colcon_core.package_identification:_identify(tag_metrics) by extensions ['cmake', 'python']
[0.119s] Level 1:colcon.colcon_core.package_identification:_identify(tag_metrics) by extension 'cmake'
[0.119s] Level 1:colcon.colcon_core.package_identification:_identify(tag_metrics) by extension 'python'
[0.119s] Level 1:colcon.colcon_core.package_identification:_identify(tag_metrics) by extensions ['python_setup_py']
[0.119s] Level 1:colcon.colcon_core.package_identification:_identify(tag_metrics) by extension 'python_setup_py'
[0.119s] Level 1:colcon.colcon_core.package_discovery:discover_packages(recursive) using defaults
[0.119s] Level 1:colcon.colcon_core.package_discovery:discover_packages(ignore) discover
[0.120s] Level 1:colcon.colcon_core.package_discovery:discover_packages(ignore) using defaults
[0.120s] Level 1:colcon.colcon_core.package_discovery:discover_packages(path) discover
[0.120s] Level 1:colcon.colcon_core.package_discovery:discover_packages(path) using defaults
[0.131s] Level 5:colcon.colcon_core.verb:set package 'tb3_multi_nav' build argument 'cmake_args' from command line to 'None'
[0.131s] Level 5:colcon.colcon_core.verb:set package 'tb3_multi_nav' build argument 'cmake_target' from command line to 'None'
[0.131s] Level 5:colcon.colcon_core.verb:set package 'tb3_multi_nav' build argument 'cmake_target_skip_unavailable' from command line to 'False'
[0.131s] Level 5:colcon.colcon_core.verb:set package 'tb3_multi_nav' build argument 'cmake_clean_cache' from command line to 'False'
[0.132s] Level 5:colcon.colcon_core.verb:set package 'tb3_multi_nav' build argument 'cmake_clean_first' from command line to 'False'
[0.132s] Level 5:colcon.colcon_core.verb:set package 'tb3_multi_nav' build argument 'cmake_force_configure' from command line to 'False'
[0.132s] Level 5:colcon.colcon_core.verb:set package 'tb3_multi_nav' build argument 'ament_cmake_args' from command line to 'None'
[0.132s] Level 5:colcon.colcon_core.verb:set package 'tb3_multi_nav' build argument 'catkin_cmake_args' from command line to 'None'
[0.132s] Level 5:colcon.colcon_core.verb:set package 'tb3_multi_nav' build argument 'catkin_skip_building_tests' from command line to 'False'
[0.132s] DEBUG:colcon.colcon_core.verb:Building package 'tb3_multi_nav' with the following arguments: {'ament_cmake_args': None, 'build_base': '/root/ros_ws/build/tb3_multi_nav', 'catkin_cmake_args': None, 'catkin_skip_building_tests': False, 'cmake_args': None, 'cmake_clean_cache': False, 'cmake_clean_first': False, 'cmake_force_configure': False, 'cmake_target': None, 'cmake_target_skip_unavailable': False, 'install_base': '/root/ros_ws/install/tb3_multi_nav', 'merge_install': False, 'path': '/root/ros_ws/src/tb3_multi_nav', 'symlink_install': False, 'test_result_base': None}
[0.132s] Level 5:colcon.colcon_core.verb:set package 'turtlebot3_cartographer' build argument 'cmake_args' from command line to 'None'
[0.132s] Level 5:colcon.colcon_core.verb:set package 'turtlebot3_cartographer' build argument 'cmake_target' from command line to 'None'
[0.132s] Level 5:colcon.colcon_core.verb:set package 'turtlebot3_cartographer' build argument 'cmake_target_skip_unavailable' from command line to 'False'
[0.132s] Level 5:colcon.colcon_core.verb:set package 'turtlebot3_cartographer' build argument 'cmake_clean_cache' from command line to 'False'
[0.132s] Level 5:colcon.colcon_core.verb:set package 'turtlebot3_cartographer' build argument 'cmake_clean_first' from command line to 'False'
[0.132s] Level 5:colcon.colcon_core.verb:set package 'turtlebot3_cartographer' build argument 'cmake_force_configure' from command line to 'False'
[0.132s] Level 5:colcon.colcon_core.verb:set package 'turtlebot3_cartographer' build argument 'ament_cmake_args' from command line to 'None'
[0.132s] Level 5:colcon.colcon_core.verb:set package 'turtlebot3_cartographer' build argument 'catkin_cmake_args' from command line to 'None'
[0.132s] Level 5:colcon.colcon_core.verb:set package 'turtlebot3_cartographer' build argument 'catkin_skip_building_tests' from command line to 'False'
[0.132s] DEBUG:colcon.colcon_core.verb:Building package 'turtlebot3_cartographer' with the following arguments: {'ament_cmake_args': None, 'build_base': '/root/ros_ws/build/turtlebot3_cartographer', 'catkin_cmake_args': None, 'catkin_skip_building_tests': False, 'cmake_args': None, 'cmake_clean_cache': False, 'cmake_clean_first': False, 'cmake_force_configure': False, 'cmake_target': None, 'cmake_target_skip_unavailable': False, 'install_base': '/root/ros_ws/install/turtlebot3_cartographer', 'merge_install': False, 'path': '/root/ros_ws/src/turtlebot3-jazzy/turtlebot3_cartographer', 'symlink_install': False, 'test_result_base': None}
[0.132s] Level 5:colcon.colcon_core.verb:set package 'turtlebot3_description' build argument 'cmake_args' from command line to 'None'
[0.132s] Level 5:colcon.colcon_core.verb:set package 'turtlebot3_description' build argument 'cmake_target' from command line to 'None'
[0.132s] Level 5:colcon.colcon_core.verb:set package 'turtlebot3_description' build argument 'cmake_target_skip_unavailable' from command line to 'False'
[0.132s] Level 5:colcon.colcon_core.verb:set package 'turtlebot3_description' build argument 'cmake_clean_cache' from command line to 'False'
[0.132s] Level 5:colcon.colcon_core.verb:set package 'turtlebot3_description' build argument 'cmake_clean_first' from command line to 'False'
[0.132s] Level 5:colcon.colcon_core.verb:set package 'turtlebot3_description' build argument 'cmake_force_configure' from command line to 'False'
[0.132s] Level 5:colcon.colcon_core.verb:set package 'turtlebot3_description' build argument 'ament_cmake_args' from command line to 'None'
[0.132s] Level 5:colcon.colcon_core.verb:set package 'turtlebot3_description' build argument 'catkin_cmake_args' from command line to 'None'
[0.132s] Level 5:colcon.colcon_core.verb:set package 'turtlebot3_description' build argument 'catkin_skip_building_tests' from command line to 'False'
[0.132s] DEBUG:colcon.colcon_core.verb:Building package 'turtlebot3_description' with the following arguments: {'ament_cmake_args': None, 'build_base': '/root/ros_ws/build/turtlebot3_description', 'catkin_cmake_args': None, 'catkin_skip_building_tests': False, 'cmake_args': None, 'cmake_clean_cache': False, 'cmake_clean_first': False, 'cmake_force_configure': False, 'cmake_target': None, 'cmake_target_skip_unavailable': False, 'install_base': '/root/ros_ws/install/turtlebot3_description', 'merge_install': False, 'path': '/root/ros_ws/src/turtlebot3-jazzy/turtlebot3_description', 'symlink_install': False, 'test_result_base': None}
[0.132s] Level 5:colcon.colcon_core.verb:set package 'turtlebot3_example' build argument 'cmake_args' from command line to 'None'
[0.132s] Level 5:colcon.colcon_core.verb:set package 'turtlebot3_example' build argument 'cmake_target' from command line to 'None'
[0.132s] Level 5:colcon.colcon_core.verb:set package 'turtlebot3_example' build argument 'cmake_target_skip_unavailable' from command line to 'False'
[0.132s] Level 5:colcon.colcon_core.verb:set package 'turtlebot3_example' build argument 'cmake_clean_cache' from command line to 'False'
[0.132s] Level 5:colcon.colcon_core.verb:set package 'turtlebot3_example' build argument 'cmake_clean_first' from command line to 'False'
[0.132s] Level 5:colcon.colcon_core.verb:set package 'turtlebot3_example' build argument 'cmake_force_configure' from command line to 'False'
[0.132s] Level 5:colcon.colcon_core.verb:set package 'turtlebot3_example' build argument 'ament_cmake_args' from command line to 'None'
[0.132s] Level 5:colcon.colcon_core.verb:set package 'turtlebot3_example' build argument 'catkin_cmake_args' from command line to 'None'
[0.132s] Level 5:colcon.colcon_core.verb:set package 'turtlebot3_example' build argument 'catkin_skip_building_tests' from command line to 'False'
[0.132s] DEBUG:colcon.colcon_core.verb:Building package 'turtlebot3_example' with the following arguments: {'ament_cmake_args': None, 'build_base': '/root/ros_ws/build/turtlebot3_example', 'catkin_cmake_args': None, 'catkin_skip_building_tests': False, 'cmake_args': None, 'cmake_clean_cache': False, 'cmake_clean_first': False, 'cmake_force_configure': False, 'cmake_target': None, 'cmake_target_skip_unavailable': False, 'install_base': '/root/ros_ws/install/turtlebot3_example', 'merge_install': False, 'path': '/root/ros_ws/src/turtlebot3-jazzy/turtlebot3_example', 'symlink_install': False, 'test_result_base': None}
[0.132s] Level 5:colcon.colcon_core.verb:set package 'turtlebot3_gazebo' build argument 'cmake_args' from command line to 'None'
[0.132s] Level 5:colcon.colcon_core.verb:set package 'turtlebot3_gazebo' build argument 'cmake_target' from command line to 'None'
[0.133s] Level 5:colcon.colcon_core.verb:set package 'turtlebot3_gazebo' build argument 'cmake_target_skip_unavailable' from command line to 'False'
[0.133s] Level 5:colcon.colcon_core.verb:set package 'turtlebot3_gazebo' build argument 'cmake_clean_cache' from command line to 'False'
[0.133s] Level 5:colcon.colcon_core.verb:set package 'turtlebot3_gazebo' build argument 'cmake_clean_first' from command line to 'False'
[0.133s] Level 5:colcon.colcon_core.verb:set package 'turtlebot3_gazebo' build argument 'cmake_force_configure' from command line to 'False'
[0.133s] Level 5:colcon.colcon_core.verb:set package 'turtlebot3_gazebo' build argument 'ament_cmake_args' from command line to 'None'
[0.133s] Level 5:colcon.colcon_core.verb:set package 'turtlebot3_gazebo' build argument 'catkin_cmake_args' from command line to 'None'
[0.133s] Level 5:colcon.colcon_core.verb:set package 'turtlebot3_gazebo' build argument 'catkin_skip_building_tests' from command line to 'False'
[0.133s] DEBUG:colcon.colcon_core.verb:Building package 'turtlebot3_gazebo' with the following arguments: {'ament_cmake_args': None, 'build_base': '/root/ros_ws/build/turtlebot3_gazebo', 'catkin_cmake_args': None, 'catkin_skip_building_tests': False, 'cmake_args': None, 'cmake_clean_cache': False, 'cmake_clean_first': False, 'cmake_force_configure': False, 'cmake_target': None, 'cmake_target_skip_unavailable': False, 'install_base': '/root/ros_ws/install/turtlebot3_gazebo', 'merge_install': False, 'path': '/root/ros_ws/src/turtlebot3_gazebo', 'symlink_install': False, 'test_result_base': None}
[0.133s] Level 5:colcon.colcon_core.verb:set package 'turtlebot3_navigation2' build argument 'cmake_args' from command line to 'None'
[0.133s] Level 5:colcon.colcon_core.verb:set package 'turtlebot3_navigation2' build argument 'cmake_target' from command line to 'None'
[0.133s] Level 5:colcon.colcon_core.verb:set package 'turtlebot3_navigation2' build argument 'cmake_target_skip_unavailable' from command line to 'False'
[0.133s] Level 5:colcon.colcon_core.verb:set package 'turtlebot3_navigation2' build argument 'cmake_clean_cache' from command line to 'False'
[0.133s] Level 5:colcon.colcon_core.verb:set package 'turtlebot3_navigation2' build argument 'cmake_clean_first' from command line to 'False'
[0.133s] Level 5:colcon.colcon_core.verb:set package 'turtlebot3_navigation2' build argument 'cmake_force_configure' from command line to 'False'
[0.133s] Level 5:colcon.colcon_core.verb:set package 'turtlebot3_navigation2' build argument 'ament_cmake_args' from command line to 'None'
[0.133s] Level 5:colcon.colcon_core.verb:set package 'turtlebot3_navigation2' build argument 'catkin_cmake_args' from command line to 'None'
[0.133s] Level 5:colcon.colcon_core.verb:set package 'turtlebot3_navigation2' build argument 'catkin_skip_building_tests' from command line to 'False'
[0.133s] DEBUG:colcon.colcon_core.verb:Building package 'turtlebot3_navigation2' with the following arguments: {'ament_cmake_args': None, 'build_base': '/root/ros_ws/build/turtlebot3_navigation2', 'catkin_cmake_args': None, 'catkin_skip_building_tests': False, 'cmake_args': None, 'cmake_clean_cache': False, 'cmake_clean_first': False, 'cmake_force_configure': False, 'cmake_target': None, 'cmake_target_skip_unavailable': False, 'install_base': '/root/ros_ws/install/turtlebot3_navigation2', 'merge_install': False, 'path': '/root/ros_ws/src/turtlebot3-jazzy/turtlebot3_navigation2', 'symlink_install': False, 'test_result_base': None}
[0.133s] Level 5:colcon.colcon_core.verb:set package 'turtlebot3_node' build argument 'cmake_args' from command line to 'None'
[0.133s] Level 5:colcon.colcon_core.verb:set package 'turtlebot3_node' build argument 'cmake_target' from command line to 'None'
[0.133s] Level 5:colcon.colcon_core.verb:set package 'turtlebot3_node' build argument 'cmake_target_skip_unavailable' from command line to 'False'
[0.133s] Level 5:colcon.colcon_core.verb:set package 'turtlebot3_node' build argument 'cmake_clean_cache' from command line to 'False'
[0.133s] Level 5:colcon.colcon_core.verb:set package 'turtlebot3_node' build argument 'cmake_clean_first' from command line to 'False'
[0.133s] Level 5:colcon.colcon_core.verb:set package 'turtlebot3_node' build argument 'cmake_force_configure' from command line to 'False'
[0.133s] Level 5:colcon.colcon_core.verb:set package 'turtlebot3_node' build argument 'ament_cmake_args' from command line to 'None'
[0.133s] Level 5:colcon.colcon_core.verb:set package 'turtlebot3_node' build argument 'catkin_cmake_args' from command line to 'None'
[0.133s] Level 5:colcon.colcon_core.verb:set package 'turtlebot3_node' build argument 'catkin_skip_building_tests' from command line to 'False'
[0.133s] DEBUG:colcon.colcon_core.verb:Building package 'turtlebot3_node' with the following arguments: {'ament_cmake_args': None, 'build_base': '/root/ros_ws/build/turtlebot3_node', 'catkin_cmake_args': None, 'catkin_skip_building_tests': False, 'cmake_args': None, 'cmake_clean_cache': False, 'cmake_clean_first': False, 'cmake_force_configure': False, 'cmake_target': None, 'cmake_target_skip_unavailable': False, 'install_base': '/root/ros_ws/install/turtlebot3_node', 'merge_install': False, 'path': '/root/ros_ws/src/turtlebot3-jazzy/turtlebot3_node', 'symlink_install': False, 'test_result_base': None}
[0.133s] Level 5:colcon.colcon_core.verb:set package 'turtlebot3_teleop' build argument 'cmake_args' from command line to 'None'
[0.133s] Level 5:colcon.colcon_core.verb:set package 'turtlebot3_teleop' build argument 'cmake_target' from command line to 'None'
[0.133s] Level 5:colcon.colcon_core.verb:set package 'turtlebot3_teleop' build argument 'cmake_target_skip_unavailable' from command line to 'False'
[0.133s] Level 5:colcon.colcon_core.verb:set package 'turtlebot3_teleop' build argument 'cmake_clean_cache' from command line to 'False'
[0.133s] Level 5:colcon.colcon_core.verb:set package 'turtlebot3_teleop' build argument 'cmake_clean_first' from command line to 'False'
[0.133s] Level 5:colcon.colcon_core.verb:set package 'turtlebot3_teleop' build argument 'cmake_force_configure' from command line to 'False'
[0.133s] Level 5:colcon.colcon_core.verb:set package 'turtlebot3_teleop' build argument 'ament_cmake_args' from command line to 'None'
[0.133s] Level 5:colcon.colcon_core.verb:set package 'turtlebot3_teleop' build argument 'catkin_cmake_args' from command line to 'None'
[0.133s] Level 5:colcon.colcon_core.verb:set package 'turtlebot3_teleop' build argument 'catkin_skip_building_tests' from command line to 'False'
[0.133s] DEBUG:colcon.colcon_core.verb:Building package 'turtlebot3_teleop' with the following arguments: {'ament_cmake_args': None, 'build_base': '/root/ros_ws/build/turtlebot3_teleop', 'catkin_cmake_args': None, 'catkin_skip_building_tests': False, 'cmake_args': None, 'cmake_clean_cache': False, 'cmake_clean_first': False, 'cmake_force_configure': False, 'cmake_target': None, 'cmake_target_skip_unavailable': False, 'install_base': '/root/ros_ws/install/turtlebot3_teleop', 'merge_install': False, 'path': '/root/ros_ws/src/turtlebot3-jazzy/turtlebot3_teleop', 'symlink_install': False, 'test_result_base': None}
[0.133s] Level 5:colcon.colcon_core.verb:set package 'turtlebot3_bringup' build argument 'cmake_args' from command line to 'None'
[0.133s] Level 5:colcon.colcon_core.verb:set package 'turtlebot3_bringup' build argument 'cmake_target' from command line to 'None'
[0.133s] Level 5:colcon.colcon_core.verb:set package 'turtlebot3_bringup' build argument 'cmake_target_skip_unavailable' from command line to 'False'
[0.133s] Level 5:colcon.colcon_core.verb:set package 'turtlebot3_bringup' build argument 'cmake_clean_cache' from command line to 'False'
[0.133s] Level 5:colcon.colcon_core.verb:set package 'turtlebot3_bringup' build argument 'cmake_clean_first' from command line to 'False'
[0.133s] Level 5:colcon.colcon_core.verb:set package 'turtlebot3_bringup' build argument 'cmake_force_configure' from command line to 'False'
[0.133s] Level 5:colcon.colcon_core.verb:set package 'turtlebot3_bringup' build argument 'ament_cmake_args' from command line to 'None'
[0.133s] Level 5:colcon.colcon_core.verb:set package 'turtlebot3_bringup' build argument 'catkin_cmake_args' from command line to 'None'
[0.133s] Level 5:colcon.colcon_core.verb:set package 'turtlebot3_bringup' build argument 'catkin_skip_building_tests' from command line to 'False'
[0.133s] DEBUG:colcon.colcon_core.verb:Building package 'turtlebot3_bringup' with the following arguments: {'ament_cmake_args': None, 'build_base': '/root/ros_ws/build/turtlebot3_bringup', 'catkin_cmake_args': None, 'catkin_skip_building_tests': False, 'cmake_args': None, 'cmake_clean_cache': False, 'cmake_clean_first': False, 'cmake_force_configure': False, 'cmake_target': None, 'cmake_target_skip_unavailable': False, 'install_base': '/root/ros_ws/install/turtlebot3_bringup', 'merge_install': False, 'path': '/root/ros_ws/src/turtlebot3-jazzy/turtlebot3_bringup', 'symlink_install': False, 'test_result_base': None}
[0.134s] Level 5:colcon.colcon_core.verb:set package 'turtlebot3' build argument 'cmake_args' from command line to 'None'
[0.134s] Level 5:colcon.colcon_core.verb:set package 'turtlebot3' build argument 'cmake_target' from command line to 'None'
[0.134s] Level 5:colcon.colcon_core.verb:set package 'turtlebot3' build argument 'cmake_target_skip_unavailable' from command line to 'False'
[0.134s] Level 5:colcon.colcon_core.verb:set package 'turtlebot3' build argument 'cmake_clean_cache' from command line to 'False'
[0.134s] Level 5:colcon.colcon_core.verb:set package 'turtlebot3' build argument 'cmake_clean_first' from command line to 'False'
[0.134s] Level 5:colcon.colcon_core.verb:set package 'turtlebot3' build argument 'cmake_force_configure' from command line to 'False'
[0.134s] Level 5:colcon.colcon_core.verb:set package 'turtlebot3' build argument 'ament_cmake_args' from command line to 'None'
[0.134s] Level 5:colcon.colcon_core.verb:set package 'turtlebot3' build argument 'catkin_cmake_args' from command line to 'None'
[0.134s] Level 5:colcon.colcon_core.verb:set package 'turtlebot3' build argument 'catkin_skip_building_tests' from command line to 'False'
[0.134s] DEBUG:colcon.colcon_core.verb:Building package 'turtlebot3' with the following arguments: {'ament_cmake_args': None, 'build_base': '/root/ros_ws/build/turtlebot3', 'catkin_cmake_args': None, 'catkin_skip_building_tests': False, 'cmake_args': None, 'cmake_clean_cache': False, 'cmake_clean_first': False, 'cmake_force_configure': False, 'cmake_target': None, 'cmake_target_skip_unavailable': False, 'install_base': '/root/ros_ws/install/turtlebot3', 'merge_install': False, 'path': '/root/ros_ws/src/turtlebot3-jazzy/turtlebot3', 'symlink_install': False, 'test_result_base': None}
[0.134s] INFO:colcon.colcon_core.executor:Executing jobs using 'parallel' executor
[0.135s] DEBUG:colcon.colcon_parallel_executor.executor.parallel:run_until_complete
[0.135s] INFO:colcon.colcon_ros.task.ament_cmake.build:Building ROS package in '/root/ros_ws/src/turtlebot3-jazzy/turtlebot3_description' with build type 'ament_cmake'
[0.135s] INFO:colcon.colcon_cmake.task.cmake.build:Building CMake package in '/root/ros_ws/src/turtlebot3-jazzy/turtlebot3_description'
[0.137s] INFO:colcon.colcon_core.plugin_system:Skipping extension 'colcon_core.shell.bat': Not used on non-Windows systems
[0.137s] INFO:colcon.colcon_core.shell:Skip shell extension 'powershell' for command environment: Not usable outside of PowerShell
[0.137s] DEBUG:colcon.colcon_core.shell:Skip shell extension 'dsv' for command environment
[0.141s] INFO:colcon.colcon_ros.task.ament_cmake.build:Building ROS package in '/root/ros_ws/src/turtlebot3-jazzy/turtlebot3_node' with build type 'ament_cmake'
[0.141s] INFO:colcon.colcon_cmake.task.cmake.build:Building CMake package in '/root/ros_ws/src/turtlebot3-jazzy/turtlebot3_node'
[0.141s] INFO:colcon.colcon_core.shell:Skip shell extension 'powershell' for command environment: Not usable outside of PowerShell
[0.141s] DEBUG:colcon.colcon_core.shell:Skip shell extension 'dsv' for command environment
[0.146s] INFO:colcon.colcon_ros.task.ament_cmake.build:Building ROS package in '/root/ros_ws/src/turtlebot3-jazzy/turtlebot3_cartographer' with build type 'ament_cmake'
[0.147s] INFO:colcon.colcon_cmake.task.cmake.build:Building CMake package in '/root/ros_ws/src/turtlebot3-jazzy/turtlebot3_cartographer'
[0.147s] INFO:colcon.colcon_core.shell:Skip shell extension 'powershell' for command environment: Not usable outside of PowerShell
[0.147s] DEBUG:colcon.colcon_core.shell:Skip shell extension 'dsv' for command environment
[0.151s] INFO:colcon.colcon_ros.task.ament_python.build:Building ROS package in '/root/ros_ws/src/turtlebot3-jazzy/turtlebot3_example' with build type 'ament_python'
[0.151s] Level 1:colcon.colcon_core.shell:create_environment_hook('turtlebot3_example', 'ament_prefix_path')
[0.151s] INFO:colcon.colcon_core.shell:Creating environment hook '/root/ros_ws/install/turtlebot3_example/share/turtlebot3_example/hook/ament_prefix_path.ps1'
[0.152s] INFO:colcon.colcon_core.shell:Creating environment descriptor '/root/ros_ws/install/turtlebot3_example/share/turtlebot3_example/hook/ament_prefix_path.dsv'
[0.152s] INFO:colcon.colcon_core.shell:Creating environment hook '/root/ros_ws/install/turtlebot3_example/share/turtlebot3_example/hook/ament_prefix_path.sh'
[0.152s] INFO:colcon.colcon_core.shell:Skip shell extension 'powershell' for command environment: Not usable outside of PowerShell
[0.152s] DEBUG:colcon.colcon_core.shell:Skip shell extension 'dsv' for command environment
[0.155s] INFO:colcon.colcon_ros.task.ament_cmake.build:Building ROS package in '/root/ros_ws/src/turtlebot3-jazzy/turtlebot3_navigation2' with build type 'ament_cmake'
[0.155s] INFO:colcon.colcon_cmake.task.cmake.build:Building CMake package in '/root/ros_ws/src/turtlebot3-jazzy/turtlebot3_navigation2'
[0.155s] INFO:colcon.colcon_core.shell:Skip shell extension 'powershell' for command environment: Not usable outside of PowerShell
[0.155s] DEBUG:colcon.colcon_core.shell:Skip shell extension 'dsv' for command environment
[0.159s] INFO:colcon.colcon_ros.task.ament_python.build:Building ROS package in '/root/ros_ws/src/turtlebot3-jazzy/turtlebot3_teleop' with build type 'ament_python'
[0.159s] Level 1:colcon.colcon_core.shell:create_environment_hook('turtlebot3_teleop', 'ament_prefix_path')
[0.159s] INFO:colcon.colcon_core.shell:Creating environment hook '/root/ros_ws/install/turtlebot3_teleop/share/turtlebot3_teleop/hook/ament_prefix_path.ps1'
[0.160s] INFO:colcon.colcon_core.shell:Creating environment descriptor '/root/ros_ws/install/turtlebot3_teleop/share/turtlebot3_teleop/hook/ament_prefix_path.dsv'
[0.160s] INFO:colcon.colcon_core.shell:Creating environment hook '/root/ros_ws/install/turtlebot3_teleop/share/turtlebot3_teleop/hook/ament_prefix_path.sh'
[0.161s] INFO:colcon.colcon_core.shell:Skip shell extension 'powershell' for command environment: Not usable outside of PowerShell
[0.161s] DEBUG:colcon.colcon_core.shell:Skip shell extension 'dsv' for command environment
[0.163s] INFO:colcon.colcon_ros.task.ament_python.build:Building ROS package in '/root/ros_ws/src/tb3_multi_nav' with build type 'ament_python'
[0.163s] Level 1:colcon.colcon_core.shell:create_environment_hook('tb3_multi_nav', 'ament_prefix_path')
[0.163s] INFO:colcon.colcon_core.shell:Creating environment hook '/root/ros_ws/install/tb3_multi_nav/share/tb3_multi_nav/hook/ament_prefix_path.ps1'
[0.164s] INFO:colcon.colcon_core.shell:Creating environment descriptor '/root/ros_ws/install/tb3_multi_nav/share/tb3_multi_nav/hook/ament_prefix_path.dsv'
[0.165s] INFO:colcon.colcon_core.shell:Creating environment hook '/root/ros_ws/install/tb3_multi_nav/share/tb3_multi_nav/hook/ament_prefix_path.sh'
[0.165s] INFO:colcon.colcon_core.shell:Skip shell extension 'powershell' for command environment: Not usable outside of PowerShell
[0.165s] DEBUG:colcon.colcon_core.shell:Skip shell extension 'dsv' for command environment
[0.168s] INFO:colcon.colcon_ros.task.ament_cmake.build:Building ROS package in '/root/ros_ws/src/turtlebot3_gazebo' with build type 'ament_cmake'
[0.168s] INFO:colcon.colcon_cmake.task.cmake.build:Building CMake package in '/root/ros_ws/src/turtlebot3_gazebo'
[0.168s] INFO:colcon.colcon_core.shell:Skip shell extension 'powershell' for command environment: Not usable outside of PowerShell
[0.168s] DEBUG:colcon.colcon_core.shell:Skip shell extension 'dsv' for command environment
[0.175s] DEBUG:colcon.colcon_core.event_handler.log_command:Invoking command in '/root/ros_ws/build/turtlebot3_description': CMAKE_PREFIX_PATH=${CMAKE_PREFIX_PATH}:/root/ros_ws/install/turtlebot3_teleop:/root/ros_ws/install/turtlebot3_example:/root/ros_ws/install/tb3_multi_nav:/opt/ros/jazzy /usr/bin/cmake --build /root/ros_ws/build/turtlebot3_description -- -j16 -l16
[0.178s] DEBUG:colcon.colcon_core.event_handler.log_command:Invoking command in '/root/ros_ws/build/turtlebot3_node': CMAKE_PREFIX_PATH=${CMAKE_PREFIX_PATH}:/root/ros_ws/install/turtlebot3_teleop:/root/ros_ws/install/turtlebot3_example:/root/ros_ws/install/tb3_multi_nav:/opt/ros/jazzy /usr/bin/cmake --build /root/ros_ws/build/turtlebot3_node -- -j16 -l16
[0.182s] DEBUG:colcon.colcon_core.event_handler.log_command:Invoking command in '/root/ros_ws/build/turtlebot3_cartographer': CMAKE_PREFIX_PATH=${CMAKE_PREFIX_PATH}:/root/ros_ws/install/turtlebot3_teleop:/root/ros_ws/install/turtlebot3_example:/root/ros_ws/install/tb3_multi_nav:/opt/ros/jazzy /usr/bin/cmake --build /root/ros_ws/build/turtlebot3_cartographer -- -j16 -l16
[0.305s] INFO:colcon.colcon_core.task.python.build:Building Python package in '/root/ros_ws/src/turtlebot3-jazzy/turtlebot3_example'
[0.305s] INFO:colcon.colcon_core.shell:Skip shell extension 'powershell' for command environment: Not usable outside of PowerShell
[0.305s] DEBUG:colcon.colcon_core.shell:Skip shell extension 'dsv' for command environment
[0.310s] DEBUG:colcon.colcon_core.event_handler.log_command:Invoking command in '/root/ros_ws/build/turtlebot3_navigation2': CMAKE_PREFIX_PATH=${CMAKE_PREFIX_PATH}:/root/ros_ws/install/turtlebot3_teleop:/root/ros_ws/install/turtlebot3_example:/root/ros_ws/install/tb3_multi_nav:/opt/ros/jazzy /usr/bin/cmake --build /root/ros_ws/build/turtlebot3_navigation2 -- -j16 -l16
[0.426s] INFO:colcon.colcon_core.task.python.build:Building Python package in '/root/ros_ws/src/turtlebot3-jazzy/turtlebot3_teleop'
[0.426s] INFO:colcon.colcon_core.shell:Skip shell extension 'powershell' for command environment: Not usable outside of PowerShell
[0.426s] DEBUG:colcon.colcon_core.shell:Skip shell extension 'dsv' for command environment
[0.546s] INFO:colcon.colcon_core.task.python.build:Building Python package in '/root/ros_ws/src/tb3_multi_nav'
[0.546s] INFO:colcon.colcon_core.shell:Skip shell extension 'powershell' for command environment: Not usable outside of PowerShell
[0.546s] DEBUG:colcon.colcon_core.shell:Skip shell extension 'dsv' for command environment
[0.554s] DEBUG:colcon.colcon_core.event_handler.log_command:Invoked command in '/root/ros_ws/build/turtlebot3_description' returned '0': CMAKE_PREFIX_PATH=${CMAKE_PREFIX_PATH}:/root/ros_ws/install/turtlebot3_teleop:/root/ros_ws/install/turtlebot3_example:/root/ros_ws/install/tb3_multi_nav:/opt/ros/jazzy /usr/bin/cmake --build /root/ros_ws/build/turtlebot3_description -- -j16 -l16
[0.562s] DEBUG:colcon.colcon_core.event_handler.log_command:Invoking command in '/root/ros_ws/build/turtlebot3_description': CMAKE_PREFIX_PATH=${CMAKE_PREFIX_PATH}:/root/ros_ws/install/turtlebot3_teleop:/root/ros_ws/install/turtlebot3_example:/root/ros_ws/install/tb3_multi_nav:/opt/ros/jazzy /usr/bin/cmake --install /root/ros_ws/build/turtlebot3_description
[0.563s] DEBUG:colcon.colcon_core.event_handler.log_command:Invoked command in '/root/ros_ws/build/turtlebot3_node' returned '0': CMAKE_PREFIX_PATH=${CMAKE_PREFIX_PATH}:/root/ros_ws/install/turtlebot3_teleop:/root/ros_ws/install/turtlebot3_example:/root/ros_ws/install/tb3_multi_nav:/opt/ros/jazzy /usr/bin/cmake --build /root/ros_ws/build/turtlebot3_node -- -j16 -l16
[0.563s] DEBUG:colcon.colcon_core.event_handler.log_command:Invoking command in '/root/ros_ws/build/turtlebot3_node': CMAKE_PREFIX_PATH=${CMAKE_PREFIX_PATH}:/root/ros_ws/install/turtlebot3_teleop:/root/ros_ws/install/turtlebot3_example:/root/ros_ws/install/tb3_multi_nav:/opt/ros/jazzy /usr/bin/cmake --install /root/ros_ws/build/turtlebot3_node
[0.564s] DEBUG:colcon.colcon_core.event_handler.log_command:Invoked command in '/root/ros_ws/build/turtlebot3_cartographer' returned '0': CMAKE_PREFIX_PATH=${CMAKE_PREFIX_PATH}:/root/ros_ws/install/turtlebot3_teleop:/root/ros_ws/install/turtlebot3_example:/root/ros_ws/install/tb3_multi_nav:/opt/ros/jazzy /usr/bin/cmake --build /root/ros_ws/build/turtlebot3_cartographer -- -j16 -l16
[0.564s] DEBUG:colcon.colcon_core.event_handler.log_command:Invoking command in '/root/ros_ws/build/turtlebot3_cartographer': CMAKE_PREFIX_PATH=${CMAKE_PREFIX_PATH}:/root/ros_ws/install/turtlebot3_teleop:/root/ros_ws/install/turtlebot3_example:/root/ros_ws/install/tb3_multi_nav:/opt/ros/jazzy /usr/bin/cmake --install /root/ros_ws/build/turtlebot3_cartographer
[0.565s] DEBUG:colcon.colcon_core.event_handler.log_command:Invoked command in '/root/ros_ws/build/turtlebot3_navigation2' returned '0': CMAKE_PREFIX_PATH=${CMAKE_PREFIX_PATH}:/root/ros_ws/install/turtlebot3_teleop:/root/ros_ws/install/turtlebot3_example:/root/ros_ws/install/tb3_multi_nav:/opt/ros/jazzy /usr/bin/cmake --build /root/ros_ws/build/turtlebot3_navigation2 -- -j16 -l16
[0.565s] DEBUG:colcon.colcon_core.event_handler.log_command:Invoking command in '/root/ros_ws/build/turtlebot3_navigation2': CMAKE_PREFIX_PATH=${CMAKE_PREFIX_PATH}:/root/ros_ws/install/turtlebot3_teleop:/root/ros_ws/install/turtlebot3_example:/root/ros_ws/install/tb3_multi_nav:/opt/ros/jazzy /usr/bin/cmake --install /root/ros_ws/build/turtlebot3_navigation2
[0.567s] DEBUG:colcon.colcon_core.event_handler.log_command:Invoking command in '/root/ros_ws/build/turtlebot3_gazebo': CMAKE_PREFIX_PATH=${CMAKE_PREFIX_PATH}:/root/ros_ws/install/turtlebot3_teleop:/root/ros_ws/install/turtlebot3_example:/root/ros_ws/install/tb3_multi_nav:/opt/ros/jazzy /usr/bin/cmake --build /root/ros_ws/build/turtlebot3_gazebo -- -j16 -l16
[0.589s] Level 1:colcon.colcon_core.environment:create_environment_scripts_only(turtlebot3_cartographer)
[0.590s] DEBUG:colcon.colcon_core.event_handler.log_command:Invoked command in '/root/ros_ws/build/turtlebot3_cartographer' returned '0': CMAKE_PREFIX_PATH=${CMAKE_PREFIX_PATH}:/root/ros_ws/install/turtlebot3_teleop:/root/ros_ws/install/turtlebot3_example:/root/ros_ws/install/tb3_multi_nav:/opt/ros/jazzy /usr/bin/cmake --install /root/ros_ws/build/turtlebot3_cartographer
[0.592s] Level 1:colcon.colcon_core.environment:checking '/root/ros_ws/install/turtlebot3_cartographer' for CMake module files
[0.593s] Level 1:colcon.colcon_core.environment:checking '/root/ros_ws/install/turtlebot3_cartographer' for CMake config files
[0.593s] Level 1:colcon.colcon_core.shell:create_environment_hook('turtlebot3_cartographer', 'cmake_prefix_path')
[0.593s] INFO:colcon.colcon_core.shell:Creating environment hook '/root/ros_ws/install/turtlebot3_cartographer/share/turtlebot3_cartographer/hook/cmake_prefix_path.ps1'
[0.594s] INFO:colcon.colcon_core.shell:Creating environment descriptor '/root/ros_ws/install/turtlebot3_cartographer/share/turtlebot3_cartographer/hook/cmake_prefix_path.dsv'
[0.595s] INFO:colcon.colcon_core.shell:Creating environment hook '/root/ros_ws/install/turtlebot3_cartographer/share/turtlebot3_cartographer/hook/cmake_prefix_path.sh'
[0.595s] Level 1:colcon.colcon_core.environment:checking '/root/ros_ws/install/turtlebot3_cartographer/bin'
[0.595s] Level 1:colcon.colcon_core.environment:checking '/root/ros_ws/install/turtlebot3_cartographer/lib/pkgconfig/turtlebot3_cartographer.pc'
[0.595s] Level 1:colcon.colcon_core.environment:checking '/root/ros_ws/install/turtlebot3_cartographer/lib/python3.12/site-packages'
[0.596s] Level 1:colcon.colcon_core.environment:checking '/root/ros_ws/install/turtlebot3_cartographer/bin'
[0.596s] INFO:colcon.colcon_core.shell:Creating package script '/root/ros_ws/install/turtlebot3_cartographer/share/turtlebot3_cartographer/package.ps1'
[0.596s] INFO:colcon.colcon_core.shell:Creating package descriptor '/root/ros_ws/install/turtlebot3_cartographer/share/turtlebot3_cartographer/package.dsv'
[0.597s] INFO:colcon.colcon_core.shell:Creating package script '/root/ros_ws/install/turtlebot3_cartographer/share/turtlebot3_cartographer/package.sh'
[0.597s] INFO:colcon.colcon_core.shell:Creating package script '/root/ros_ws/install/turtlebot3_cartographer/share/turtlebot3_cartographer/package.bash'
[0.597s] INFO:colcon.colcon_core.shell:Creating package script '/root/ros_ws/install/turtlebot3_cartographer/share/turtlebot3_cartographer/package.zsh'
[0.598s] Level 1:colcon.colcon_core.environment:create_file_with_runtime_dependencies(/root/ros_ws/install/turtlebot3_cartographer/share/colcon-core/packages/turtlebot3_cartographer)
[0.598s] Level 1:colcon.colcon_core.environment:create_environment_scripts_only(turtlebot3_cartographer)
[0.598s] Level 1:colcon.colcon_core.environment:checking '/root/ros_ws/install/turtlebot3_cartographer' for CMake module files
[0.599s] Level 1:colcon.colcon_core.environment:checking '/root/ros_ws/install/turtlebot3_cartographer' for CMake config files
[0.599s] Level 1:colcon.colcon_core.shell:create_environment_hook('turtlebot3_cartographer', 'cmake_prefix_path')
[0.599s] INFO:colcon.colcon_core.shell:Creating environment hook '/root/ros_ws/install/turtlebot3_cartographer/share/turtlebot3_cartographer/hook/cmake_prefix_path.ps1'
[0.599s] INFO:colcon.colcon_core.shell:Creating environment descriptor '/root/ros_ws/install/turtlebot3_cartographer/share/turtlebot3_cartographer/hook/cmake_prefix_path.dsv'
[0.599s] INFO:colcon.colcon_core.shell:Creating environment hook '/root/ros_ws/install/turtlebot3_cartographer/share/turtlebot3_cartographer/hook/cmake_prefix_path.sh'
[0.600s] Level 1:colcon.colcon_core.environment:checking '/root/ros_ws/install/turtlebot3_cartographer/bin'
[0.600s] Level 1:colcon.colcon_core.environment:checking '/root/ros_ws/install/turtlebot3_cartographer/lib/pkgconfig/turtlebot3_cartographer.pc'
[0.600s] Level 1:colcon.colcon_core.environment:checking '/root/ros_ws/install/turtlebot3_cartographer/lib/python3.12/site-packages'
[0.600s] Level 1:colcon.colcon_core.environment:checking '/root/ros_ws/install/turtlebot3_cartographer/bin'
[0.600s] INFO:colcon.colcon_core.shell:Creating package script '/root/ros_ws/install/turtlebot3_cartographer/share/turtlebot3_cartographer/package.ps1'
[0.601s] INFO:colcon.colcon_core.shell:Creating package descriptor '/root/ros_ws/install/turtlebot3_cartographer/share/turtlebot3_cartographer/package.dsv'
[0.601s] INFO:colcon.colcon_core.shell:Creating package script '/root/ros_ws/install/turtlebot3_cartographer/share/turtlebot3_cartographer/package.sh'
[0.601s] INFO:colcon.colcon_core.shell:Creating package script '/root/ros_ws/install/turtlebot3_cartographer/share/turtlebot3_cartographer/package.bash'
[0.602s] INFO:colcon.colcon_core.shell:Creating package script '/root/ros_ws/install/turtlebot3_cartographer/share/turtlebot3_cartographer/package.zsh'
[0.602s] Level 1:colcon.colcon_core.environment:create_file_with_runtime_dependencies(/root/ros_ws/install/turtlebot3_cartographer/share/colcon-core/packages/turtlebot3_cartographer)
[0.602s] Level 1:colcon.colcon_core.environment:create_environment_scripts_only(turtlebot3_description)
[0.603s] Level 1:colcon.colcon_core.environment:checking '/root/ros_ws/install/turtlebot3_description' for CMake module files
[0.603s] Level 1:colcon.colcon_core.environment:checking '/root/ros_ws/install/turtlebot3_description' for CMake config files
[0.605s] DEBUG:colcon.colcon_core.event_handler.log_command:Invoked command in '/root/ros_ws/build/turtlebot3_description' returned '0': CMAKE_PREFIX_PATH=${CMAKE_PREFIX_PATH}:/root/ros_ws/install/turtlebot3_teleop:/root/ros_ws/install/turtlebot3_example:/root/ros_ws/install/tb3_multi_nav:/opt/ros/jazzy /usr/bin/cmake --install /root/ros_ws/build/turtlebot3_description
[0.605s] Level 1:colcon.colcon_core.shell:create_environment_hook('turtlebot3_description', 'cmake_prefix_path')
[0.605s] INFO:colcon.colcon_core.shell:Creating environment hook '/root/ros_ws/install/turtlebot3_description/share/turtlebot3_description/hook/cmake_prefix_path.ps1'
[0.606s] INFO:colcon.colcon_core.shell:Creating environment descriptor '/root/ros_ws/install/turtlebot3_description/share/turtlebot3_description/hook/cmake_prefix_path.dsv'
[0.606s] INFO:colcon.colcon_core.shell:Creating environment hook '/root/ros_ws/install/turtlebot3_description/share/turtlebot3_description/hook/cmake_prefix_path.sh'
[0.606s] Level 1:colcon.colcon_core.environment:checking '/root/ros_ws/install/turtlebot3_description/bin'
[0.606s] Level 1:colcon.colcon_core.environment:checking '/root/ros_ws/install/turtlebot3_description/lib/pkgconfig/turtlebot3_description.pc'
[0.607s] Level 1:colcon.colcon_core.environment:checking '/root/ros_ws/install/turtlebot3_description/lib/python3.12/site-packages'
[0.607s] Level 1:colcon.colcon_core.environment:checking '/root/ros_ws/install/turtlebot3_description/bin'
[0.607s] INFO:colcon.colcon_core.shell:Creating package script '/root/ros_ws/install/turtlebot3_description/share/turtlebot3_description/package.ps1'
[0.607s] INFO:colcon.colcon_core.shell:Creating package descriptor '/root/ros_ws/install/turtlebot3_description/share/turtlebot3_description/package.dsv'
[0.608s] INFO:colcon.colcon_core.shell:Creating package script '/root/ros_ws/install/turtlebot3_description/share/turtlebot3_description/package.sh'
[0.608s] INFO:colcon.colcon_core.shell:Creating package script '/root/ros_ws/install/turtlebot3_description/share/turtlebot3_description/package.bash'
[0.609s] INFO:colcon.colcon_core.shell:Creating package script '/root/ros_ws/install/turtlebot3_description/share/turtlebot3_description/package.zsh'
[0.609s] Level 1:colcon.colcon_core.environment:create_file_with_runtime_dependencies(/root/ros_ws/install/turtlebot3_description/share/colcon-core/packages/turtlebot3_description)
[0.610s] Level 1:colcon.colcon_core.environment:create_environment_scripts_only(turtlebot3_description)
[0.610s] Level 1:colcon.colcon_core.environment:checking '/root/ros_ws/install/turtlebot3_description' for CMake module files
[0.610s] Level 1:colcon.colcon_core.environment:checking '/root/ros_ws/install/turtlebot3_description' for CMake config files
[0.610s] Level 1:colcon.colcon_core.shell:create_environment_hook('turtlebot3_description', 'cmake_prefix_path')
[0.610s] INFO:colcon.colcon_core.shell:Creating environment hook '/root/ros_ws/install/turtlebot3_description/share/turtlebot3_description/hook/cmake_prefix_path.ps1'
[0.611s] INFO:colcon.colcon_core.shell:Creating environment descriptor '/root/ros_ws/install/turtlebot3_description/share/turtlebot3_description/hook/cmake_prefix_path.dsv'
[0.611s] INFO:colcon.colcon_core.shell:Creating environment hook '/root/ros_ws/install/turtlebot3_description/share/turtlebot3_description/hook/cmake_prefix_path.sh'
[0.612s] Level 1:colcon.colcon_core.environment:checking '/root/ros_ws/install/turtlebot3_description/bin'
[0.612s] Level 1:colcon.colcon_core.environment:checking '/root/ros_ws/install/turtlebot3_description/lib/pkgconfig/turtlebot3_description.pc'
[0.613s] Level 1:colcon.colcon_core.environment:checking '/root/ros_ws/install/turtlebot3_description/lib/python3.12/site-packages'
[0.613s] Level 1:colcon.colcon_core.environment:checking '/root/ros_ws/install/turtlebot3_description/bin'
[0.613s] INFO:colcon.colcon_core.shell:Creating package script '/root/ros_ws/install/turtlebot3_description/share/turtlebot3_description/package.ps1'
[0.614s] INFO:colcon.colcon_core.shell:Creating package descriptor '/root/ros_ws/install/turtlebot3_description/share/turtlebot3_description/package.dsv'
[0.614s] INFO:colcon.colcon_core.shell:Creating package script '/root/ros_ws/install/turtlebot3_description/share/turtlebot3_description/package.sh'
[0.615s] INFO:colcon.colcon_core.shell:Creating package script '/root/ros_ws/install/turtlebot3_description/share/turtlebot3_description/package.bash'
[0.615s] INFO:colcon.colcon_core.shell:Creating package script '/root/ros_ws/install/turtlebot3_description/share/turtlebot3_description/package.zsh'
[0.616s] Level 1:colcon.colcon_core.environment:create_file_with_runtime_dependencies(/root/ros_ws/install/turtlebot3_description/share/colcon-core/packages/turtlebot3_description)
[0.616s] Level 1:colcon.colcon_core.environment:create_environment_scripts_only(turtlebot3_node)
[0.617s] Level 1:colcon.colcon_core.environment:checking '/root/ros_ws/install/turtlebot3_node' for CMake module files
[0.619s] DEBUG:colcon.colcon_core.event_handler.log_command:Invoked command in '/root/ros_ws/build/turtlebot3_node' returned '0': CMAKE_PREFIX_PATH=${CMAKE_PREFIX_PATH}:/root/ros_ws/install/turtlebot3_teleop:/root/ros_ws/install/turtlebot3_example:/root/ros_ws/install/tb3_multi_nav:/opt/ros/jazzy /usr/bin/cmake --install /root/ros_ws/build/turtlebot3_node
[0.619s] Level 1:colcon.colcon_core.environment:checking '/root/ros_ws/install/turtlebot3_node' for CMake config files
[0.620s] Level 1:colcon.colcon_core.shell:create_environment_hook('turtlebot3_node', 'cmake_prefix_path')
[0.621s] INFO:colcon.colcon_core.shell:Creating environment hook '/root/ros_ws/install/turtlebot3_node/share/turtlebot3_node/hook/cmake_prefix_path.ps1'
[0.621s] INFO:colcon.colcon_core.shell:Creating environment descriptor '/root/ros_ws/install/turtlebot3_node/share/turtlebot3_node/hook/cmake_prefix_path.dsv'
[0.621s] INFO:colcon.colcon_core.shell:Creating environment hook '/root/ros_ws/install/turtlebot3_node/share/turtlebot3_node/hook/cmake_prefix_path.sh'
[0.622s] Level 1:colcon.colcon_core.environment:checking '/root/ros_ws/install/turtlebot3_node/lib'
[0.622s] Level 1:colcon.colcon_core.environment:checking '/root/ros_ws/install/turtlebot3_node/bin'
[0.622s] Level 1:colcon.colcon_core.environment:checking '/root/ros_ws/install/turtlebot3_node/lib/pkgconfig/turtlebot3_node.pc'
[0.622s] Level 1:colcon.colcon_core.environment:checking '/root/ros_ws/install/turtlebot3_node/lib/python3.12/site-packages'
[0.622s] Level 1:colcon.colcon_core.environment:checking '/root/ros_ws/install/turtlebot3_node/bin'
[0.623s] INFO:colcon.colcon_core.shell:Creating package script '/root/ros_ws/install/turtlebot3_node/share/turtlebot3_node/package.ps1'
[0.623s] INFO:colcon.colcon_core.shell:Creating package descriptor '/root/ros_ws/install/turtlebot3_node/share/turtlebot3_node/package.dsv'
[0.623s] INFO:colcon.colcon_core.shell:Creating package script '/root/ros_ws/install/turtlebot3_node/share/turtlebot3_node/package.sh'
[0.624s] INFO:colcon.colcon_core.shell:Creating package script '/root/ros_ws/install/turtlebot3_node/share/turtlebot3_node/package.bash'
[0.624s] INFO:colcon.colcon_core.shell:Creating package script '/root/ros_ws/install/turtlebot3_node/share/turtlebot3_node/package.zsh'
[0.625s] Level 1:colcon.colcon_core.environment:create_file_with_runtime_dependencies(/root/ros_ws/install/turtlebot3_node/share/colcon-core/packages/turtlebot3_node)
[0.625s] Level 1:colcon.colcon_core.environment:create_environment_scripts_only(turtlebot3_node)
[0.625s] Level 1:colcon.colcon_core.environment:checking '/root/ros_ws/install/turtlebot3_node' for CMake module files
[0.625s] Level 1:colcon.colcon_core.environment:checking '/root/ros_ws/install/turtlebot3_node' for CMake config files
[0.626s] Level 1:colcon.colcon_core.shell:create_environment_hook('turtlebot3_node', 'cmake_prefix_path')
[0.626s] INFO:colcon.colcon_core.shell:Creating environment hook '/root/ros_ws/install/turtlebot3_node/share/turtlebot3_node/hook/cmake_prefix_path.ps1'
[0.626s] INFO:colcon.colcon_core.shell:Creating environment descriptor '/root/ros_ws/install/turtlebot3_node/share/turtlebot3_node/hook/cmake_prefix_path.dsv'
[0.626s] INFO:colcon.colcon_core.shell:Creating environment hook '/root/ros_ws/install/turtlebot3_node/share/turtlebot3_node/hook/cmake_prefix_path.sh'
[0.627s] Level 1:colcon.colcon_core.environment:checking '/root/ros_ws/install/turtlebot3_node/lib'
[0.627s] Level 1:colcon.colcon_core.environment:checking '/root/ros_ws/install/turtlebot3_node/bin'
[0.627s] Level 1:colcon.colcon_core.environment:checking '/root/ros_ws/install/turtlebot3_node/lib/pkgconfig/turtlebot3_node.pc'
[0.627s] Level 1:colcon.colcon_core.environment:checking '/root/ros_ws/install/turtlebot3_node/lib/python3.12/site-packages'
[0.627s] Level 1:colcon.colcon_core.environment:checking '/root/ros_ws/install/turtlebot3_node/bin'
[0.627s] INFO:colcon.colcon_core.shell:Creating package script '/root/ros_ws/install/turtlebot3_node/share/turtlebot3_node/package.ps1'
[0.628s] INFO:colcon.colcon_core.shell:Creating package descriptor '/root/ros_ws/install/turtlebot3_node/share/turtlebot3_node/package.dsv'
[0.628s] INFO:colcon.colcon_core.shell:Creating package script '/root/ros_ws/install/turtlebot3_node/share/turtlebot3_node/package.sh'
[0.628s] INFO:colcon.colcon_core.shell:Creating package script '/root/ros_ws/install/turtlebot3_node/share/turtlebot3_node/package.bash'
[0.629s] INFO:colcon.colcon_core.shell:Creating package script '/root/ros_ws/install/turtlebot3_node/share/turtlebot3_node/package.zsh'
[0.630s] Level 1:colcon.colcon_core.environment:create_file_with_runtime_dependencies(/root/ros_ws/install/turtlebot3_node/share/colcon-core/packages/turtlebot3_node)
[0.631s] INFO:colcon.colcon_ros.task.ament_cmake.build:Building ROS package in '/root/ros_ws/src/turtlebot3-jazzy/turtlebot3_bringup' with build type 'ament_cmake'
[0.631s] INFO:colcon.colcon_cmake.task.cmake.build:Building CMake package in '/root/ros_ws/src/turtlebot3-jazzy/turtlebot3_bringup'
[0.631s] INFO:colcon.colcon_core.shell:Skip shell extension 'powershell' for command environment: Not usable outside of PowerShell
[0.632s] DEBUG:colcon.colcon_core.shell:Skip shell extension 'dsv' for command environment
[0.636s] Level 1:colcon.colcon_core.environment:create_environment_scripts_only(turtlebot3_navigation2)
[0.637s] Level 1:colcon.colcon_core.environment:checking '/root/ros_ws/install/turtlebot3_navigation2' for CMake module files
[0.637s] DEBUG:colcon.colcon_core.event_handler.log_command:Invoked command in '/root/ros_ws/build/turtlebot3_navigation2' returned '0': CMAKE_PREFIX_PATH=${CMAKE_PREFIX_PATH}:/root/ros_ws/install/turtlebot3_teleop:/root/ros_ws/install/turtlebot3_example:/root/ros_ws/install/tb3_multi_nav:/opt/ros/jazzy /usr/bin/cmake --install /root/ros_ws/build/turtlebot3_navigation2
[0.638s] Level 1:colcon.colcon_core.environment:checking '/root/ros_ws/install/turtlebot3_navigation2' for CMake config files
[0.638s] Level 1:colcon.colcon_core.shell:create_environment_hook('turtlebot3_navigation2', 'cmake_prefix_path')
[0.638s] INFO:colcon.colcon_core.shell:Creating environment hook '/root/ros_ws/install/turtlebot3_navigation2/share/turtlebot3_navigation2/hook/cmake_prefix_path.ps1'
[0.639s] INFO:colcon.colcon_core.shell:Creating environment descriptor '/root/ros_ws/install/turtlebot3_navigation2/share/turtlebot3_navigation2/hook/cmake_prefix_path.dsv'
[0.639s] INFO:colcon.colcon_core.shell:Creating environment hook '/root/ros_ws/install/turtlebot3_navigation2/share/turtlebot3_navigation2/hook/cmake_prefix_path.sh'
[0.640s] Level 1:colcon.colcon_core.environment:checking '/root/ros_ws/install/turtlebot3_navigation2/bin'
[0.640s] Level 1:colcon.colcon_core.environment:checking '/root/ros_ws/install/turtlebot3_navigation2/lib/pkgconfig/turtlebot3_navigation2.pc'
[0.640s] Level 1:colcon.colcon_core.environment:checking '/root/ros_ws/install/turtlebot3_navigation2/lib/python3.12/site-packages'
[0.641s] Level 1:colcon.colcon_core.environment:checking '/root/ros_ws/install/turtlebot3_navigation2/bin'
[0.641s] INFO:colcon.colcon_core.shell:Creating package script '/root/ros_ws/install/turtlebot3_navigation2/share/turtlebot3_navigation2/package.ps1'
[0.641s] INFO:colcon.colcon_core.shell:Creating package descriptor '/root/ros_ws/install/turtlebot3_navigation2/share/turtlebot3_navigation2/package.dsv'
[0.641s] INFO:colcon.colcon_core.shell:Creating package script '/root/ros_ws/install/turtlebot3_navigation2/share/turtlebot3_navigation2/package.sh'
[0.642s] INFO:colcon.colcon_core.shell:Creating package script '/root/ros_ws/install/turtlebot3_navigation2/share/turtlebot3_navigation2/package.bash'
[0.642s] INFO:colcon.colcon_core.shell:Creating package script '/root/ros_ws/install/turtlebot3_navigation2/share/turtlebot3_navigation2/package.zsh'
[0.642s] Level 1:colcon.colcon_core.environment:create_file_with_runtime_dependencies(/root/ros_ws/install/turtlebot3_navigation2/share/colcon-core/packages/turtlebot3_navigation2)
[0.643s] Level 1:colcon.colcon_core.environment:create_environment_scripts_only(turtlebot3_navigation2)
[0.643s] Level 1:colcon.colcon_core.environment:checking '/root/ros_ws/install/turtlebot3_navigation2' for CMake module files
[0.643s] Level 1:colcon.colcon_core.environment:checking '/root/ros_ws/install/turtlebot3_navigation2' for CMake config files
[0.643s] Level 1:colcon.colcon_core.shell:create_environment_hook('turtlebot3_navigation2', 'cmake_prefix_path')
[0.643s] INFO:colcon.colcon_core.shell:Creating environment hook '/root/ros_ws/install/turtlebot3_navigation2/share/turtlebot3_navigation2/hook/cmake_prefix_path.ps1'
[0.643s] INFO:colcon.colcon_core.shell:Creating environment descriptor '/root/ros_ws/install/turtlebot3_navigation2/share/turtlebot3_navigation2/hook/cmake_prefix_path.dsv'
[0.644s] INFO:colcon.colcon_core.shell:Creating environment hook '/root/ros_ws/install/turtlebot3_navigation2/share/turtlebot3_navigation2/hook/cmake_prefix_path.sh'
[0.644s] Level 1:colcon.colcon_core.environment:checking '/root/ros_ws/install/turtlebot3_navigation2/bin'
[0.644s] Level 1:colcon.colcon_core.environment:checking '/root/ros_ws/install/turtlebot3_navigation2/lib/pkgconfig/turtlebot3_navigation2.pc'
[0.644s] Level 1:colcon.colcon_core.environment:checking '/root/ros_ws/install/turtlebot3_navigation2/lib/python3.12/site-packages'
[0.645s] Level 1:colcon.colcon_core.environment:checking '/root/ros_ws/install/turtlebot3_navigation2/bin'
[0.645s] INFO:colcon.colcon_core.shell:Creating package script '/root/ros_ws/install/turtlebot3_navigation2/share/turtlebot3_navigation2/package.ps1'
[0.645s] INFO:colcon.colcon_core.shell:Creating package descriptor '/root/ros_ws/install/turtlebot3_navigation2/share/turtlebot3_navigation2/package.dsv'
[0.645s] INFO:colcon.colcon_core.shell:Creating package script '/root/ros_ws/install/turtlebot3_navigation2/share/turtlebot3_navigation2/package.sh'
[0.646s] INFO:colcon.colcon_core.shell:Creating package script '/root/ros_ws/install/turtlebot3_navigation2/share/turtlebot3_navigation2/package.bash'
[0.647s] INFO:colcon.colcon_core.shell:Creating package script '/root/ros_ws/install/turtlebot3_navigation2/share/turtlebot3_navigation2/package.zsh'
[0.647s] Level 1:colcon.colcon_core.environment:create_file_with_runtime_dependencies(/root/ros_ws/install/turtlebot3_navigation2/share/colcon-core/packages/turtlebot3_navigation2)
[0.650s] DEBUG:colcon.colcon_core.event_handler.log_command:Invoked command in '/root/ros_ws/build/turtlebot3_gazebo' returned '0': CMAKE_PREFIX_PATH=${CMAKE_PREFIX_PATH}:/root/ros_ws/install/turtlebot3_teleop:/root/ros_ws/install/turtlebot3_example:/root/ros_ws/install/tb3_multi_nav:/opt/ros/jazzy /usr/bin/cmake --build /root/ros_ws/build/turtlebot3_gazebo -- -j16 -l16
[0.651s] DEBUG:colcon.colcon_core.event_handler.log_command:Invoking command in '/root/ros_ws/build/turtlebot3_gazebo': CMAKE_PREFIX_PATH=${CMAKE_PREFIX_PATH}:/root/ros_ws/install/turtlebot3_teleop:/root/ros_ws/install/turtlebot3_example:/root/ros_ws/install/tb3_multi_nav:/opt/ros/jazzy /usr/bin/cmake --install /root/ros_ws/build/turtlebot3_gazebo
[0.655s] DEBUG:colcon.colcon_core.event_handler.log_command:Invoking command in '/root/ros_ws/build/turtlebot3_bringup': CMAKE_PREFIX_PATH=/root/ros_ws/install/turtlebot3_node:/root/ros_ws/install/turtlebot3_description:/root/ros_ws/install/turtlebot3:/root/ros_ws/install/turtlebot3_bringup:/root/ros_ws/install/turtlebot3_navigation2:/root/ros_ws/install/turtlebot3_gazebo:/root/ros_ws/install/turtlebot3_cartographer:/opt/ros/jazzy/opt/gz_sim_vendor:/opt/ros/jazzy/opt/gz_sensors_vendor:/opt/ros/jazzy/opt/gz_physics_vendor:/opt/ros/jazzy/opt/sdformat_vendor:/opt/ros/jazzy/opt/gz_gui_vendor:/opt/ros/jazzy/opt/gz_transport_vendor:/opt/ros/jazzy/opt/gz_rendering_vendor:/opt/ros/jazzy/opt/gz_plugin_vendor:/opt/ros/jazzy/opt/gz_fuel_tools_vendor:/opt/ros/jazzy/opt/gz_msgs_vendor:/opt/ros/jazzy/opt/gz_common_vendor:/opt/ros/jazzy/opt/gz_math_vendor:/opt/ros/jazzy/opt/gz_utils_vendor:/opt/ros/jazzy/opt/gz_tools_vendor:/opt/ros/jazzy/opt/gz_ogre_next_vendor:/opt/ros/jazzy/opt/gz_dartsim_vendor:/opt/ros/jazzy/opt/gz_cmake_vendor:/root/ros_ws/install/turtlebot3_teleop:/root/ros_ws/install/turtlebot3_example:/root/ros_ws/install/tb3_multi_nav:/opt/ros/jazzy /usr/bin/cmake --build /root/ros_ws/build/turtlebot3_bringup -- -j16 -l16
[0.675s] Level 1:colcon.colcon_core.environment:create_environment_scripts_only(turtlebot3_gazebo)
[0.676s] Level 1:colcon.colcon_core.environment:checking '/root/ros_ws/install/turtlebot3_gazebo' for CMake module files
[0.680s] Level 1:colcon.colcon_core.environment:checking '/root/ros_ws/install/turtlebot3_gazebo' for CMake config files
[0.687s] Level 1:colcon.colcon_core.shell:create_environment_hook('turtlebot3_gazebo', 'cmake_prefix_path')
[0.687s] INFO:colcon.colcon_core.shell:Creating environment hook '/root/ros_ws/install/turtlebot3_gazebo/share/turtlebot3_gazebo/hook/cmake_prefix_path.ps1'
[0.691s] DEBUG:colcon.colcon_core.event_handler.log_command:Invoked command in '/root/ros_ws/build/turtlebot3_gazebo' returned '0': CMAKE_PREFIX_PATH=${CMAKE_PREFIX_PATH}:/root/ros_ws/install/turtlebot3_teleop:/root/ros_ws/install/turtlebot3_example:/root/ros_ws/install/tb3_multi_nav:/opt/ros/jazzy /usr/bin/cmake --install /root/ros_ws/build/turtlebot3_gazebo
[0.691s] INFO:colcon.colcon_core.shell:Creating environment descriptor '/root/ros_ws/install/turtlebot3_gazebo/share/turtlebot3_gazebo/hook/cmake_prefix_path.dsv'
[0.692s] INFO:colcon.colcon_core.shell:Creating environment hook '/root/ros_ws/install/turtlebot3_gazebo/share/turtlebot3_gazebo/hook/cmake_prefix_path.sh'
[0.692s] Level 1:colcon.colcon_core.environment:checking '/root/ros_ws/install/turtlebot3_gazebo/lib'
[0.693s] Level 1:colcon.colcon_core.environment:checking '/root/ros_ws/install/turtlebot3_gazebo/bin'
[0.693s] Level 1:colcon.colcon_core.environment:checking '/root/ros_ws/install/turtlebot3_gazebo/lib/pkgconfig/turtlebot3_gazebo.pc'
[0.693s] Level 1:colcon.colcon_core.environment:checking '/root/ros_ws/install/turtlebot3_gazebo/lib/python3.12/site-packages'
[0.693s] Level 1:colcon.colcon_core.environment:checking '/root/ros_ws/install/turtlebot3_gazebo/bin'
[0.693s] INFO:colcon.colcon_core.shell:Creating package script '/root/ros_ws/install/turtlebot3_gazebo/share/turtlebot3_gazebo/package.ps1'
[0.694s] INFO:colcon.colcon_core.shell:Creating package descriptor '/root/ros_ws/install/turtlebot3_gazebo/share/turtlebot3_gazebo/package.dsv'
[0.694s] INFO:colcon.colcon_core.shell:Creating package script '/root/ros_ws/install/turtlebot3_gazebo/share/turtlebot3_gazebo/package.sh'
[0.694s] INFO:colcon.colcon_core.shell:Creating package script '/root/ros_ws/install/turtlebot3_gazebo/share/turtlebot3_gazebo/package.bash'
[0.695s] INFO:colcon.colcon_core.shell:Creating package script '/root/ros_ws/install/turtlebot3_gazebo/share/turtlebot3_gazebo/package.zsh'
[0.695s] Level 1:colcon.colcon_core.environment:create_file_with_runtime_dependencies(/root/ros_ws/install/turtlebot3_gazebo/share/colcon-core/packages/turtlebot3_gazebo)
[0.695s] Level 1:colcon.colcon_core.environment:create_environment_scripts_only(turtlebot3_gazebo)
[0.696s] Level 1:colcon.colcon_core.environment:checking '/root/ros_ws/install/turtlebot3_gazebo' for CMake module files
[0.696s] Level 1:colcon.colcon_core.environment:checking '/root/ros_ws/install/turtlebot3_gazebo' for CMake config files
[0.697s] Level 1:colcon.colcon_core.shell:create_environment_hook('turtlebot3_gazebo', 'cmake_prefix_path')
[0.697s] INFO:colcon.colcon_core.shell:Creating environment hook '/root/ros_ws/install/turtlebot3_gazebo/share/turtlebot3_gazebo/hook/cmake_prefix_path.ps1'
[0.697s] INFO:colcon.colcon_core.shell:Creating environment descriptor '/root/ros_ws/install/turtlebot3_gazebo/share/turtlebot3_gazebo/hook/cmake_prefix_path.dsv'
[0.698s] INFO:colcon.colcon_core.shell:Creating environment hook '/root/ros_ws/install/turtlebot3_gazebo/share/turtlebot3_gazebo/hook/cmake_prefix_path.sh'
[0.698s] Level 1:colcon.colcon_core.environment:checking '/root/ros_ws/install/turtlebot3_gazebo/lib'
[0.698s] Level 1:colcon.colcon_core.environment:checking '/root/ros_ws/install/turtlebot3_gazebo/bin'
[0.699s] Level 1:colcon.colcon_core.environment:checking '/root/ros_ws/install/turtlebot3_gazebo/lib/pkgconfig/turtlebot3_gazebo.pc'
[0.699s] Level 1:colcon.colcon_core.environment:checking '/root/ros_ws/install/turtlebot3_gazebo/lib/python3.12/site-packages'
[0.699s] Level 1:colcon.colcon_core.environment:checking '/root/ros_ws/install/turtlebot3_gazebo/bin'
[0.699s] INFO:colcon.colcon_core.shell:Creating package script '/root/ros_ws/install/turtlebot3_gazebo/share/turtlebot3_gazebo/package.ps1'
[0.700s] INFO:colcon.colcon_core.shell:Creating package descriptor '/root/ros_ws/install/turtlebot3_gazebo/share/turtlebot3_gazebo/package.dsv'
[0.700s] INFO:colcon.colcon_core.shell:Creating package script '/root/ros_ws/install/turtlebot3_gazebo/share/turtlebot3_gazebo/package.sh'
[0.700s] INFO:colcon.colcon_core.shell:Creating package script '/root/ros_ws/install/turtlebot3_gazebo/share/turtlebot3_gazebo/package.bash'
[0.701s] INFO:colcon.colcon_core.shell:Creating package script '/root/ros_ws/install/turtlebot3_gazebo/share/turtlebot3_gazebo/package.zsh'
[0.701s] Level 1:colcon.colcon_core.environment:create_file_with_runtime_dependencies(/root/ros_ws/install/turtlebot3_gazebo/share/colcon-core/packages/turtlebot3_gazebo)
[0.704s] DEBUG:colcon.colcon_core.event_handler.log_command:Invoked command in '/root/ros_ws/build/turtlebot3_bringup' returned '0': CMAKE_PREFIX_PATH=/root/ros_ws/install/turtlebot3_node:/root/ros_ws/install/turtlebot3_description:/root/ros_ws/install/turtlebot3:/root/ros_ws/install/turtlebot3_bringup:/root/ros_ws/install/turtlebot3_navigation2:/root/ros_ws/install/turtlebot3_gazebo:/root/ros_ws/install/turtlebot3_cartographer:/opt/ros/jazzy/opt/gz_sim_vendor:/opt/ros/jazzy/opt/gz_sensors_vendor:/opt/ros/jazzy/opt/gz_physics_vendor:/opt/ros/jazzy/opt/sdformat_vendor:/opt/ros/jazzy/opt/gz_gui_vendor:/opt/ros/jazzy/opt/gz_transport_vendor:/opt/ros/jazzy/opt/gz_rendering_vendor:/opt/ros/jazzy/opt/gz_plugin_vendor:/opt/ros/jazzy/opt/gz_fuel_tools_vendor:/opt/ros/jazzy/opt/gz_msgs_vendor:/opt/ros/jazzy/opt/gz_common_vendor:/opt/ros/jazzy/opt/gz_math_vendor:/opt/ros/jazzy/opt/gz_utils_vendor:/opt/ros/jazzy/opt/gz_tools_vendor:/opt/ros/jazzy/opt/gz_ogre_next_vendor:/opt/ros/jazzy/opt/gz_dartsim_vendor:/opt/ros/jazzy/opt/gz_cmake_vendor:/root/ros_ws/install/turtlebot3_teleop:/root/ros_ws/install/turtlebot3_example:/root/ros_ws/install/tb3_multi_nav:/opt/ros/jazzy /usr/bin/cmake --build /root/ros_ws/build/turtlebot3_bringup -- -j16 -l16
[0.705s] DEBUG:colcon.colcon_core.event_handler.log_command:Invoking command in '/root/ros_ws/build/turtlebot3_bringup': CMAKE_PREFIX_PATH=/root/ros_ws/install/turtlebot3_node:/root/ros_ws/install/turtlebot3_description:/root/ros_ws/install/turtlebot3:/root/ros_ws/install/turtlebot3_bringup:/root/ros_ws/install/turtlebot3_navigation2:/root/ros_ws/install/turtlebot3_gazebo:/root/ros_ws/install/turtlebot3_cartographer:/opt/ros/jazzy/opt/gz_sim_vendor:/opt/ros/jazzy/opt/gz_sensors_vendor:/opt/ros/jazzy/opt/gz_physics_vendor:/opt/ros/jazzy/opt/sdformat_vendor:/opt/ros/jazzy/opt/gz_gui_vendor:/opt/ros/jazzy/opt/gz_transport_vendor:/opt/ros/jazzy/opt/gz_rendering_vendor:/opt/ros/jazzy/opt/gz_plugin_vendor:/opt/ros/jazzy/opt/gz_fuel_tools_vendor:/opt/ros/jazzy/opt/gz_msgs_vendor:/opt/ros/jazzy/opt/gz_common_vendor:/opt/ros/jazzy/opt/gz_math_vendor:/opt/ros/jazzy/opt/gz_utils_vendor:/opt/ros/jazzy/opt/gz_tools_vendor:/opt/ros/jazzy/opt/gz_ogre_next_vendor:/opt/ros/jazzy/opt/gz_dartsim_vendor:/opt/ros/jazzy/opt/gz_cmake_vendor:/root/ros_ws/install/turtlebot3_teleop:/root/ros_ws/install/turtlebot3_example:/root/ros_ws/install/tb3_multi_nav:/opt/ros/jazzy /usr/bin/cmake --install /root/ros_ws/build/turtlebot3_bringup
[0.716s] Level 1:colcon.colcon_core.environment:create_environment_scripts_only(turtlebot3_bringup)
[0.716s] Level 1:colcon.colcon_core.environment:checking '/root/ros_ws/install/turtlebot3_bringup' for CMake module files
[0.718s] DEBUG:colcon.colcon_core.event_handler.log_command:Invoked command in '/root/ros_ws/build/turtlebot3_bringup' returned '0': CMAKE_PREFIX_PATH=/root/ros_ws/install/turtlebot3_node:/root/ros_ws/install/turtlebot3_description:/root/ros_ws/install/turtlebot3:/root/ros_ws/install/turtlebot3_bringup:/root/ros_ws/install/turtlebot3_navigation2:/root/ros_ws/install/turtlebot3_gazebo:/root/ros_ws/install/turtlebot3_cartographer:/opt/ros/jazzy/opt/gz_sim_vendor:/opt/ros/jazzy/opt/gz_sensors_vendor:/opt/ros/jazzy/opt/gz_physics_vendor:/opt/ros/jazzy/opt/sdformat_vendor:/opt/ros/jazzy/opt/gz_gui_vendor:/opt/ros/jazzy/opt/gz_transport_vendor:/opt/ros/jazzy/opt/gz_rendering_vendor:/opt/ros/jazzy/opt/gz_plugin_vendor:/opt/ros/jazzy/opt/gz_fuel_tools_vendor:/opt/ros/jazzy/opt/gz_msgs_vendor:/opt/ros/jazzy/opt/gz_common_vendor:/opt/ros/jazzy/opt/gz_math_vendor:/opt/ros/jazzy/opt/gz_utils_vendor:/opt/ros/jazzy/opt/gz_tools_vendor:/opt/ros/jazzy/opt/gz_ogre_next_vendor:/opt/ros/jazzy/opt/gz_dartsim_vendor:/opt/ros/jazzy/opt/gz_cmake_vendor:/root/ros_ws/install/turtlebot3_teleop:/root/ros_ws/install/turtlebot3_example:/root/ros_ws/install/tb3_multi_nav:/opt/ros/jazzy /usr/bin/cmake --install /root/ros_ws/build/turtlebot3_bringup
[0.719s] Level 1:colcon.colcon_core.environment:checking '/root/ros_ws/install/turtlebot3_bringup' for CMake config files
[0.719s] Level 1:colcon.colcon_core.shell:create_environment_hook('turtlebot3_bringup', 'cmake_prefix_path')
[0.719s] INFO:colcon.colcon_core.shell:Creating environment hook '/root/ros_ws/install/turtlebot3_bringup/share/turtlebot3_bringup/hook/cmake_prefix_path.ps1'
[0.720s] INFO:colcon.colcon_core.shell:Creating environment descriptor '/root/ros_ws/install/turtlebot3_bringup/share/turtlebot3_bringup/hook/cmake_prefix_path.dsv'
[0.720s] INFO:colcon.colcon_core.shell:Creating environment hook '/root/ros_ws/install/turtlebot3_bringup/share/turtlebot3_bringup/hook/cmake_prefix_path.sh'
[0.721s] Level 1:colcon.colcon_core.environment:checking '/root/ros_ws/install/turtlebot3_bringup/bin'
[0.721s] Level 1:colcon.colcon_core.environment:checking '/root/ros_ws/install/turtlebot3_bringup/lib/pkgconfig/turtlebot3_bringup.pc'
[0.721s] Level 1:colcon.colcon_core.environment:checking '/root/ros_ws/install/turtlebot3_bringup/lib/python3.12/site-packages'
[0.721s] Level 1:colcon.colcon_core.environment:checking '/root/ros_ws/install/turtlebot3_bringup/bin'
[0.721s] INFO:colcon.colcon_core.shell:Creating package script '/root/ros_ws/install/turtlebot3_bringup/share/turtlebot3_bringup/package.ps1'
[0.722s] INFO:colcon.colcon_core.shell:Creating package descriptor '/root/ros_ws/install/turtlebot3_bringup/share/turtlebot3_bringup/package.dsv'
[0.722s] INFO:colcon.colcon_core.shell:Creating package script '/root/ros_ws/install/turtlebot3_bringup/share/turtlebot3_bringup/package.sh'
[0.722s] INFO:colcon.colcon_core.shell:Creating package script '/root/ros_ws/install/turtlebot3_bringup/share/turtlebot3_bringup/package.bash'
[0.722s] INFO:colcon.colcon_core.shell:Creating package script '/root/ros_ws/install/turtlebot3_bringup/share/turtlebot3_bringup/package.zsh'
[0.723s] Level 1:colcon.colcon_core.environment:create_file_with_runtime_dependencies(/root/ros_ws/install/turtlebot3_bringup/share/colcon-core/packages/turtlebot3_bringup)
[0.723s] Level 1:colcon.colcon_core.environment:create_environment_scripts_only(turtlebot3_bringup)
[0.723s] Level 1:colcon.colcon_core.environment:checking '/root/ros_ws/install/turtlebot3_bringup' for CMake module files
[0.723s] Level 1:colcon.colcon_core.environment:checking '/root/ros_ws/install/turtlebot3_bringup' for CMake config files
[0.723s] Level 1:colcon.colcon_core.shell:create_environment_hook('turtlebot3_bringup', 'cmake_prefix_path')
[0.724s] INFO:colcon.colcon_core.shell:Creating environment hook '/root/ros_ws/install/turtlebot3_bringup/share/turtlebot3_bringup/hook/cmake_prefix_path.ps1'
[0.724s] INFO:colcon.colcon_core.shell:Creating environment descriptor '/root/ros_ws/install/turtlebot3_bringup/share/turtlebot3_bringup/hook/cmake_prefix_path.dsv'
[0.724s] INFO:colcon.colcon_core.shell:Creating environment hook '/root/ros_ws/install/turtlebot3_bringup/share/turtlebot3_bringup/hook/cmake_prefix_path.sh'
[0.725s] Level 1:colcon.colcon_core.environment:checking '/root/ros_ws/install/turtlebot3_bringup/bin'
[0.725s] Level 1:colcon.colcon_core.environment:checking '/root/ros_ws/install/turtlebot3_bringup/lib/pkgconfig/turtlebot3_bringup.pc'
[0.725s] Level 1:colcon.colcon_core.environment:checking '/root/ros_ws/install/turtlebot3_bringup/lib/python3.12/site-packages'
[0.725s] Level 1:colcon.colcon_core.environment:checking '/root/ros_ws/install/turtlebot3_bringup/bin'
[0.725s] INFO:colcon.colcon_core.shell:Creating package script '/root/ros_ws/install/turtlebot3_bringup/share/turtlebot3_bringup/package.ps1'
[0.726s] INFO:colcon.colcon_core.shell:Creating package descriptor '/root/ros_ws/install/turtlebot3_bringup/share/turtlebot3_bringup/package.dsv'
[0.726s] INFO:colcon.colcon_core.shell:Creating package script '/root/ros_ws/install/turtlebot3_bringup/share/turtlebot3_bringup/package.sh'
[0.726s] INFO:colcon.colcon_core.shell:Creating package script '/root/ros_ws/install/turtlebot3_bringup/share/turtlebot3_bringup/package.bash'
[0.726s] INFO:colcon.colcon_core.shell:Creating package script '/root/ros_ws/install/turtlebot3_bringup/share/turtlebot3_bringup/package.zsh'
[0.727s] Level 1:colcon.colcon_core.environment:create_file_with_runtime_dependencies(/root/ros_ws/install/turtlebot3_bringup/share/colcon-core/packages/turtlebot3_bringup)
[0.925s] DEBUG:colcon.colcon_core.event_handler.log_command:Invoking command in '/root/ros_ws/src/turtlebot3-jazzy/turtlebot3_example': PYTHONPATH=/root/ros_ws/build/turtlebot3_example/prefix_override:/usr/lib/python3/dist-packages/colcon_core/task/python/colcon_distutils_commands:/root/ros_ws/install/turtlebot3_example/lib/python3.12/site-packages:${PYTHONPATH} /usr/bin/python3 -W ignore:setup.py install is deprecated -W ignore:easy_install command is deprecated setup.py egg_info --egg-base ../../../build/turtlebot3_example build --build-base /root/ros_ws/build/turtlebot3_example/build install --record /root/ros_ws/build/turtlebot3_example/install.log --single-version-externally-managed install_data
[0.938s] DEBUG:colcon.colcon_core.event_handler.log_command:Invoking command in '/root/ros_ws/src/tb3_multi_nav': PYTHONPATH=/root/ros_ws/build/tb3_multi_nav/prefix_override:/usr/lib/python3/dist-packages/colcon_core/task/python/colcon_distutils_commands:/root/ros_ws/install/tb3_multi_nav/lib/python3.12/site-packages:${PYTHONPATH} /usr/bin/python3 -W ignore:setup.py install is deprecated -W ignore:easy_install command is deprecated setup.py egg_info --egg-base ../../build/tb3_multi_nav build --build-base /root/ros_ws/build/tb3_multi_nav/build install --record /root/ros_ws/build/tb3_multi_nav/install.log --single-version-externally-managed install_data
[0.944s] DEBUG:colcon.colcon_core.event_handler.log_command:Invoking command in '/root/ros_ws/src/turtlebot3-jazzy/turtlebot3_teleop': PYTHONPATH=/root/ros_ws/build/turtlebot3_teleop/prefix_override:/usr/lib/python3/dist-packages/colcon_core/task/python/colcon_distutils_commands:/root/ros_ws/install/turtlebot3_teleop/lib/python3.12/site-packages:${PYTHONPATH} /usr/bin/python3 -W ignore:setup.py install is deprecated -W ignore:easy_install command is deprecated setup.py egg_info --egg-base ../../../build/turtlebot3_teleop build --build-base /root/ros_ws/build/turtlebot3_teleop/build install --record /root/ros_ws/build/turtlebot3_teleop/install.log --single-version-externally-managed install_data
[1.211s] Level 1:colcon.colcon_core.environment:checking '/root/ros_ws/install/turtlebot3_example' for CMake module files
[1.211s] DEBUG:colcon.colcon_core.event_handler.log_command:Invoked command in '/root/ros_ws/src/turtlebot3-jazzy/turtlebot3_example' returned '0': PYTHONPATH=/root/ros_ws/build/turtlebot3_example/prefix_override:/usr/lib/python3/dist-packages/colcon_core/task/python/colcon_distutils_commands:/root/ros_ws/install/turtlebot3_example/lib/python3.12/site-packages:${PYTHONPATH} /usr/bin/python3 -W ignore:setup.py install is deprecated -W ignore:easy_install command is deprecated setup.py egg_info --egg-base ../../../build/turtlebot3_example build --build-base /root/ros_ws/build/turtlebot3_example/build install --record /root/ros_ws/build/turtlebot3_example/install.log --single-version-externally-managed install_data
[1.211s] Level 1:colcon.colcon_core.environment:checking '/root/ros_ws/install/turtlebot3_example' for CMake config files
[1.212s] Level 1:colcon.colcon_core.environment:checking '/root/ros_ws/install/turtlebot3_example/lib'
[1.212s] Level 1:colcon.colcon_core.environment:checking '/root/ros_ws/install/turtlebot3_example/bin'
[1.212s] Level 1:colcon.colcon_core.environment:checking '/root/ros_ws/install/turtlebot3_example/lib/pkgconfig/turtlebot3_example.pc'
[1.212s] Level 1:colcon.colcon_core.environment:checking '/root/ros_ws/install/turtlebot3_example/lib/python3.12/site-packages'
[1.212s] Level 1:colcon.colcon_core.shell:create_environment_hook('turtlebot3_example', 'pythonpath')
[1.213s] INFO:colcon.colcon_core.shell:Creating environment hook '/root/ros_ws/install/turtlebot3_example/share/turtlebot3_example/hook/pythonpath.ps1'
[1.213s] INFO:colcon.colcon_core.shell:Creating environment descriptor '/root/ros_ws/install/turtlebot3_example/share/turtlebot3_example/hook/pythonpath.dsv'
[1.213s] INFO:colcon.colcon_core.shell:Creating environment hook '/root/ros_ws/install/turtlebot3_example/share/turtlebot3_example/hook/pythonpath.sh'
[1.214s] Level 1:colcon.colcon_core.environment:checking '/root/ros_ws/install/turtlebot3_example/bin'
[1.214s] Level 1:colcon.colcon_core.environment:create_environment_scripts_only(turtlebot3_example)
[1.214s] INFO:colcon.colcon_core.shell:Creating package script '/root/ros_ws/install/turtlebot3_example/share/turtlebot3_example/package.ps1'
[1.215s] INFO:colcon.colcon_core.shell:Creating package descriptor '/root/ros_ws/install/turtlebot3_example/share/turtlebot3_example/package.dsv'
[1.215s] INFO:colcon.colcon_core.shell:Creating package script '/root/ros_ws/install/turtlebot3_example/share/turtlebot3_example/package.sh'
[1.215s] INFO:colcon.colcon_core.shell:Creating package script '/root/ros_ws/install/turtlebot3_example/share/turtlebot3_example/package.bash'
[1.215s] INFO:colcon.colcon_core.shell:Creating package script '/root/ros_ws/install/turtlebot3_example/share/turtlebot3_example/package.zsh'
[1.216s] Level 1:colcon.colcon_core.environment:create_file_with_runtime_dependencies(/root/ros_ws/install/turtlebot3_example/share/colcon-core/packages/turtlebot3_example)
[1.217s] Level 1:colcon.colcon_core.environment:checking '/root/ros_ws/install/tb3_multi_nav' for CMake module files
[1.218s] DEBUG:colcon.colcon_core.event_handler.log_command:Invoked command in '/root/ros_ws/src/tb3_multi_nav' returned '0': PYTHONPATH=/root/ros_ws/build/tb3_multi_nav/prefix_override:/usr/lib/python3/dist-packages/colcon_core/task/python/colcon_distutils_commands:/root/ros_ws/install/tb3_multi_nav/lib/python3.12/site-packages:${PYTHONPATH} /usr/bin/python3 -W ignore:setup.py install is deprecated -W ignore:easy_install command is deprecated setup.py egg_info --egg-base ../../build/tb3_multi_nav build --build-base /root/ros_ws/build/tb3_multi_nav/build install --record /root/ros_ws/build/tb3_multi_nav/install.log --single-version-externally-managed install_data
[1.218s] Level 1:colcon.colcon_core.environment:checking '/root/ros_ws/install/tb3_multi_nav' for CMake config files
[1.218s] Level 1:colcon.colcon_core.environment:checking '/root/ros_ws/install/tb3_multi_nav/lib'
[1.218s] Level 1:colcon.colcon_core.environment:checking '/root/ros_ws/install/tb3_multi_nav/bin'
[1.218s] Level 1:colcon.colcon_core.environment:checking '/root/ros_ws/install/tb3_multi_nav/lib/pkgconfig/tb3_multi_nav.pc'
[1.219s] Level 1:colcon.colcon_core.environment:checking '/root/ros_ws/install/tb3_multi_nav/lib/python3.12/site-packages'
[1.219s] Level 1:colcon.colcon_core.shell:create_environment_hook('tb3_multi_nav', 'pythonpath')
[1.219s] INFO:colcon.colcon_core.shell:Creating environment hook '/root/ros_ws/install/tb3_multi_nav/share/tb3_multi_nav/hook/pythonpath.ps1'
[1.219s] INFO:colcon.colcon_core.shell:Creating environment descriptor '/root/ros_ws/install/tb3_multi_nav/share/tb3_multi_nav/hook/pythonpath.dsv'
[1.219s] INFO:colcon.colcon_core.shell:Creating environment hook '/root/ros_ws/install/tb3_multi_nav/share/tb3_multi_nav/hook/pythonpath.sh'
[1.220s] Level 1:colcon.colcon_core.environment:checking '/root/ros_ws/install/tb3_multi_nav/bin'
[1.220s] Level 1:colcon.colcon_core.environment:create_environment_scripts_only(tb3_multi_nav)
[1.220s] INFO:colcon.colcon_core.shell:Creating package script '/root/ros_ws/install/tb3_multi_nav/share/tb3_multi_nav/package.ps1'
[1.221s] INFO:colcon.colcon_core.shell:Creating package descriptor '/root/ros_ws/install/tb3_multi_nav/share/tb3_multi_nav/package.dsv'
[1.221s] INFO:colcon.colcon_core.shell:Creating package script '/root/ros_ws/install/tb3_multi_nav/share/tb3_multi_nav/package.sh'
[1.221s] INFO:colcon.colcon_core.shell:Creating package script '/root/ros_ws/install/tb3_multi_nav/share/tb3_multi_nav/package.bash'
[1.221s] INFO:colcon.colcon_core.shell:Creating package script '/root/ros_ws/install/tb3_multi_nav/share/tb3_multi_nav/package.zsh'
[1.222s] Level 1:colcon.colcon_core.environment:create_file_with_runtime_dependencies(/root/ros_ws/install/tb3_multi_nav/share/colcon-core/packages/tb3_multi_nav)
[1.226s] Level 1:colcon.colcon_core.environment:checking '/root/ros_ws/install/turtlebot3_teleop' for CMake module files
[1.227s] DEBUG:colcon.colcon_core.event_handler.log_command:Invoked command in '/root/ros_ws/src/turtlebot3-jazzy/turtlebot3_teleop' returned '0': PYTHONPATH=/root/ros_ws/build/turtlebot3_teleop/prefix_override:/usr/lib/python3/dist-packages/colcon_core/task/python/colcon_distutils_commands:/root/ros_ws/install/turtlebot3_teleop/lib/python3.12/site-packages:${PYTHONPATH} /usr/bin/python3 -W ignore:setup.py install is deprecated -W ignore:easy_install command is deprecated setup.py egg_info --egg-base ../../../build/turtlebot3_teleop build --build-base /root/ros_ws/build/turtlebot3_teleop/build install --record /root/ros_ws/build/turtlebot3_teleop/install.log --single-version-externally-managed install_data
[1.227s] Level 1:colcon.colcon_core.environment:checking '/root/ros_ws/install/turtlebot3_teleop' for CMake config files
[1.228s] Level 1:colcon.colcon_core.environment:checking '/root/ros_ws/install/turtlebot3_teleop/lib'
[1.228s] Level 1:colcon.colcon_core.environment:checking '/root/ros_ws/install/turtlebot3_teleop/bin'
[1.228s] Level 1:colcon.colcon_core.environment:checking '/root/ros_ws/install/turtlebot3_teleop/lib/pkgconfig/turtlebot3_teleop.pc'
[1.228s] Level 1:colcon.colcon_core.environment:checking '/root/ros_ws/install/turtlebot3_teleop/lib/python3.12/site-packages'
[1.228s] Level 1:colcon.colcon_core.shell:create_environment_hook('turtlebot3_teleop', 'pythonpath')
[1.228s] INFO:colcon.colcon_core.shell:Creating environment hook '/root/ros_ws/install/turtlebot3_teleop/share/turtlebot3_teleop/hook/pythonpath.ps1'
[1.229s] INFO:colcon.colcon_core.shell:Creating environment descriptor '/root/ros_ws/install/turtlebot3_teleop/share/turtlebot3_teleop/hook/pythonpath.dsv'
[1.229s] INFO:colcon.colcon_core.shell:Creating environment hook '/root/ros_ws/install/turtlebot3_teleop/share/turtlebot3_teleop/hook/pythonpath.sh'
[1.230s] Level 1:colcon.colcon_core.environment:checking '/root/ros_ws/install/turtlebot3_teleop/bin'
[1.230s] Level 1:colcon.colcon_core.environment:create_environment_scripts_only(turtlebot3_teleop)
[1.230s] INFO:colcon.colcon_core.shell:Creating package script '/root/ros_ws/install/turtlebot3_teleop/share/turtlebot3_teleop/package.ps1'
[1.230s] INFO:colcon.colcon_core.shell:Creating package descriptor '/root/ros_ws/install/turtlebot3_teleop/share/turtlebot3_teleop/package.dsv'
[1.231s] INFO:colcon.colcon_core.shell:Creating package script '/root/ros_ws/install/turtlebot3_teleop/share/turtlebot3_teleop/package.sh'
[1.231s] INFO:colcon.colcon_core.shell:Creating package script '/root/ros_ws/install/turtlebot3_teleop/share/turtlebot3_teleop/package.bash'
[1.232s] INFO:colcon.colcon_core.shell:Creating package script '/root/ros_ws/install/turtlebot3_teleop/share/turtlebot3_teleop/package.zsh'
[1.232s] Level 1:colcon.colcon_core.environment:create_file_with_runtime_dependencies(/root/ros_ws/install/turtlebot3_teleop/share/colcon-core/packages/turtlebot3_teleop)
[1.233s] INFO:colcon.colcon_ros.task.ament_cmake.build:Building ROS package in '/root/ros_ws/src/turtlebot3-jazzy/turtlebot3' with build type 'ament_cmake'
[1.233s] INFO:colcon.colcon_cmake.task.cmake.build:Building CMake package in '/root/ros_ws/src/turtlebot3-jazzy/turtlebot3'
[1.233s] INFO:colcon.colcon_core.shell:Skip shell extension 'powershell' for command environment: Not usable outside of PowerShell
[1.233s] DEBUG:colcon.colcon_core.shell:Skip shell extension 'dsv' for command environment
[1.245s] DEBUG:colcon.colcon_core.event_handler.log_command:Invoking command in '/root/ros_ws/build/turtlebot3': AMENT_PREFIX_PATH=/root/ros_ws/install/turtlebot3_teleop:/root/ros_ws/install/turtlebot3_example:/root/ros_ws/install/turtlebot3:/root/ros_ws/install/turtlebot3_bringup:/root/ros_ws/install/turtlebot3_node:/root/ros_ws/install/turtlebot3_navigation2:/root/ros_ws/install/turtlebot3_gazebo:/root/ros_ws/install/turtlebot3_description:/root/ros_ws/install/turtlebot3_cartographer:/root/ros_ws/install/tb3_multi_nav:/opt/ros/jazzy CMAKE_PREFIX_PATH=/root/ros_ws/install/turtlebot3_bringup:/root/ros_ws/install/turtlebot3_node:/root/ros_ws/install/turtlebot3_navigation2:/root/ros_ws/install/turtlebot3_description:/root/ros_ws/install/turtlebot3_cartographer:/root/ros_ws/install/turtlebot3:/root/ros_ws/install/turtlebot3_gazebo:/opt/ros/jazzy/opt/gz_sim_vendor:/opt/ros/jazzy/opt/gz_sensors_vendor:/opt/ros/jazzy/opt/gz_physics_vendor:/opt/ros/jazzy/opt/sdformat_vendor:/opt/ros/jazzy/opt/gz_gui_vendor:/opt/ros/jazzy/opt/gz_transport_vendor:/opt/ros/jazzy/opt/gz_rendering_vendor:/opt/ros/jazzy/opt/gz_plugin_vendor:/opt/ros/jazzy/opt/gz_fuel_tools_vendor:/opt/ros/jazzy/opt/gz_msgs_vendor:/opt/ros/jazzy/opt/gz_common_vendor:/opt/ros/jazzy/opt/gz_math_vendor:/opt/ros/jazzy/opt/gz_utils_vendor:/opt/ros/jazzy/opt/gz_tools_vendor:/opt/ros/jazzy/opt/gz_ogre_next_vendor:/opt/ros/jazzy/opt/gz_dartsim_vendor:/opt/ros/jazzy/opt/gz_cmake_vendor:/root/ros_ws/install/turtlebot3_teleop:/root/ros_ws/install/turtlebot3_example:/root/ros_ws/install/tb3_multi_nav:/opt/ros/jazzy /usr/bin/cmake --build /root/ros_ws/build/turtlebot3 -- -j16 -l16
[1.277s] DEBUG:colcon.colcon_core.event_handler.log_command:Invoked command in '/root/ros_ws/build/turtlebot3' returned '0': AMENT_PREFIX_PATH=/root/ros_ws/install/turtlebot3_teleop:/root/ros_ws/install/turtlebot3_example:/root/ros_ws/install/turtlebot3:/root/ros_ws/install/turtlebot3_bringup:/root/ros_ws/install/turtlebot3_node:/root/ros_ws/install/turtlebot3_navigation2:/root/ros_ws/install/turtlebot3_gazebo:/root/ros_ws/install/turtlebot3_description:/root/ros_ws/install/turtlebot3_cartographer:/root/ros_ws/install/tb3_multi_nav:/opt/ros/jazzy CMAKE_PREFIX_PATH=/root/ros_ws/install/turtlebot3_bringup:/root/ros_ws/install/turtlebot3_node:/root/ros_ws/install/turtlebot3_navigation2:/root/ros_ws/install/turtlebot3_description:/root/ros_ws/install/turtlebot3_cartographer:/root/ros_ws/install/turtlebot3:/root/ros_ws/install/turtlebot3_gazebo:/opt/ros/jazzy/opt/gz_sim_vendor:/opt/ros/jazzy/opt/gz_sensors_vendor:/opt/ros/jazzy/opt/gz_physics_vendor:/opt/ros/jazzy/opt/sdformat_vendor:/opt/ros/jazzy/opt/gz_gui_vendor:/opt/ros/jazzy/opt/gz_transport_vendor:/opt/ros/jazzy/opt/gz_rendering_vendor:/opt/ros/jazzy/opt/gz_plugin_vendor:/opt/ros/jazzy/opt/gz_fuel_tools_vendor:/opt/ros/jazzy/opt/gz_msgs_vendor:/opt/ros/jazzy/opt/gz_common_vendor:/opt/ros/jazzy/opt/gz_math_vendor:/opt/ros/jazzy/opt/gz_utils_vendor:/opt/ros/jazzy/opt/gz_tools_vendor:/opt/ros/jazzy/opt/gz_ogre_next_vendor:/opt/ros/jazzy/opt/gz_dartsim_vendor:/opt/ros/jazzy/opt/gz_cmake_vendor:/root/ros_ws/install/turtlebot3_teleop:/root/ros_ws/install/turtlebot3_example:/root/ros_ws/install/tb3_multi_nav:/opt/ros/jazzy /usr/bin/cmake --build /root/ros_ws/build/turtlebot3 -- -j16 -l16
[1.278s] DEBUG:colcon.colcon_core.event_handler.log_command:Invoking command in '/root/ros_ws/build/turtlebot3': AMENT_PREFIX_PATH=/root/ros_ws/install/turtlebot3_teleop:/root/ros_ws/install/turtlebot3_example:/root/ros_ws/install/turtlebot3:/root/ros_ws/install/turtlebot3_bringup:/root/ros_ws/install/turtlebot3_node:/root/ros_ws/install/turtlebot3_navigation2:/root/ros_ws/install/turtlebot3_gazebo:/root/ros_ws/install/turtlebot3_description:/root/ros_ws/install/turtlebot3_cartographer:/root/ros_ws/install/tb3_multi_nav:/opt/ros/jazzy CMAKE_PREFIX_PATH=/root/ros_ws/install/turtlebot3_bringup:/root/ros_ws/install/turtlebot3_node:/root/ros_ws/install/turtlebot3_navigation2:/root/ros_ws/install/turtlebot3_description:/root/ros_ws/install/turtlebot3_cartographer:/root/ros_ws/install/turtlebot3:/root/ros_ws/install/turtlebot3_gazebo:/opt/ros/jazzy/opt/gz_sim_vendor:/opt/ros/jazzy/opt/gz_sensors_vendor:/opt/ros/jazzy/opt/gz_physics_vendor:/opt/ros/jazzy/opt/sdformat_vendor:/opt/ros/jazzy/opt/gz_gui_vendor:/opt/ros/jazzy/opt/gz_transport_vendor:/opt/ros/jazzy/opt/gz_rendering_vendor:/opt/ros/jazzy/opt/gz_plugin_vendor:/opt/ros/jazzy/opt/gz_fuel_tools_vendor:/opt/ros/jazzy/opt/gz_msgs_vendor:/opt/ros/jazzy/opt/gz_common_vendor:/opt/ros/jazzy/opt/gz_math_vendor:/opt/ros/jazzy/opt/gz_utils_vendor:/opt/ros/jazzy/opt/gz_tools_vendor:/opt/ros/jazzy/opt/gz_ogre_next_vendor:/opt/ros/jazzy/opt/gz_dartsim_vendor:/opt/ros/jazzy/opt/gz_cmake_vendor:/root/ros_ws/install/turtlebot3_teleop:/root/ros_ws/install/turtlebot3_example:/root/ros_ws/install/tb3_multi_nav:/opt/ros/jazzy /usr/bin/cmake --install /root/ros_ws/build/turtlebot3
[1.285s] Level 1:colcon.colcon_core.environment:create_environment_scripts_only(turtlebot3)
[1.285s] Level 1:colcon.colcon_core.environment:checking '/root/ros_ws/install/turtlebot3' for CMake module files
[1.286s] DEBUG:colcon.colcon_core.event_handler.log_command:Invoked command in '/root/ros_ws/build/turtlebot3' returned '0': AMENT_PREFIX_PATH=/root/ros_ws/install/turtlebot3_teleop:/root/ros_ws/install/turtlebot3_example:/root/ros_ws/install/turtlebot3:/root/ros_ws/install/turtlebot3_bringup:/root/ros_ws/install/turtlebot3_node:/root/ros_ws/install/turtlebot3_navigation2:/root/ros_ws/install/turtlebot3_gazebo:/root/ros_ws/install/turtlebot3_description:/root/ros_ws/install/turtlebot3_cartographer:/root/ros_ws/install/tb3_multi_nav:/opt/ros/jazzy CMAKE_PREFIX_PATH=/root/ros_ws/install/turtlebot3_bringup:/root/ros_ws/install/turtlebot3_node:/root/ros_ws/install/turtlebot3_navigation2:/root/ros_ws/install/turtlebot3_description:/root/ros_ws/install/turtlebot3_cartographer:/root/ros_ws/install/turtlebot3:/root/ros_ws/install/turtlebot3_gazebo:/opt/ros/jazzy/opt/gz_sim_vendor:/opt/ros/jazzy/opt/gz_sensors_vendor:/opt/ros/jazzy/opt/gz_physics_vendor:/opt/ros/jazzy/opt/sdformat_vendor:/opt/ros/jazzy/opt/gz_gui_vendor:/opt/ros/jazzy/opt/gz_transport_vendor:/opt/ros/jazzy/opt/gz_rendering_vendor:/opt/ros/jazzy/opt/gz_plugin_vendor:/opt/ros/jazzy/opt/gz_fuel_tools_vendor:/opt/ros/jazzy/opt/gz_msgs_vendor:/opt/ros/jazzy/opt/gz_common_vendor:/opt/ros/jazzy/opt/gz_math_vendor:/opt/ros/jazzy/opt/gz_utils_vendor:/opt/ros/jazzy/opt/gz_tools_vendor:/opt/ros/jazzy/opt/gz_ogre_next_vendor:/opt/ros/jazzy/opt/gz_dartsim_vendor:/opt/ros/jazzy/opt/gz_cmake_vendor:/root/ros_ws/install/turtlebot3_teleop:/root/ros_ws/install/turtlebot3_example:/root/ros_ws/install/tb3_multi_nav:/opt/ros/jazzy /usr/bin/cmake --install /root/ros_ws/build/turtlebot3
[1.286s] Level 1:colcon.colcon_core.environment:checking '/root/ros_ws/install/turtlebot3' for CMake config files
[1.286s] Level 1:colcon.colcon_core.shell:create_environment_hook('turtlebot3', 'cmake_prefix_path')
[1.286s] INFO:colcon.colcon_core.shell:Creating environment hook '/root/ros_ws/install/turtlebot3/share/turtlebot3/hook/cmake_prefix_path.ps1'
[1.287s] INFO:colcon.colcon_core.shell:Creating environment descriptor '/root/ros_ws/install/turtlebot3/share/turtlebot3/hook/cmake_prefix_path.dsv'
[1.287s] INFO:colcon.colcon_core.shell:Creating environment hook '/root/ros_ws/install/turtlebot3/share/turtlebot3/hook/cmake_prefix_path.sh'
[1.287s] Level 1:colcon.colcon_core.environment:checking '/root/ros_ws/install/turtlebot3/bin'
[1.287s] Level 1:colcon.colcon_core.environment:checking '/root/ros_ws/install/turtlebot3/lib/pkgconfig/turtlebot3.pc'
[1.288s] Level 1:colcon.colcon_core.environment:checking '/root/ros_ws/install/turtlebot3/lib/python3.12/site-packages'
[1.288s] Level 1:colcon.colcon_core.environment:checking '/root/ros_ws/install/turtlebot3/bin'
[1.288s] INFO:colcon.colcon_core.shell:Creating package script '/root/ros_ws/install/turtlebot3/share/turtlebot3/package.ps1'
[1.288s] INFO:colcon.colcon_core.shell:Creating package descriptor '/root/ros_ws/install/turtlebot3/share/turtlebot3/package.dsv'
[1.289s] INFO:colcon.colcon_core.shell:Creating package script '/root/ros_ws/install/turtlebot3/share/turtlebot3/package.sh'
[1.289s] INFO:colcon.colcon_core.shell:Creating package script '/root/ros_ws/install/turtlebot3/share/turtlebot3/package.bash'
[1.289s] INFO:colcon.colcon_core.shell:Creating package script '/root/ros_ws/install/turtlebot3/share/turtlebot3/package.zsh'
[1.290s] Level 1:colcon.colcon_core.environment:create_file_with_runtime_dependencies(/root/ros_ws/install/turtlebot3/share/colcon-core/packages/turtlebot3)
[1.290s] Level 1:colcon.colcon_core.environment:create_environment_scripts_only(turtlebot3)
[1.290s] Level 1:colcon.colcon_core.environment:checking '/root/ros_ws/install/turtlebot3' for CMake module files
[1.290s] Level 1:colcon.colcon_core.environment:checking '/root/ros_ws/install/turtlebot3' for CMake config files
[1.290s] Level 1:colcon.colcon_core.shell:create_environment_hook('turtlebot3', 'cmake_prefix_path')
[1.291s] INFO:colcon.colcon_core.shell:Creating environment hook '/root/ros_ws/install/turtlebot3/share/turtlebot3/hook/cmake_prefix_path.ps1'
[1.291s] INFO:colcon.colcon_core.shell:Creating environment descriptor '/root/ros_ws/install/turtlebot3/share/turtlebot3/hook/cmake_prefix_path.dsv'
[1.291s] INFO:colcon.colcon_core.shell:Creating environment hook '/root/ros_ws/install/turtlebot3/share/turtlebot3/hook/cmake_prefix_path.sh'
[1.291s] Level 1:colcon.colcon_core.environment:checking '/root/ros_ws/install/turtlebot3/bin'
[1.292s] Level 1:colcon.colcon_core.environment:checking '/root/ros_ws/install/turtlebot3/lib/pkgconfig/turtlebot3.pc'
[1.292s] Level 1:colcon.colcon_core.environment:checking '/root/ros_ws/install/turtlebot3/lib/python3.12/site-packages'
[1.292s] Level 1:colcon.colcon_core.environment:checking '/root/ros_ws/install/turtlebot3/bin'
[1.292s] INFO:colcon.colcon_core.shell:Creating package script '/root/ros_ws/install/turtlebot3/share/turtlebot3/package.ps1'
[1.292s] INFO:colcon.colcon_core.shell:Creating package descriptor '/root/ros_ws/install/turtlebot3/share/turtlebot3/package.dsv'
[1.293s] INFO:colcon.colcon_core.shell:Creating package script '/root/ros_ws/install/turtlebot3/share/turtlebot3/package.sh'
[1.293s] INFO:colcon.colcon_core.shell:Creating package script '/root/ros_ws/install/turtlebot3/share/turtlebot3/package.bash'
[1.293s] INFO:colcon.colcon_core.shell:Creating package script '/root/ros_ws/install/turtlebot3/share/turtlebot3/package.zsh'
[1.294s] Level 1:colcon.colcon_core.environment:create_file_with_runtime_dependencies(/root/ros_ws/install/turtlebot3/share/colcon-core/packages/turtlebot3)
[1.294s] DEBUG:colcon.colcon_parallel_executor.executor.parallel:closing loop
[1.294s] DEBUG:colcon.colcon_parallel_executor.executor.parallel:loop closed
[1.295s] DEBUG:colcon.colcon_parallel_executor.executor.parallel:run_until_complete finished with '0'
[1.295s] DEBUG:colcon.colcon_core.event_reactor:joining thread
[1.300s] INFO:colcon.colcon_core.plugin_system:Skipping extension 'colcon_notification.desktop_notification.notify_send': Could not find 'notify-send'
[1.300s] INFO:colcon.colcon_core.plugin_system:Skipping extension 'colcon_notification.desktop_notification.terminal_notifier': Not used on non-Darwin systems
[1.300s] INFO:colcon.colcon_core.plugin_system:Skipping extension 'colcon_notification.desktop_notification.win32': Not used on non-Windows systems
[1.300s] INFO:colcon.colcon_notification.desktop_notification:Sending desktop notification using 'notify2'
[1.302s] DEBUG:colcon.colcon_notification.desktop_notification.notify2:Failed to initialize notify2: org.freedesktop.DBus.Error.Spawn.ExecFailed: /usr/bin/dbus-launch terminated abnormally without any error message
[1.302s] DEBUG:colcon.colcon_core.event_reactor:joined thread
[1.302s] INFO:colcon.colcon_core.shell:Creating prefix script '/root/ros_ws/install/local_setup.ps1'
[1.303s] INFO:colcon.colcon_core.shell:Creating prefix util module '/root/ros_ws/install/_local_setup_util_ps1.py'
[1.304s] INFO:colcon.colcon_core.shell:Creating prefix chain script '/root/ros_ws/install/setup.ps1'
[1.304s] INFO:colcon.colcon_core.shell:Creating prefix script '/root/ros_ws/install/local_setup.sh'
[1.305s] INFO:colcon.colcon_core.shell:Creating prefix util module '/root/ros_ws/install/_local_setup_util_sh.py'
[1.305s] INFO:colcon.colcon_core.shell:Creating prefix chain script '/root/ros_ws/install/setup.sh'
[1.306s] INFO:colcon.colcon_core.shell:Creating prefix script '/root/ros_ws/install/local_setup.bash'
[1.307s] INFO:colcon.colcon_core.shell:Creating prefix chain script '/root/ros_ws/install/setup.bash'
[1.307s] INFO:colcon.colcon_core.shell:Creating prefix script '/root/ros_ws/install/local_setup.zsh'
[1.308s] INFO:colcon.colcon_core.shell:Creating prefix chain script '/root/ros_ws/install/setup.zsh'
